condition,deviceId,computeTier,batteryPercent,linkQuality,sensitivity,chosenLevel,securityRank,combinedScore,keyGenMicros,encapsulateMicros,aesEncryptMicros,decapsulateMicros,aesDecryptMicros,payloadBytes,kyberCiphertextBytes,roundTripCorrect
STATIC_512,dev-1,LOW,15,30,LOW,Kyber-512,1,0.066,64939,138,103,68,37,395,768,true
STATIC_512,dev-1,LOW,15,30,LOW,Kyber-512,1,0.066,64939,135,101,173,66,214,768,true
STATIC_512,dev-1,LOW,15,30,LOW,Kyber-512,1,0.066,64939,100,58,97,44,147,768,true
STATIC_512,dev-1,LOW,15,30,LOW,Kyber-512,1,0.066,64939,73,79,93,46,196,768,true
STATIC_512,dev-1,LOW,15,30,LOW,Kyber-512,1,0.066,64939,73,53,90,46,360,768,true
STATIC_512,dev-1,LOW,15,30,LOW,Kyber-512,1,0.066,64939,70,52,92,62,359,768,true
STATIC_512,dev-1,LOW,15,30,LOW,Kyber-512,1,0.066,64939,73,52,92,46,362,768,true
STATIC_512,dev-1,LOW,15,30,LOW,Kyber-512,1,0.066,64939,71,85,87,51,350,768,true
STATIC_512,dev-1,LOW,15,30,LOW,Kyber-512,1,0.066,64939,67,59,78,45,317,768,true
STATIC_512,dev-1,LOW,15,30,LOW,Kyber-512,1,0.066,64939,53,44,55,55,375,768,true
STATIC_512,dev-1,LOW,15,30,LOW,Kyber-512,1,0.066,64939,123,117,142,41,232,768,true
STATIC_512,dev-1,LOW,15,30,LOW,Kyber-512,1,0.066,64939,64,36,68,106,419,768,true
STATIC_512,dev-1,LOW,15,30,LOW,Kyber-512,1,0.066,64939,50,32,52,35,183,768,true
STATIC_512,dev-1,LOW,15,30,LOW,Kyber-512,1,0.066,64939,42,28,52,34,137,768,true
STATIC_512,dev-1,LOW,15,30,LOW,Kyber-512,1,0.066,64939,60,33,54,26,149,768,true
STATIC_512,dev-1,LOW,15,30,LOW,Kyber-512,1,0.066,64939,41,33,103,115,409,768,true
STATIC_512,dev-1,LOW,15,30,LOW,Kyber-512,1,0.066,64939,85,54,66,29,159,768,true
STATIC_512,dev-1,LOW,15,30,LOW,Kyber-512,1,0.066,64939,43,31,53,26,272,768,true
STATIC_512,dev-1,LOW,15,30,LOW,Kyber-512,1,0.066,64939,42,35,54,51,424,768,true
STATIC_512,dev-1,LOW,15,30,LOW,Kyber-512,1,0.066,64939,123,126,124,73,404,768,true
STATIC_512,dev-1,LOW,15,30,LOW,Kyber-512,1,0.066,64939,88,66,111,59,209,768,true
STATIC_512,dev-1,LOW,15,30,LOW,Kyber-512,1,0.066,64939,86,65,108,56,237,768,true
STATIC_512,dev-1,LOW,15,30,LOW,Kyber-512,1,0.066,64939,87,66,106,57,195,768,true
STATIC_512,dev-1,LOW,15,30,LOW,Kyber-512,1,0.066,64939,109,62,103,50,154,768,true
STATIC_512,dev-1,LOW,15,30,LOW,Kyber-512,1,0.066,64939,80,60,106,81,384,768,true
STATIC_512,dev-1,LOW,15,30,LOW,Kyber-512,1,0.066,64939,82,61,101,50,346,768,true
STATIC_512,dev-1,LOW,15,30,LOW,Kyber-512,1,0.066,64939,78,49,96,44,189,768,true
STATIC_512,dev-1,LOW,15,30,LOW,Kyber-512,1,0.066,64939,79,75,102,50,212,768,true
STATIC_512,dev-1,LOW,15,30,LOW,Kyber-512,1,0.066,64939,83,83,91,50,237,768,true
STATIC_512,dev-1,LOW,15,30,LOW,Kyber-512,1,0.066,64939,50,34,54,26,254,768,true
STATIC_768,dev-1,LOW,15,30,LOW,Kyber-768,2,0.066,2510,65,51,77,82,395,1088,true
STATIC_768,dev-1,LOW,15,30,LOW,Kyber-768,2,0.066,2510,156,81,94,34,214,1088,true
STATIC_768,dev-1,LOW,15,30,LOW,Kyber-768,2,0.066,2510,132,46,80,30,147,1088,true
STATIC_768,dev-1,LOW,15,30,LOW,Kyber-768,2,0.066,2510,64,42,90,127,196,1088,true
STATIC_768,dev-1,LOW,15,30,LOW,Kyber-768,2,0.066,2510,189,249,105,41,360,1088,true
STATIC_768,dev-1,LOW,15,30,LOW,Kyber-768,2,0.066,2510,65,32,71,27,359,1088,true
STATIC_768,dev-1,LOW,15,30,LOW,Kyber-768,2,0.066,2510,58,34,80,28,362,1088,true
STATIC_768,dev-1,LOW,15,30,LOW,Kyber-768,2,0.066,2510,63,31,77,26,350,1088,true
STATIC_768,dev-1,LOW,15,30,LOW,Kyber-768,2,0.066,2510,59,152,96,45,317,1088,true
STATIC_768,dev-1,LOW,15,30,LOW,Kyber-768,2,0.066,2510,68,44,75,36,375,1088,true
STATIC_768,dev-1,LOW,15,30,LOW,Kyber-768,2,0.066,2510,71,35,77,120,232,1088,true
STATIC_768,dev-1,LOW,15,30,LOW,Kyber-768,2,0.066,2510,162,43,76,29,419,1088,true
STATIC_768,dev-1,LOW,15,30,LOW,Kyber-768,2,0.066,2510,64,27,92,26,183,1088,true
STATIC_768,dev-1,LOW,15,30,LOW,Kyber-768,2,0.066,2510,73,31,79,34,137,1088,true
STATIC_768,dev-1,LOW,15,30,LOW,Kyber-768,2,0.066,2510,61,28,142,76,149,1088,true
STATIC_768,dev-1,LOW,15,30,LOW,Kyber-768,2,0.066,2510,154,48,80,27,409,1088,true
STATIC_768,dev-1,LOW,15,30,LOW,Kyber-768,2,0.066,2510,63,46,67,25,159,1088,true
STATIC_768,dev-1,LOW,15,30,LOW,Kyber-768,2,0.066,2510,60,26,69,24,272,1088,true
STATIC_768,dev-1,LOW,15,30,LOW,Kyber-768,2,0.066,2510,55,30,70,27,424,1088,true
STATIC_768,dev-1,LOW,15,30,LOW,Kyber-768,2,0.066,2510,59,31,70,32,404,1088,true
STATIC_768,dev-1,LOW,15,30,LOW,Kyber-768,2,0.066,2510,58,27,72,34,209,1088,true
STATIC_768,dev-1,LOW,15,30,LOW,Kyber-768,2,0.066,2510,56,28,70,24,237,1088,true
STATIC_768,dev-1,LOW,15,30,LOW,Kyber-768,2,0.066,2510,60,28,109,34,195,1088,true
STATIC_768,dev-1,LOW,15,30,LOW,Kyber-768,2,0.066,2510,80,38,82,30,154,1088,true
STATIC_768,dev-1,LOW,15,30,LOW,Kyber-768,2,0.066,2510,64,37,89,33,384,1088,true
STATIC_768,dev-1,LOW,15,30,LOW,Kyber-768,2,0.066,2510,71,39,74,32,346,1088,true
STATIC_768,dev-1,LOW,15,30,LOW,Kyber-768,2,0.066,2510,63,60,82,37,189,1088,true
STATIC_768,dev-1,LOW,15,30,LOW,Kyber-768,2,0.066,2510,69,40,79,31,212,1088,true
STATIC_768,dev-1,LOW,15,30,LOW,Kyber-768,2,0.066,2510,65,33,73,31,237,1088,true
STATIC_768,dev-1,LOW,15,30,LOW,Kyber-768,2,0.066,2510,70,36,101,95,254,1088,true
STATIC_1024,dev-1,LOW,15,30,LOW,Kyber-1024,3,0.066,3245,215,112,200,85,395,1568,true
STATIC_1024,dev-1,LOW,15,30,LOW,Kyber-1024,3,0.066,3245,188,113,410,54,214,1568,true
STATIC_1024,dev-1,LOW,15,30,LOW,Kyber-1024,3,0.066,3245,120,31,101,24,147,1568,true
STATIC_1024,dev-1,LOW,15,30,LOW,Kyber-1024,3,0.066,3245,120,28,224,81,196,1568,true
STATIC_1024,dev-1,LOW,15,30,LOW,Kyber-1024,3,0.066,3245,167,60,182,58,360,1568,true
STATIC_1024,dev-1,LOW,15,30,LOW,Kyber-1024,3,0.066,3245,149,54,193,52,359,1568,true
STATIC_1024,dev-1,LOW,15,30,LOW,Kyber-1024,3,0.066,3245,153,50,171,47,362,1568,true
STATIC_1024,dev-1,LOW,15,30,LOW,Kyber-1024,3,0.066,3245,139,50,199,90,350,1568,true
STATIC_1024,dev-1,LOW,15,30,LOW,Kyber-1024,3,0.066,3245,194,72,271,81,317,1568,true
STATIC_1024,dev-1,LOW,15,30,LOW,Kyber-1024,3,0.066,3245,159,57,179,108,375,1568,true
STATIC_1024,dev-1,LOW,15,30,LOW,Kyber-1024,3,0.066,3245,150,48,224,89,232,1568,true
STATIC_1024,dev-1,LOW,15,30,LOW,Kyber-1024,3,0.066,3245,169,64,182,58,419,1568,true
STATIC_1024,dev-1,LOW,15,30,LOW,Kyber-1024,3,0.066,3245,157,74,185,56,183,1568,true
STATIC_1024,dev-1,LOW,15,30,LOW,Kyber-1024,3,0.066,3245,321,101,248,66,137,1568,true
STATIC_1024,dev-1,LOW,15,30,LOW,Kyber-1024,3,0.066,3245,265,99,200,42,149,1568,true
STATIC_1024,dev-1,LOW,15,30,LOW,Kyber-1024,3,0.066,3245,203,74,259,316,409,1568,true
STATIC_1024,dev-1,LOW,15,30,LOW,Kyber-1024,3,0.066,3245,245,82,329,101,159,1568,true
STATIC_1024,dev-1,LOW,15,30,LOW,Kyber-1024,3,0.066,3245,111,45,130,74,272,1568,true
STATIC_1024,dev-1,LOW,15,30,LOW,Kyber-1024,3,0.066,3245,91,35,109,33,424,1568,true
STATIC_1024,dev-1,LOW,15,30,LOW,Kyber-1024,3,0.066,3245,212,101,236,88,404,1568,true
STATIC_1024,dev-1,LOW,15,30,LOW,Kyber-1024,3,0.066,3245,227,72,189,83,209,1568,true
STATIC_1024,dev-1,LOW,15,30,LOW,Kyber-1024,3,0.066,3245,102,44,105,25,237,1568,true
STATIC_1024,dev-1,LOW,15,30,LOW,Kyber-1024,3,0.066,3245,80,26,194,44,195,1568,true
STATIC_1024,dev-1,LOW,15,30,LOW,Kyber-1024,3,0.066,3245,93,28,100,23,154,1568,true
STATIC_1024,dev-1,LOW,15,30,LOW,Kyber-1024,3,0.066,3245,74,26,108,23,384,1568,true
STATIC_1024,dev-1,LOW,15,30,LOW,Kyber-1024,3,0.066,3245,78,25,114,24,346,1568,true
STATIC_1024,dev-1,LOW,15,30,LOW,Kyber-1024,3,0.066,3245,75,24,90,20,189,1568,true
STATIC_1024,dev-1,LOW,15,30,LOW,Kyber-1024,3,0.066,3245,72,26,110,25,212,1568,true
STATIC_1024,dev-1,LOW,15,30,LOW,Kyber-1024,3,0.066,3245,73,25,97,31,237,1568,true
STATIC_1024,dev-1,LOW,15,30,LOW,Kyber-1024,3,0.066,3245,82,27,137,28,254,1568,true
ADAPTIVE,dev-1,LOW,15,30,LOW,Kyber-512,1,0.066,64939,51,31,74,25,395,768,true
ADAPTIVE,dev-1,LOW,15,30,LOW,Kyber-512,1,0.066,64939,41,25,47,21,214,768,true
ADAPTIVE,dev-1,LOW,15,30,LOW,Kyber-512,1,0.066,64939,34,36,47,21,147,768,true
ADAPTIVE,dev-1,LOW,15,30,LOW,Kyber-512,1,0.066,64939,35,24,47,21,196,768,true
ADAPTIVE,dev-1,LOW,15,30,LOW,Kyber-512,1,0.066,64939,35,30,47,23,360,768,true
ADAPTIVE,dev-1,LOW,15,30,LOW,Kyber-512,1,0.066,64939,36,26,48,22,359,768,true
ADAPTIVE,dev-1,LOW,15,30,LOW,Kyber-512,1,0.066,64939,35,25,46,22,362,768,true
ADAPTIVE,dev-1,LOW,15,30,LOW,Kyber-512,1,0.066,64939,35,24,47,22,350,768,true
ADAPTIVE,dev-1,LOW,15,30,LOW,Kyber-512,1,0.066,64939,35,23,46,22,317,768,true
ADAPTIVE,dev-1,LOW,15,30,LOW,Kyber-512,1,0.066,64939,34,30,47,22,375,768,true
ADAPTIVE,dev-1,LOW,15,30,LOW,Kyber-512,1,0.066,64939,36,25,47,22,232,768,true
ADAPTIVE,dev-1,LOW,15,30,LOW,Kyber-512,1,0.066,64939,35,26,47,23,419,768,true
ADAPTIVE,dev-1,LOW,15,30,LOW,Kyber-512,1,0.066,64939,39,40,59,27,183,768,true
ADAPTIVE,dev-1,LOW,15,30,LOW,Kyber-512,1,0.066,64939,40,50,62,23,137,768,true
ADAPTIVE,dev-1,LOW,15,30,LOW,Kyber-512,1,0.066,64939,38,23,50,25,149,768,true
ADAPTIVE,dev-1,LOW,15,30,LOW,Kyber-512,1,0.066,64939,39,30,51,27,409,768,true
ADAPTIVE,dev-1,LOW,15,30,LOW,Kyber-512,1,0.066,64939,36,23,52,24,159,768,true
ADAPTIVE,dev-1,LOW,15,30,LOW,Kyber-512,1,0.066,64939,36,25,49,23,272,768,true
ADAPTIVE,dev-1,LOW,15,30,LOW,Kyber-512,1,0.066,64939,36,36,58,32,424,768,true
ADAPTIVE,dev-1,LOW,15,30,LOW,Kyber-512,1,0.066,64939,42,34,53,29,404,768,true
ADAPTIVE,dev-1,LOW,15,30,LOW,Kyber-512,1,0.066,64939,38,25,49,26,209,768,true
ADAPTIVE,dev-1,LOW,15,30,LOW,Kyber-512,1,0.066,64939,38,24,82,27,237,768,true
ADAPTIVE,dev-1,LOW,15,30,LOW,Kyber-512,1,0.066,64939,35,23,58,23,195,768,true
ADAPTIVE,dev-1,LOW,15,30,LOW,Kyber-512,1,0.066,64939,41,24,49,21,154,768,true
ADAPTIVE,dev-1,LOW,15,30,LOW,Kyber-512,1,0.066,64939,35,24,48,23,384,768,true
ADAPTIVE,dev-1,LOW,15,30,LOW,Kyber-512,1,0.066,64939,34,24,54,27,346,768,true
ADAPTIVE,dev-1,LOW,15,30,LOW,Kyber-512,1,0.066,64939,38,27,51,30,189,768,true
ADAPTIVE,dev-1,LOW,15,30,LOW,Kyber-512,1,0.066,64939,49,42,53,27,212,768,true
ADAPTIVE,dev-1,LOW,15,30,LOW,Kyber-512,1,0.066,64939,39,25,50,27,237,768,true
ADAPTIVE,dev-1,LOW,15,30,LOW,Kyber-512,1,0.066,64939,39,27,49,24,254,768,true
STATIC_512,dev-2,LOW,55,60,LOW,Kyber-512,1,0.187,64939,148,143,121,68,390,768,true
STATIC_512,dev-2,LOW,55,60,LOW,Kyber-512,1,0.187,64939,82,76,103,57,383,768,true
STATIC_512,dev-2,LOW,55,60,LOW,Kyber-512,1,0.187,64939,76,58,93,46,335,768,true
STATIC_512,dev-2,LOW,55,60,LOW,Kyber-512,1,0.187,64939,68,48,90,44,340,768,true
STATIC_512,dev-2,LOW,55,60,LOW,Kyber-512,1,0.187,64939,78,59,120,59,419,768,true
STATIC_512,dev-2,LOW,55,60,LOW,Kyber-512,1,0.187,64939,77,51,97,55,319,768,true
STATIC_512,dev-2,LOW,55,60,LOW,Kyber-512,1,0.187,64939,152,72,74,34,202,768,true
STATIC_512,dev-2,LOW,55,60,LOW,Kyber-512,1,0.187,64939,53,42,68,44,351,768,true
STATIC_512,dev-2,LOW,55,60,LOW,Kyber-512,1,0.187,64939,115,315,156,86,341,768,true
STATIC_512,dev-2,LOW,55,60,LOW,Kyber-512,1,0.187,64939,89,71,140,81,420,768,true
STATIC_512,dev-2,LOW,55,60,LOW,Kyber-512,1,0.187,64939,90,63,122,55,236,768,true
STATIC_512,dev-2,LOW,55,60,LOW,Kyber-512,1,0.187,64939,73,54,114,43,222,768,true
STATIC_512,dev-2,LOW,55,60,LOW,Kyber-512,1,0.187,64939,70,45,93,45,372,768,true
STATIC_512,dev-2,LOW,55,60,LOW,Kyber-512,1,0.187,64939,67,58,95,42,332,768,true
STATIC_512,dev-2,LOW,55,60,LOW,Kyber-512,1,0.187,64939,64,43,107,46,422,768,true
STATIC_512,dev-2,LOW,55,60,LOW,Kyber-512,1,0.187,64939,72,41,91,39,167,768,true
STATIC_512,dev-2,LOW,55,60,LOW,Kyber-512,1,0.187,64939,67,45,91,40,200,768,true
STATIC_512,dev-2,LOW,55,60,LOW,Kyber-512,1,0.187,64939,64,42,89,42,166,768,true
STATIC_512,dev-2,LOW,55,60,LOW,Kyber-512,1,0.187,64939,87,52,89,48,327,768,true
STATIC_512,dev-2,LOW,55,60,LOW,Kyber-512,1,0.187,64939,74,64,92,144,318,768,true
STATIC_512,dev-2,LOW,55,60,LOW,Kyber-512,1,0.187,64939,176,96,136,58,387,768,true
STATIC_512,dev-2,LOW,55,60,LOW,Kyber-512,1,0.187,64939,73,49,91,40,159,768,true
STATIC_512,dev-2,LOW,55,60,LOW,Kyber-512,1,0.187,64939,64,43,314,73,259,768,true
STATIC_512,dev-2,LOW,55,60,LOW,Kyber-512,1,0.187,64939,74,48,93,43,290,768,true
STATIC_512,dev-2,LOW,55,60,LOW,Kyber-512,1,0.187,64939,170,60,80,43,142,768,true
STATIC_512,dev-2,LOW,55,60,LOW,Kyber-512,1,0.187,64939,42,29,51,24,393,768,true
STATIC_512,dev-2,LOW,55,60,LOW,Kyber-512,1,0.187,64939,34,23,46,20,187,768,true
STATIC_512,dev-2,LOW,55,60,LOW,Kyber-512,1,0.187,64939,33,22,46,21,200,768,true
STATIC_512,dev-2,LOW,55,60,LOW,Kyber-512,1,0.187,64939,34,22,47,21,205,768,true
STATIC_512,dev-2,LOW,55,60,LOW,Kyber-512,1,0.187,64939,36,26,47,82,384,768,true
STATIC_768,dev-2,LOW,55,60,LOW,Kyber-768,2,0.187,2510,59,68,173,91,390,1088,true
STATIC_768,dev-2,LOW,55,60,LOW,Kyber-768,2,0.187,2510,73,37,126,31,383,1088,true
STATIC_768,dev-2,LOW,55,60,LOW,Kyber-768,2,0.187,2510,56,25,67,20,335,1088,true
STATIC_768,dev-2,LOW,55,60,LOW,Kyber-768,2,0.187,2510,50,25,75,21,340,1088,true
STATIC_768,dev-2,LOW,55,60,LOW,Kyber-768,2,0.187,2510,134,30,66,25,419,1088,true
STATIC_768,dev-2,LOW,55,60,LOW,Kyber-768,2,0.187,2510,49,24,66,20,319,1088,true
STATIC_768,dev-2,LOW,55,60,LOW,Kyber-768,2,0.187,2510,49,22,65,20,202,1088,true
STATIC_768,dev-2,LOW,55,60,LOW,Kyber-768,2,0.187,2510,53,24,61,26,351,1088,true
STATIC_768,dev-2,LOW,55,60,LOW,Kyber-768,2,0.187,2510,134,33,70,27,341,1088,true
STATIC_768,dev-2,LOW,55,60,LOW,Kyber-768,2,0.187,2510,56,34,74,34,420,1088,true
STATIC_768,dev-2,LOW,55,60,LOW,Kyber-768,2,0.187,2510,63,35,72,116,236,1088,true
STATIC_768,dev-2,LOW,55,60,LOW,Kyber-768,2,0.187,2510,74,47,82,31,222,1088,true
STATIC_768,dev-2,LOW,55,60,LOW,Kyber-768,2,0.187,2510,54,30,112,91,372,1088,true
STATIC_768,dev-2,LOW,55,60,LOW,Kyber-768,2,0.187,2510,113,112,163,76,332,1088,true
STATIC_768,dev-2,LOW,55,60,LOW,Kyber-768,2,0.187,2510,74,34,214,79,422,1088,true
STATIC_768,dev-2,LOW,55,60,LOW,Kyber-768,2,0.187,2510,118,86,146,51,167,1088,true
STATIC_768,dev-2,LOW,55,60,LOW,Kyber-768,2,0.187,2510,114,54,124,41,200,1088,true
STATIC_768,dev-2,LOW,55,60,LOW,Kyber-768,2,0.187,2510,210,84,147,74,166,1088,true
STATIC_768,dev-2,LOW,55,60,LOW,Kyber-768,2,0.187,2510,110,60,236,62,327,1088,true
STATIC_768,dev-2,LOW,55,60,LOW,Kyber-768,2,0.187,2510,118,57,125,44,318,1088,true
STATIC_768,dev-2,LOW,55,60,LOW,Kyber-768,2,0.187,2510,105,52,124,61,387,1088,true
STATIC_768,dev-2,LOW,55,60,LOW,Kyber-768,2,0.187,2510,99,49,128,43,159,1088,true
STATIC_768,dev-2,LOW,55,60,LOW,Kyber-768,2,0.187,2510,104,47,114,36,259,1088,true
STATIC_768,dev-2,LOW,55,60,LOW,Kyber-768,2,0.187,2510,96,43,127,70,290,1088,true
STATIC_768,dev-2,LOW,55,60,LOW,Kyber-768,2,0.187,2510,104,43,122,38,142,1088,true
STATIC_768,dev-2,LOW,55,60,LOW,Kyber-768,2,0.187,2510,97,41,114,38,393,1088,true
STATIC_768,dev-2,LOW,55,60,LOW,Kyber-768,2,0.187,2510,95,38,121,133,187,1088,true
STATIC_768,dev-2,LOW,55,60,LOW,Kyber-768,2,0.187,2510,117,58,141,46,200,1088,true
STATIC_768,dev-2,LOW,55,60,LOW,Kyber-768,2,0.187,2510,100,48,116,141,205,1088,true
STATIC_768,dev-2,LOW,55,60,LOW,Kyber-768,2,0.187,2510,103,2125,214,243,384,1088,true
STATIC_1024,dev-2,LOW,55,60,LOW,Kyber-1024,3,0.187,3245,211,198,215,81,390,1568,true
STATIC_1024,dev-2,LOW,55,60,LOW,Kyber-1024,3,0.187,3245,168,178,253,101,383,1568,true
STATIC_1024,dev-2,LOW,55,60,LOW,Kyber-1024,3,0.187,3245,192,74,286,72,335,1568,true
STATIC_1024,dev-2,LOW,55,60,LOW,Kyber-1024,3,0.187,3245,280,89,178,63,340,1568,true
STATIC_1024,dev-2,LOW,55,60,LOW,Kyber-1024,3,0.187,3245,137,61,183,46,419,1568,true
STATIC_1024,dev-2,LOW,55,60,LOW,Kyber-1024,3,0.187,3245,160,48,287,80,319,1568,true
STATIC_1024,dev-2,LOW,55,60,LOW,Kyber-1024,3,0.187,3245,137,50,133,24,202,1568,true
STATIC_1024,dev-2,LOW,55,60,LOW,Kyber-1024,3,0.187,3245,91,30,104,24,351,1568,true
STATIC_1024,dev-2,LOW,55,60,LOW,Kyber-1024,3,0.187,3245,82,25,98,20,341,1568,true
STATIC_1024,dev-2,LOW,55,60,LOW,Kyber-1024,3,0.187,3245,74,23,97,25,420,1568,true
STATIC_1024,dev-2,LOW,55,60,LOW,Kyber-1024,3,0.187,3245,73,27,88,19,236,1568,true
STATIC_1024,dev-2,LOW,55,60,LOW,Kyber-1024,3,0.187,3245,73,20,89,20,222,1568,true
STATIC_1024,dev-2,LOW,55,60,LOW,Kyber-1024,3,0.187,3245,76,22,161,25,372,1568,true
STATIC_1024,dev-2,LOW,55,60,LOW,Kyber-1024,3,0.187,3245,74,23,89,20,332,1568,true
STATIC_1024,dev-2,LOW,55,60,LOW,Kyber-1024,3,0.187,3245,75,23,92,23,422,1568,true
STATIC_1024,dev-2,LOW,55,60,LOW,Kyber-1024,3,0.187,3245,75,21,89,17,167,1568,true
STATIC_1024,dev-2,LOW,55,60,LOW,Kyber-1024,3,0.187,3245,76,20,89,17,200,1568,true
STATIC_1024,dev-2,LOW,55,60,LOW,Kyber-1024,3,0.187,3245,72,19,88,16,166,1568,true
STATIC_1024,dev-2,LOW,55,60,LOW,Kyber-1024,3,0.187,3245,72,21,88,19,327,1568,true
STATIC_1024,dev-2,LOW,55,60,LOW,Kyber-1024,3,0.187,3245,76,23,142,22,318,1568,true
STATIC_1024,dev-2,LOW,55,60,LOW,Kyber-1024,3,0.187,3245,76,26,86,24,387,1568,true
STATIC_1024,dev-2,LOW,55,60,LOW,Kyber-1024,3,0.187,3245,69,19,95,19,159,1568,true
STATIC_1024,dev-2,LOW,55,60,LOW,Kyber-1024,3,0.187,3245,100,24,92,22,259,1568,true
STATIC_1024,dev-2,LOW,55,60,LOW,Kyber-1024,3,0.187,3245,185,104,221,115,290,1568,true
STATIC_1024,dev-2,LOW,55,60,LOW,Kyber-1024,3,0.187,3245,165,61,177,142,142,1568,true
STATIC_1024,dev-2,LOW,55,60,LOW,Kyber-1024,3,0.187,3245,211,120,252,62,393,1568,true
STATIC_1024,dev-2,LOW,55,60,LOW,Kyber-1024,3,0.187,3245,208,107,247,57,187,1568,true
STATIC_1024,dev-2,LOW,55,60,LOW,Kyber-1024,3,0.187,3245,131,66,108,23,200,1568,true
STATIC_1024,dev-2,LOW,55,60,LOW,Kyber-1024,3,0.187,3245,80,23,90,18,205,1568,true
STATIC_1024,dev-2,LOW,55,60,LOW,Kyber-1024,3,0.187,3245,91,28,97,20,384,1568,true
ADAPTIVE,dev-2,LOW,55,60,LOW,Kyber-512,1,0.187,64939,43,21,46,18,390,768,true
ADAPTIVE,dev-2,LOW,55,60,LOW,Kyber-512,1,0.187,64939,34,147,122,35,383,768,true
ADAPTIVE,dev-2,LOW,55,60,LOW,Kyber-512,1,0.187,64939,39,24,50,28,335,768,true
ADAPTIVE,dev-2,LOW,55,60,LOW,Kyber-512,1,0.187,64939,34,24,45,16,340,768,true
ADAPTIVE,dev-2,LOW,55,60,LOW,Kyber-512,1,0.187,64939,32,33,45,23,419,768,true
ADAPTIVE,dev-2,LOW,55,60,LOW,Kyber-512,1,0.187,64939,33,18,50,21,319,768,true
ADAPTIVE,dev-2,LOW,55,60,LOW,Kyber-512,1,0.187,64939,40,28,59,29,202,768,true
ADAPTIVE,dev-2,LOW,55,60,LOW,Kyber-512,1,0.187,64939,46,21,45,18,351,768,true
ADAPTIVE,dev-2,LOW,55,60,LOW,Kyber-512,1,0.187,64939,36,19,44,18,341,768,true
ADAPTIVE,dev-2,LOW,55,60,LOW,Kyber-512,1,0.187,64939,33,24,44,17,420,768,true
ADAPTIVE,dev-2,LOW,55,60,LOW,Kyber-512,1,0.187,64939,32,16,44,15,236,768,true
ADAPTIVE,dev-2,LOW,55,60,LOW,Kyber-512,1,0.187,64939,33,18,44,14,222,768,true
ADAPTIVE,dev-2,LOW,55,60,LOW,Kyber-512,1,0.187,64939,36,22,45,24,372,768,true
ADAPTIVE,dev-2,LOW,55,60,LOW,Kyber-512,1,0.187,64939,94,66,62,23,332,768,true
ADAPTIVE,dev-2,LOW,55,60,LOW,Kyber-512,1,0.187,64939,87,36,53,21,422,768,true
ADAPTIVE,dev-2,LOW,55,60,LOW,Kyber-512,1,0.187,64939,36,20,46,21,167,768,true
ADAPTIVE,dev-2,LOW,55,60,LOW,Kyber-512,1,0.187,64939,34,17,46,14,200,768,true
ADAPTIVE,dev-2,LOW,55,60,LOW,Kyber-512,1,0.187,64939,33,17,45,14,166,768,true
ADAPTIVE,dev-2,LOW,55,60,LOW,Kyber-512,1,0.187,64939,34,18,1504,154,327,768,true
ADAPTIVE,dev-2,LOW,55,60,LOW,Kyber-512,1,0.187,64939,107,111,142,68,318,768,true
ADAPTIVE,dev-2,LOW,55,60,LOW,Kyber-512,1,0.187,64939,59,25,53,18,387,768,true
ADAPTIVE,dev-2,LOW,55,60,LOW,Kyber-512,1,0.187,64939,32,17,54,16,159,768,true
ADAPTIVE,dev-2,LOW,55,60,LOW,Kyber-512,1,0.187,64939,36,19,47,16,259,768,true
ADAPTIVE,dev-2,LOW,55,60,LOW,Kyber-512,1,0.187,64939,32,17,44,16,290,768,true
ADAPTIVE,dev-2,LOW,55,60,LOW,Kyber-512,1,0.187,64939,32,15,45,15,142,768,true
ADAPTIVE,dev-2,LOW,55,60,LOW,Kyber-512,1,0.187,64939,32,34,130,173,393,768,true
ADAPTIVE,dev-2,LOW,55,60,LOW,Kyber-512,1,0.187,64939,98,56,103,42,187,768,true
ADAPTIVE,dev-2,LOW,55,60,LOW,Kyber-512,1,0.187,64939,72,42,95,38,200,768,true
ADAPTIVE,dev-2,LOW,55,60,LOW,Kyber-512,1,0.187,64939,71,66,105,50,205,768,true
ADAPTIVE,dev-2,LOW,55,60,LOW,Kyber-512,1,0.187,64939,102,89,73,28,384,768,true
STATIC_512,dev-3,LOW,90,95,LOW,Kyber-512,1,0.303,64939,165,160,134,106,396,768,true
STATIC_512,dev-3,LOW,90,95,LOW,Kyber-512,1,0.303,64939,116,70,116,63,142,768,true
STATIC_512,dev-3,LOW,90,95,LOW,Kyber-512,1,0.303,64939,70,54,129,42,157,768,true
STATIC_512,dev-3,LOW,90,95,LOW,Kyber-512,1,0.303,64939,68,49,93,42,372,768,true
STATIC_512,dev-3,LOW,90,95,LOW,Kyber-512,1,0.303,64939,66,41,119,47,342,768,true
STATIC_512,dev-3,LOW,90,95,LOW,Kyber-512,1,0.303,64939,99,43,98,44,232,768,true
STATIC_512,dev-3,LOW,90,95,LOW,Kyber-512,1,0.303,64939,65,43,91,42,346,768,true
STATIC_512,dev-3,LOW,90,95,LOW,Kyber-512,1,0.303,64939,68,42,94,41,307,768,true
STATIC_512,dev-3,LOW,90,95,LOW,Kyber-512,1,0.303,64939,65,43,102,47,316,768,true
STATIC_512,dev-3,LOW,90,95,LOW,Kyber-512,1,0.303,64939,63,40,91,102,197,768,true
STATIC_512,dev-3,LOW,90,95,LOW,Kyber-512,1,0.303,64939,93,62,104,49,262,768,true
STATIC_512,dev-3,LOW,90,95,LOW,Kyber-512,1,0.303,64939,75,49,96,42,202,768,true
STATIC_512,dev-3,LOW,90,95,LOW,Kyber-512,1,0.303,64939,62,39,89,35,272,768,true
STATIC_512,dev-3,LOW,90,95,LOW,Kyber-512,1,0.303,64939,64,45,91,38,379,768,true
STATIC_512,dev-3,LOW,90,95,LOW,Kyber-512,1,0.303,64939,61,34,109,40,206,768,true
STATIC_512,dev-3,LOW,90,95,LOW,Kyber-512,1,0.303,64939,73,42,149,69,357,768,true
STATIC_512,dev-3,LOW,90,95,LOW,Kyber-512,1,0.303,64939,79,51,99,41,325,768,true
STATIC_512,dev-3,LOW,90,95,LOW,Kyber-512,1,0.303,64939,112,43,109,47,230,768,true
STATIC_512,dev-3,LOW,90,95,LOW,Kyber-512,1,0.303,64939,70,55,68,34,171,768,true
STATIC_512,dev-3,LOW,90,95,LOW,Kyber-512,1,0.303,64939,47,22,93,20,195,768,true
STATIC_512,dev-3,LOW,90,95,LOW,Kyber-512,1,0.303,64939,34,19,49,17,301,768,true
STATIC_512,dev-3,LOW,90,95,LOW,Kyber-512,1,0.303,64939,33,19,47,17,394,768,true
STATIC_512,dev-3,LOW,90,95,LOW,Kyber-512,1,0.303,64939,34,18,46,16,321,768,true
STATIC_512,dev-3,LOW,90,95,LOW,Kyber-512,1,0.303,64939,32,14,43,13,169,768,true
STATIC_512,dev-3,LOW,90,95,LOW,Kyber-512,1,0.303,64939,33,16,108,61,190,768,true
STATIC_512,dev-3,LOW,90,95,LOW,Kyber-512,1,0.303,64939,71,38,90,30,161,768,true
STATIC_512,dev-3,LOW,90,95,LOW,Kyber-512,1,0.303,64939,61,35,81,34,327,768,true
STATIC_512,dev-3,LOW,90,95,LOW,Kyber-512,1,0.303,64939,59,35,79,62,409,768,true
STATIC_512,dev-3,LOW,90,95,LOW,Kyber-512,1,0.303,64939,84,33,82,27,150,768,true
STATIC_512,dev-3,LOW,90,95,LOW,Kyber-512,1,0.303,64939,58,34,80,33,399,768,true
STATIC_768,dev-3,LOW,90,95,LOW,Kyber-768,2,0.303,2510,97,35,115,32,396,1088,true
STATIC_768,dev-3,LOW,90,95,LOW,Kyber-768,2,0.303,2510,95,39,134,72,142,1088,true
STATIC_768,dev-3,LOW,90,95,LOW,Kyber-768,2,0.303,2510,107,47,123,36,157,1088,true
STATIC_768,dev-3,LOW,90,95,LOW,Kyber-768,2,0.303,2510,92,41,130,41,372,1088,true
STATIC_768,dev-3,LOW,90,95,LOW,Kyber-768,2,0.303,2510,106,53,122,65,342,1088,true
STATIC_768,dev-3,LOW,90,95,LOW,Kyber-768,2,0.303,2510,119,52,280,70,232,1088,true
STATIC_768,dev-3,LOW,90,95,LOW,Kyber-768,2,0.303,2510,111,72,133,61,346,1088,true
STATIC_768,dev-3,LOW,90,95,LOW,Kyber-768,2,0.303,2510,102,52,133,38,307,1088,true
STATIC_768,dev-3,LOW,90,95,LOW,Kyber-768,2,0.303,2510,107,35,112,31,316,1088,true
STATIC_768,dev-3,LOW,90,95,LOW,Kyber-768,2,0.303,2510,87,52,119,38,197,1088,true
STATIC_768,dev-3,LOW,90,95,LOW,Kyber-768,2,0.303,2510,96,43,138,44,262,1088,true
STATIC_768,dev-3,LOW,90,95,LOW,Kyber-768,2,0.303,2510,105,43,128,55,202,1088,true
STATIC_768,dev-3,LOW,90,95,LOW,Kyber-768,2,0.303,2510,94,39,2357,135,272,1088,true
STATIC_768,dev-3,LOW,90,95,LOW,Kyber-768,2,0.303,2510,136,70,128,36,379,1088,true
STATIC_768,dev-3,LOW,90,95,LOW,Kyber-768,2,0.303,2510,93,37,111,30,206,1088,true
STATIC_768,dev-3,LOW,90,95,LOW,Kyber-768,2,0.303,2510,111,64,76,42,357,1088,true
STATIC_768,dev-3,LOW,90,95,LOW,Kyber-768,2,0.303,2510,52,22,60,15,325,1088,true
STATIC_768,dev-3,LOW,90,95,LOW,Kyber-768,2,0.303,2510,47,16,59,13,230,1088,true
STATIC_768,dev-3,LOW,90,95,LOW,Kyber-768,2,0.303,2510,47,13,58,12,171,1088,true
STATIC_768,dev-3,LOW,90,95,LOW,Kyber-768,2,0.303,2510,47,15,56,23,195,1088,true
STATIC_768,dev-3,LOW,90,95,LOW,Kyber-768,2,0.303,2510,46,14,56,24,301,1088,true
STATIC_768,dev-3,LOW,90,95,LOW,Kyber-768,2,0.303,2510,45,15,56,14,394,1088,true
STATIC_768,dev-3,LOW,90,95,LOW,Kyber-768,2,0.303,2510,45,15,57,16,321,1088,true
STATIC_768,dev-3,LOW,90,95,LOW,Kyber-768,2,0.303,2510,45,16,57,12,169,1088,true
STATIC_768,dev-3,LOW,90,95,LOW,Kyber-768,2,0.303,2510,57,14,69,14,190,1088,true
STATIC_768,dev-3,LOW,90,95,LOW,Kyber-768,2,0.303,2510,54,13,64,11,161,1088,true
STATIC_768,dev-3,LOW,90,95,LOW,Kyber-768,2,0.303,2510,49,17,75,16,327,1088,true
STATIC_768,dev-3,LOW,90,95,LOW,Kyber-768,2,0.303,2510,50,19,61,14,409,1088,true
STATIC_768,dev-3,LOW,90,95,LOW,Kyber-768,2,0.303,2510,54,15,66,12,150,1088,true
STATIC_768,dev-3,LOW,90,95,LOW,Kyber-768,2,0.303,2510,52,27,70,20,399,1088,true
STATIC_1024,dev-3,LOW,90,95,LOW,Kyber-1024,3,0.303,3245,88,23,101,24,396,1568,true
STATIC_1024,dev-3,LOW,90,95,LOW,Kyber-1024,3,0.303,3245,84,31,128,54,142,1568,true
STATIC_1024,dev-3,LOW,90,95,LOW,Kyber-1024,3,0.303,3245,95,20,99,14,157,1568,true
STATIC_1024,dev-3,LOW,90,95,LOW,Kyber-1024,3,0.303,3245,75,17,92,15,372,1568,true
STATIC_1024,dev-3,LOW,90,95,LOW,Kyber-1024,3,0.303,3245,70,18,83,13,342,1568,true
STATIC_1024,dev-3,LOW,90,95,LOW,Kyber-1024,3,0.303,3245,89,17,95,14,232,1568,true
STATIC_1024,dev-3,LOW,90,95,LOW,Kyber-1024,3,0.303,3245,70,35,85,24,346,1568,true
STATIC_1024,dev-3,LOW,90,95,LOW,Kyber-1024,3,0.303,3245,72,16,85,14,307,1568,true
STATIC_1024,dev-3,LOW,90,95,LOW,Kyber-1024,3,0.303,3245,68,22,84,17,316,1568,true
STATIC_1024,dev-3,LOW,90,95,LOW,Kyber-1024,3,0.303,3245,72,14,85,11,197,1568,true
STATIC_1024,dev-3,LOW,90,95,LOW,Kyber-1024,3,0.303,3245,65,13,79,13,262,1568,true
STATIC_1024,dev-3,LOW,90,95,LOW,Kyber-1024,3,0.303,3245,65,30,78,16,202,1568,true
STATIC_1024,dev-3,LOW,90,95,LOW,Kyber-1024,3,0.303,3245,67,14,79,11,272,1568,true
STATIC_1024,dev-3,LOW,90,95,LOW,Kyber-1024,3,0.303,3245,81,17,79,15,379,1568,true
STATIC_1024,dev-3,LOW,90,95,LOW,Kyber-1024,3,0.303,3245,66,12,80,10,206,1568,true
STATIC_1024,dev-3,LOW,90,95,LOW,Kyber-1024,3,0.303,3245,66,13,79,13,357,1568,true
STATIC_1024,dev-3,LOW,90,95,LOW,Kyber-1024,3,0.303,3245,67,15,80,13,325,1568,true
STATIC_1024,dev-3,LOW,90,95,LOW,Kyber-1024,3,0.303,3245,65,13,80,11,230,1568,true
STATIC_1024,dev-3,LOW,90,95,LOW,Kyber-1024,3,0.303,3245,65,12,79,13,171,1568,true
STATIC_1024,dev-3,LOW,90,95,LOW,Kyber-1024,3,0.303,3245,65,13,87,12,195,1568,true
STATIC_1024,dev-3,LOW,90,95,LOW,Kyber-1024,3,0.303,3245,65,14,79,14,301,1568,true
STATIC_1024,dev-3,LOW,90,95,LOW,Kyber-1024,3,0.303,3245,66,15,92,17,394,1568,true
STATIC_1024,dev-3,LOW,90,95,LOW,Kyber-1024,3,0.303,3245,65,14,79,13,321,1568,true
STATIC_1024,dev-3,LOW,90,95,LOW,Kyber-1024,3,0.303,3245,64,12,78,10,169,1568,true
STATIC_1024,dev-3,LOW,90,95,LOW,Kyber-1024,3,0.303,3245,64,13,79,12,190,1568,true
STATIC_1024,dev-3,LOW,90,95,LOW,Kyber-1024,3,0.303,3245,66,13,78,11,161,1568,true
STATIC_1024,dev-3,LOW,90,95,LOW,Kyber-1024,3,0.303,3245,65,14,79,13,327,1568,true
STATIC_1024,dev-3,LOW,90,95,LOW,Kyber-1024,3,0.303,3245,65,15,77,12,409,1568,true
STATIC_1024,dev-3,LOW,90,95,LOW,Kyber-1024,3,0.303,3245,65,12,79,10,150,1568,true
STATIC_1024,dev-3,LOW,90,95,LOW,Kyber-1024,3,0.303,3245,65,15,79,14,399,1568,true
ADAPTIVE,dev-3,LOW,90,95,LOW,Kyber-512,1,0.303,64939,36,15,445,53,396,768,true
ADAPTIVE,dev-3,LOW,90,95,LOW,Kyber-512,1,0.303,64939,47,63,71,28,142,768,true
ADAPTIVE,dev-3,LOW,90,95,LOW,Kyber-512,1,0.303,64939,37,88,896,183,157,768,true
ADAPTIVE,dev-3,LOW,90,95,LOW,Kyber-512,1,0.303,64939,898,90,60,23,372,768,true
ADAPTIVE,dev-3,LOW,90,95,LOW,Kyber-512,1,0.303,64939,37,18,60,17,342,768,true
ADAPTIVE,dev-3,LOW,90,95,LOW,Kyber-512,1,0.303,64939,33,13,48,14,232,768,true
ADAPTIVE,dev-3,LOW,90,95,LOW,Kyber-512,1,0.303,64939,31,14,40,14,346,768,true
ADAPTIVE,dev-3,LOW,90,95,LOW,Kyber-512,1,0.303,64939,31,28,74,15,307,768,true
ADAPTIVE,dev-3,LOW,90,95,LOW,Kyber-512,1,0.303,64939,30,15,40,13,316,768,true
ADAPTIVE,dev-3,LOW,90,95,LOW,Kyber-512,1,0.303,64939,30,13,38,21,197,768,true
ADAPTIVE,dev-3,LOW,90,95,LOW,Kyber-512,1,0.303,64939,30,13,38,12,262,768,true
ADAPTIVE,dev-3,LOW,90,95,LOW,Kyber-512,1,0.303,64939,38,13,48,14,202,768,true
ADAPTIVE,dev-3,LOW,90,95,LOW,Kyber-512,1,0.303,64939,37,17,45,18,272,768,true
ADAPTIVE,dev-3,LOW,90,95,LOW,Kyber-512,1,0.303,64939,40,15,39,13,379,768,true
ADAPTIVE,dev-3,LOW,90,95,LOW,Kyber-512,1,0.303,64939,38,14,39,11,206,768,true
ADAPTIVE,dev-3,LOW,90,95,LOW,Kyber-512,1,0.303,64939,32,15,40,14,357,768,true
ADAPTIVE,dev-3,LOW,90,95,LOW,Kyber-512,1,0.303,64939,30,14,38,13,325,768,true
ADAPTIVE,dev-3,LOW,90,95,LOW,Kyber-512,1,0.303,64939,32,24,41,12,230,768,true
ADAPTIVE,dev-3,LOW,90,95,LOW,Kyber-512,1,0.303,64939,30,12,38,14,171,768,true
ADAPTIVE,dev-3,LOW,90,95,LOW,Kyber-512,1,0.303,64939,60,50,163,75,195,768,true
ADAPTIVE,dev-3,LOW,90,95,LOW,Kyber-512,1,0.303,64939,131,64,97,43,301,768,true
ADAPTIVE,dev-3,LOW,90,95,LOW,Kyber-512,1,0.303,64939,70,56,278,71,394,768,true
ADAPTIVE,dev-3,LOW,90,95,LOW,Kyber-512,1,0.303,64939,76,39,86,37,321,768,true
ADAPTIVE,dev-3,LOW,90,95,LOW,Kyber-512,1,0.303,64939,62,26,77,21,169,768,true
ADAPTIVE,dev-3,LOW,90,95,LOW,Kyber-512,1,0.303,64939,60,29,127,47,190,768,true
ADAPTIVE,dev-3,LOW,90,95,LOW,Kyber-512,1,0.303,64939,79,102,99,34,161,768,true
ADAPTIVE,dev-3,LOW,90,95,LOW,Kyber-512,1,0.303,64939,77,48,83,29,327,768,true
ADAPTIVE,dev-3,LOW,90,95,LOW,Kyber-512,1,0.303,64939,61,27,79,28,409,768,true
ADAPTIVE,dev-3,LOW,90,95,LOW,Kyber-512,1,0.303,64939,59,20,83,21,150,768,true
ADAPTIVE,dev-3,LOW,90,95,LOW,Kyber-512,1,0.303,64939,62,28,82,35,399,768,true
STATIC_512,dev-4,LOW,15,30,MEDIUM,Kyber-512,1,0.291,64939,143,109,322,162,420,768,true
STATIC_512,dev-4,LOW,15,30,MEDIUM,Kyber-512,1,0.291,64939,151,66,100,48,291,768,true
STATIC_512,dev-4,LOW,15,30,MEDIUM,Kyber-512,1,0.291,64939,71,36,95,30,185,768,true
STATIC_512,dev-4,LOW,15,30,MEDIUM,Kyber-512,1,0.291,64939,64,32,83,268,406,768,true
STATIC_512,dev-4,LOW,15,30,MEDIUM,Kyber-512,1,0.291,64939,75,35,84,23,374,768,true
STATIC_512,dev-4,LOW,15,30,MEDIUM,Kyber-512,1,0.291,64939,57,19,72,18,256,768,true
STATIC_512,dev-4,LOW,15,30,MEDIUM,Kyber-512,1,0.291,64939,56,20,79,18,213,768,true
STATIC_512,dev-4,LOW,15,30,MEDIUM,Kyber-512,1,0.291,64939,64,23,86,21,287,768,true
STATIC_512,dev-4,LOW,15,30,MEDIUM,Kyber-512,1,0.291,64939,59,22,72,39,308,768,true
STATIC_512,dev-4,LOW,15,30,MEDIUM,Kyber-512,1,0.291,64939,58,23,607,71,285,768,true
STATIC_512,dev-4,LOW,15,30,MEDIUM,Kyber-512,1,0.291,64939,89,58,97,36,268,768,true
STATIC_512,dev-4,LOW,15,30,MEDIUM,Kyber-512,1,0.291,64939,70,47,71,126,237,768,true
STATIC_512,dev-4,LOW,15,30,MEDIUM,Kyber-512,1,0.291,64939,128,40,47,14,251,768,true
STATIC_512,dev-4,LOW,15,30,MEDIUM,Kyber-512,1,0.291,64939,35,11,39,11,130,768,true
STATIC_512,dev-4,LOW,15,30,MEDIUM,Kyber-512,1,0.291,64939,47,12,40,11,172,768,true
STATIC_512,dev-4,LOW,15,30,MEDIUM,Kyber-512,1,0.291,64939,32,11,39,10,188,768,true
STATIC_512,dev-4,LOW,15,30,MEDIUM,Kyber-512,1,0.291,64939,30,11,38,11,263,768,true
STATIC_512,dev-4,LOW,15,30,MEDIUM,Kyber-512,1,0.291,64939,30,10,39,11,130,768,true
STATIC_512,dev-4,LOW,15,30,MEDIUM,Kyber-512,1,0.291,64939,30,10,42,11,167,768,true
STATIC_512,dev-4,LOW,15,30,MEDIUM,Kyber-512,1,0.291,64939,29,12,39,12,378,768,true
STATIC_512,dev-4,LOW,15,30,MEDIUM,Kyber-512,1,0.291,64939,33,14,42,13,264,768,true
STATIC_512,dev-4,LOW,15,30,MEDIUM,Kyber-512,1,0.291,64939,59,18,41,19,385,768,true
STATIC_512,dev-4,LOW,15,30,MEDIUM,Kyber-512,1,0.291,64939,31,11,38,11,224,768,true
STATIC_512,dev-4,LOW,15,30,MEDIUM,Kyber-512,1,0.291,64939,30,11,40,125,154,768,true
STATIC_512,dev-4,LOW,15,30,MEDIUM,Kyber-512,1,0.291,64939,53,26,52,23,408,768,true
STATIC_512,dev-4,LOW,15,30,MEDIUM,Kyber-512,1,0.291,64939,36,46,46,17,337,768,true
STATIC_512,dev-4,LOW,15,30,MEDIUM,Kyber-512,1,0.291,64939,34,51,45,20,353,768,true
STATIC_512,dev-4,LOW,15,30,MEDIUM,Kyber-512,1,0.291,64939,35,14,58,15,128,768,true
STATIC_512,dev-4,LOW,15,30,MEDIUM,Kyber-512,1,0.291,64939,37,16,41,13,378,768,true
STATIC_512,dev-4,LOW,15,30,MEDIUM,Kyber-512,1,0.291,64939,35,14,68,14,355,768,true
STATIC_768,dev-4,LOW,15,30,MEDIUM,Kyber-768,2,0.291,2510,61,19,66,16,420,1088,true
STATIC_768,dev-4,LOW,15,30,MEDIUM,Kyber-768,2,0.291,2510,74,17,62,16,291,1088,true
STATIC_768,dev-4,LOW,15,30,MEDIUM,Kyber-768,2,0.291,2510,51,13,58,12,185,1088,true
STATIC_768,dev-4,LOW,15,30,MEDIUM,Kyber-768,2,0.291,2510,1842,81,164,27,406,1088,true
STATIC_768,dev-4,LOW,15,30,MEDIUM,Kyber-768,2,0.291,2510,54,13,227,63,374,1088,true
STATIC_768,dev-4,LOW,15,30,MEDIUM,Kyber-768,2,0.291,2510,129,38,124,33,256,1088,true
STATIC_768,dev-4,LOW,15,30,MEDIUM,Kyber-768,2,0.291,2510,91,30,112,26,213,1088,true
STATIC_768,dev-4,LOW,15,30,MEDIUM,Kyber-768,2,0.291,2510,106,30,120,47,287,1088,true
STATIC_768,dev-4,LOW,15,30,MEDIUM,Kyber-768,2,0.291,2510,90,30,114,29,308,1088,true
STATIC_768,dev-4,LOW,15,30,MEDIUM,Kyber-768,2,0.291,2510,92,29,496,45,285,1088,true
STATIC_768,dev-4,LOW,15,30,MEDIUM,Kyber-768,2,0.291,2510,58,15,208,75,268,1088,true
STATIC_768,dev-4,LOW,15,30,MEDIUM,Kyber-768,2,0.291,2510,154,50,134,41,237,1088,true
STATIC_768,dev-4,LOW,15,30,MEDIUM,Kyber-768,2,0.291,2510,96,32,116,41,251,1088,true
STATIC_768,dev-4,LOW,15,30,MEDIUM,Kyber-768,2,0.291,2510,93,25,114,27,130,1088,true
STATIC_768,dev-4,LOW,15,30,MEDIUM,Kyber-768,2,0.291,2510,94,25,113,131,172,1088,true
STATIC_768,dev-4,LOW,15,30,MEDIUM,Kyber-768,2,0.291,2510,127,48,130,30,188,1088,true
STATIC_768,dev-4,LOW,15,30,MEDIUM,Kyber-768,2,0.291,2510,93,62,96,23,263,1088,true
STATIC_768,dev-4,LOW,15,30,MEDIUM,Kyber-768,2,0.291,2510,106,37,119,27,130,1088,true
STATIC_768,dev-4,LOW,15,30,MEDIUM,Kyber-768,2,0.291,2510,99,27,115,91,167,1088,true
STATIC_768,dev-4,LOW,15,30,MEDIUM,Kyber-768,2,0.291,2510,95,41,112,27,378,1088,true
STATIC_768,dev-4,LOW,15,30,MEDIUM,Kyber-768,2,0.291,2510,87,28,110,26,264,1088,true
STATIC_768,dev-4,LOW,15,30,MEDIUM,Kyber-768,2,0.291,2510,88,34,113,28,385,1088,true
STATIC_768,dev-4,LOW,15,30,MEDIUM,Kyber-768,2,0.291,2510,88,27,108,21,224,1088,true
STATIC_768,dev-4,LOW,15,30,MEDIUM,Kyber-768,2,0.291,2510,114,29,110,26,154,1088,true
STATIC_768,dev-4,LOW,15,30,MEDIUM,Kyber-768,2,0.291,2510,92,30,112,30,408,1088,true
STATIC_768,dev-4,LOW,15,30,MEDIUM,Kyber-768,2,0.291,2510,88,32,113,28,337,1088,true
STATIC_768,dev-4,LOW,15,30,MEDIUM,Kyber-768,2,0.291,2510,89,27,111,26,353,1088,true
STATIC_768,dev-4,LOW,15,30,MEDIUM,Kyber-768,2,0.291,2510,95,25,109,20,128,1088,true
STATIC_768,dev-4,LOW,15,30,MEDIUM,Kyber-768,2,0.291,2510,86,27,109,34,378,1088,true
STATIC_768,dev-4,LOW,15,30,MEDIUM,Kyber-768,2,0.291,2510,117,43,117,32,355,1088,true
STATIC_1024,dev-4,LOW,15,30,MEDIUM,Kyber-1024,3,0.291,3245,139,52,157,30,420,1568,true
STATIC_1024,dev-4,LOW,15,30,MEDIUM,Kyber-1024,3,0.291,3245,110,64,180,36,291,1568,true
STATIC_1024,dev-4,LOW,15,30,MEDIUM,Kyber-1024,3,0.291,3245,137,29,164,27,185,1568,true
STATIC_1024,dev-4,LOW,15,30,MEDIUM,Kyber-1024,3,0.291,3245,128,36,157,32,406,1568,true
STATIC_1024,dev-4,LOW,15,30,MEDIUM,Kyber-1024,3,0.291,3245,131,32,159,33,374,1568,true
STATIC_1024,dev-4,LOW,15,30,MEDIUM,Kyber-1024,3,0.291,3245,159,40,182,32,256,1568,true
STATIC_1024,dev-4,LOW,15,30,MEDIUM,Kyber-1024,3,0.291,3245,130,32,201,34,213,1568,true
STATIC_1024,dev-4,LOW,15,30,MEDIUM,Kyber-1024,3,0.291,3245,140,31,152,27,287,1568,true
STATIC_1024,dev-4,LOW,15,30,MEDIUM,Kyber-1024,3,0.291,3245,121,29,147,23,308,1568,true
STATIC_1024,dev-4,LOW,15,30,MEDIUM,Kyber-1024,3,0.291,3245,118,22,151,25,285,1568,true
STATIC_1024,dev-4,LOW,15,30,MEDIUM,Kyber-1024,3,0.291,3245,125,28,150,23,268,1568,true
STATIC_1024,dev-4,LOW,15,30,MEDIUM,Kyber-1024,3,0.291,3245,131,94,151,29,237,1568,true
STATIC_1024,dev-4,LOW,15,30,MEDIUM,Kyber-1024,3,0.291,3245,126,30,153,22,251,1568,true
STATIC_1024,dev-4,LOW,15,30,MEDIUM,Kyber-1024,3,0.291,3245,121,19,147,19,130,1568,true
STATIC_1024,dev-4,LOW,15,30,MEDIUM,Kyber-1024,3,0.291,3245,119,40,149,22,172,1568,true
STATIC_1024,dev-4,LOW,15,30,MEDIUM,Kyber-1024,3,0.291,3245,126,39,99,13,188,1568,true
STATIC_1024,dev-4,LOW,15,30,MEDIUM,Kyber-1024,3,0.291,3245,70,16,89,11,263,1568,true
STATIC_1024,dev-4,LOW,15,30,MEDIUM,Kyber-1024,3,0.291,3245,65,24,79,12,130,1568,true
STATIC_1024,dev-4,LOW,15,30,MEDIUM,Kyber-1024,3,0.291,3245,63,9,76,9,167,1568,true
STATIC_1024,dev-4,LOW,15,30,MEDIUM,Kyber-1024,3,0.291,3245,62,17,89,12,378,1568,true
STATIC_1024,dev-4,LOW,15,30,MEDIUM,Kyber-1024,3,0.291,3245,65,11,77,11,264,1568,true
STATIC_1024,dev-4,LOW,15,30,MEDIUM,Kyber-1024,3,0.291,3245,65,14,78,14,385,1568,true
STATIC_1024,dev-4,LOW,15,30,MEDIUM,Kyber-1024,3,0.291,3245,191,37,106,13,224,1568,true
STATIC_1024,dev-4,LOW,15,30,MEDIUM,Kyber-1024,3,0.291,3245,73,12,91,8,154,1568,true
STATIC_1024,dev-4,LOW,15,30,MEDIUM,Kyber-1024,3,0.291,3245,63,14,77,10,408,1568,true
STATIC_1024,dev-4,LOW,15,30,MEDIUM,Kyber-1024,3,0.291,3245,293,23,86,12,337,1568,true
STATIC_1024,dev-4,LOW,15,30,MEDIUM,Kyber-1024,3,0.291,3245,65,14,78,10,353,1568,true
STATIC_1024,dev-4,LOW,15,30,MEDIUM,Kyber-1024,3,0.291,3245,67,9,78,8,128,1568,true
STATIC_1024,dev-4,LOW,15,30,MEDIUM,Kyber-1024,3,0.291,3245,66,55,111,17,378,1568,true
STATIC_1024,dev-4,LOW,15,30,MEDIUM,Kyber-1024,3,0.291,3245,580,49,220,142,355,1568,true
ADAPTIVE,dev-4,LOW,15,30,MEDIUM,Kyber-512,1,0.291,64939,87,49,92,40,420,768,true
ADAPTIVE,dev-4,LOW,15,30,MEDIUM,Kyber-512,1,0.291,64939,63,27,78,24,291,768,true
ADAPTIVE,dev-4,LOW,15,30,MEDIUM,Kyber-512,1,0.291,64939,58,22,76,20,185,768,true
ADAPTIVE,dev-4,LOW,15,30,MEDIUM,Kyber-512,1,0.291,64939,58,30,78,93,406,768,true
ADAPTIVE,dev-4,LOW,15,30,MEDIUM,Kyber-512,1,0.291,64939,65,30,71,23,374,768,true
ADAPTIVE,dev-4,LOW,15,30,MEDIUM,Kyber-512,1,0.291,64939,55,20,70,19,256,768,true
ADAPTIVE,dev-4,LOW,15,30,MEDIUM,Kyber-512,1,0.291,64939,55,23,89,22,213,768,true
ADAPTIVE,dev-4,LOW,15,30,MEDIUM,Kyber-512,1,0.291,64939,58,25,74,29,287,768,true
ADAPTIVE,dev-4,LOW,15,30,MEDIUM,Kyber-512,1,0.291,64939,66,24,73,23,308,768,true
ADAPTIVE,dev-4,LOW,15,30,MEDIUM,Kyber-512,1,0.291,64939,60,28,105,45,285,768,true
ADAPTIVE,dev-4,LOW,15,30,MEDIUM,Kyber-512,1,0.291,64939,66,30,78,24,268,768,true
ADAPTIVE,dev-4,LOW,15,30,MEDIUM,Kyber-512,1,0.291,64939,56,27,76,21,237,768,true
ADAPTIVE,dev-4,LOW,15,30,MEDIUM,Kyber-512,1,0.291,64939,55,23,95,22,251,768,true
ADAPTIVE,dev-4,LOW,15,30,MEDIUM,Kyber-512,1,0.291,64939,56,19,72,21,130,768,true
ADAPTIVE,dev-4,LOW,15,30,MEDIUM,Kyber-512,1,0.291,64939,61,25,88,22,172,768,true
ADAPTIVE,dev-4,LOW,15,30,MEDIUM,Kyber-512,1,0.291,64939,57,21,176,29,188,768,true
ADAPTIVE,dev-4,LOW,15,30,MEDIUM,Kyber-512,1,0.291,64939,61,46,78,25,263,768,true
ADAPTIVE,dev-4,LOW,15,30,MEDIUM,Kyber-512,1,0.291,64939,59,23,98,22,130,768,true
ADAPTIVE,dev-4,LOW,15,30,MEDIUM,Kyber-512,1,0.291,64939,72,27,84,48,167,768,true
ADAPTIVE,dev-4,LOW,15,30,MEDIUM,Kyber-512,1,0.291,64939,63,29,70,24,378,768,true
ADAPTIVE,dev-4,LOW,15,30,MEDIUM,Kyber-512,1,0.291,64939,57,21,70,20,264,768,true
ADAPTIVE,dev-4,LOW,15,30,MEDIUM,Kyber-512,1,0.291,64939,55,23,70,25,385,768,true
ADAPTIVE,dev-4,LOW,15,30,MEDIUM,Kyber-512,1,0.291,64939,58,78,99,34,224,768,true
ADAPTIVE,dev-4,LOW,15,30,MEDIUM,Kyber-512,1,0.291,64939,68,26,73,19,154,768,true
ADAPTIVE,dev-4,LOW,15,30,MEDIUM,Kyber-512,1,0.291,64939,195,44,76,16,408,768,true
ADAPTIVE,dev-4,LOW,15,30,MEDIUM,Kyber-512,1,0.291,64939,33,11,35,9,337,768,true
ADAPTIVE,dev-4,LOW,15,30,MEDIUM,Kyber-512,1,0.291,64939,29,58,38,10,353,768,true
ADAPTIVE,dev-4,LOW,15,30,MEDIUM,Kyber-512,1,0.291,64939,30,9,36,30,128,768,true
ADAPTIVE,dev-4,LOW,15,30,MEDIUM,Kyber-512,1,0.291,64939,32,15,36,20,378,768,true
ADAPTIVE,dev-4,LOW,15,30,MEDIUM,Kyber-512,1,0.291,64939,30,14,53,12,355,768,true
STATIC_512,dev-5,LOW,55,60,MEDIUM,Kyber-512,1,0.412,64939,114,76,83,33,412,768,true
STATIC_512,dev-5,LOW,55,60,MEDIUM,Kyber-512,1,0.412,64939,60,23,68,19,348,768,true
STATIC_512,dev-5,LOW,55,60,MEDIUM,Kyber-512,1,0.412,64939,55,18,89,17,130,768,true
STATIC_512,dev-5,LOW,55,60,MEDIUM,Kyber-512,1,0.412,64939,55,18,65,15,233,768,true
STATIC_512,dev-5,LOW,55,60,MEDIUM,Kyber-512,1,0.412,64939,53,31,93,39,319,768,true
STATIC_512,dev-5,LOW,55,60,MEDIUM,Kyber-512,1,0.412,64939,44,12,37,7,132,768,true
STATIC_512,dev-5,LOW,55,60,MEDIUM,Kyber-512,1,0.412,64939,47,13,35,6,136,768,true
STATIC_512,dev-5,LOW,55,60,MEDIUM,Kyber-512,1,0.412,64939,28,8,34,6,171,768,true
STATIC_512,dev-5,LOW,55,60,MEDIUM,Kyber-512,1,0.412,64939,28,8,33,7,178,768,true
STATIC_512,dev-5,LOW,55,60,MEDIUM,Kyber-512,1,0.412,64939,28,16,34,8,294,768,true
STATIC_512,dev-5,LOW,55,60,MEDIUM,Kyber-512,1,0.412,64939,28,8,34,6,160,768,true
STATIC_512,dev-5,LOW,55,60,MEDIUM,Kyber-512,1,0.412,64939,28,15,34,10,338,768,true
STATIC_512,dev-5,LOW,55,60,MEDIUM,Kyber-512,1,0.412,64939,29,75,49,11,177,768,true
STATIC_512,dev-5,LOW,55,60,MEDIUM,Kyber-512,1,0.412,64939,34,11,35,8,314,768,true
STATIC_512,dev-5,LOW,55,60,MEDIUM,Kyber-512,1,0.412,64939,29,8,34,7,182,768,true
STATIC_512,dev-5,LOW,55,60,MEDIUM,Kyber-512,1,0.412,64939,28,11,34,11,394,768,true
STATIC_512,dev-5,LOW,55,60,MEDIUM,Kyber-512,1,0.412,64939,29,8,34,6,130,768,true
STATIC_512,dev-5,LOW,55,60,MEDIUM,Kyber-512,1,0.412,64939,29,8,34,7,177,768,true
STATIC_512,dev-5,LOW,55,60,MEDIUM,Kyber-512,1,0.412,64939,29,8,34,8,169,768,true
STATIC_512,dev-5,LOW,55,60,MEDIUM,Kyber-512,1,0.412,64939,28,11,34,9,363,768,true
STATIC_512,dev-5,LOW,55,60,MEDIUM,Kyber-512,1,0.412,64939,29,9,34,7,235,768,true
STATIC_512,dev-5,LOW,55,60,MEDIUM,Kyber-512,1,0.412,64939,29,8,34,6,161,768,true
STATIC_512,dev-5,LOW,55,60,MEDIUM,Kyber-512,1,0.412,64939,28,9,92,30,172,768,true
STATIC_512,dev-5,LOW,55,60,MEDIUM,Kyber-512,1,0.412,64939,65,12,39,7,145,768,true
STATIC_512,dev-5,LOW,55,60,MEDIUM,Kyber-512,1,0.412,64939,30,10,35,8,289,768,true
STATIC_512,dev-5,LOW,55,60,MEDIUM,Kyber-512,1,0.412,64939,29,11,34,9,421,768,true
STATIC_512,dev-5,LOW,55,60,MEDIUM,Kyber-512,1,0.412,64939,29,8,33,6,143,768,true
STATIC_512,dev-5,LOW,55,60,MEDIUM,Kyber-512,1,0.412,64939,29,10,34,8,321,768,true
STATIC_512,dev-5,LOW,55,60,MEDIUM,Kyber-512,1,0.412,64939,28,9,34,8,209,768,true
STATIC_512,dev-5,LOW,55,60,MEDIUM,Kyber-512,1,0.412,64939,28,10,34,8,332,768,true
STATIC_768,dev-5,LOW,55,60,MEDIUM,Kyber-768,2,0.412,2510,49,11,55,10,412,1088,true
STATIC_768,dev-5,LOW,55,60,MEDIUM,Kyber-768,2,0.412,2510,44,11,53,9,348,1088,true
STATIC_768,dev-5,LOW,55,60,MEDIUM,Kyber-768,2,0.412,2510,43,9,52,6,130,1088,true
STATIC_768,dev-5,LOW,55,60,MEDIUM,Kyber-768,2,0.412,2510,43,9,51,7,233,1088,true
STATIC_768,dev-5,LOW,55,60,MEDIUM,Kyber-768,2,0.412,2510,44,10,52,10,319,1088,true
STATIC_768,dev-5,LOW,55,60,MEDIUM,Kyber-768,2,0.412,2510,43,9,52,7,132,1088,true
STATIC_768,dev-5,LOW,55,60,MEDIUM,Kyber-768,2,0.412,2510,44,10,54,7,136,1088,true
STATIC_768,dev-5,LOW,55,60,MEDIUM,Kyber-768,2,0.412,2510,43,10,53,7,171,1088,true
STATIC_768,dev-5,LOW,55,60,MEDIUM,Kyber-768,2,0.412,2510,45,9,60,9,178,1088,true
STATIC_768,dev-5,LOW,55,60,MEDIUM,Kyber-768,2,0.412,2510,44,12,63,9,294,1088,true
STATIC_768,dev-5,LOW,55,60,MEDIUM,Kyber-768,2,0.412,2510,45,10,51,7,160,1088,true
STATIC_768,dev-5,LOW,55,60,MEDIUM,Kyber-768,2,0.412,2510,43,12,52,8,338,1088,true
STATIC_768,dev-5,LOW,55,60,MEDIUM,Kyber-768,2,0.412,2510,44,9,53,8,177,1088,true
STATIC_768,dev-5,LOW,55,60,MEDIUM,Kyber-768,2,0.412,2510,44,10,52,10,314,1088,true
STATIC_768,dev-5,LOW,55,60,MEDIUM,Kyber-768,2,0.412,2510,43,11,57,12,182,1088,true
STATIC_768,dev-5,LOW,55,60,MEDIUM,Kyber-768,2,0.412,2510,46,13,53,12,394,1088,true
STATIC_768,dev-5,LOW,55,60,MEDIUM,Kyber-768,2,0.412,2510,44,10,53,7,130,1088,true
STATIC_768,dev-5,LOW,55,60,MEDIUM,Kyber-768,2,0.412,2510,44,9,52,7,177,1088,true
STATIC_768,dev-5,LOW,55,60,MEDIUM,Kyber-768,2,0.412,2510,43,9,106,42,169,1088,true
STATIC_768,dev-5,LOW,55,60,MEDIUM,Kyber-768,2,0.412,2510,127,32,72,12,363,1088,true
STATIC_768,dev-5,LOW,55,60,MEDIUM,Kyber-768,2,0.412,2510,48,10,55,8,235,1088,true
STATIC_768,dev-5,LOW,55,60,MEDIUM,Kyber-768,2,0.412,2510,43,9,52,8,161,1088,true
STATIC_768,dev-5,LOW,55,60,MEDIUM,Kyber-768,2,0.412,2510,44,11,54,11,172,1088,true
STATIC_768,dev-5,LOW,55,60,MEDIUM,Kyber-768,2,0.412,2510,46,17,55,9,145,1088,true
STATIC_768,dev-5,LOW,55,60,MEDIUM,Kyber-768,2,0.412,2510,46,15,138,47,289,1088,true
STATIC_768,dev-5,LOW,55,60,MEDIUM,Kyber-768,2,0.412,2510,97,32,113,29,421,1088,true
STATIC_768,dev-5,LOW,55,60,MEDIUM,Kyber-768,2,0.412,2510,161,47,118,25,143,1088,true
STATIC_768,dev-5,LOW,55,60,MEDIUM,Kyber-768,2,0.412,2510,91,26,105,25,321,1088,true
STATIC_768,dev-5,LOW,55,60,MEDIUM,Kyber-768,2,0.412,2510,287,44,108,22,209,1088,true
STATIC_768,dev-5,LOW,55,60,MEDIUM,Kyber-768,2,0.412,2510,85,22,99,18,332,1088,true
STATIC_1024,dev-5,LOW,55,60,MEDIUM,Kyber-1024,3,0.412,3245,141,30,147,24,412,1568,true
STATIC_1024,dev-5,LOW,55,60,MEDIUM,Kyber-1024,3,0.412,3245,126,28,148,26,348,1568,true
STATIC_1024,dev-5,LOW,55,60,MEDIUM,Kyber-1024,3,0.412,3245,144,30,189,54,130,1568,true
STATIC_1024,dev-5,LOW,55,60,MEDIUM,Kyber-1024,3,0.412,3245,153,36,220,31,233,1568,true
STATIC_1024,dev-5,LOW,55,60,MEDIUM,Kyber-1024,3,0.412,3245,75,13,78,9,319,1568,true
STATIC_1024,dev-5,LOW,55,60,MEDIUM,Kyber-1024,3,0.412,3245,63,8,74,6,132,1568,true
STATIC_1024,dev-5,LOW,55,60,MEDIUM,Kyber-1024,3,0.412,3245,62,9,73,6,136,1568,true
STATIC_1024,dev-5,LOW,55,60,MEDIUM,Kyber-1024,3,0.412,3245,62,9,73,7,171,1568,true
STATIC_1024,dev-5,LOW,55,60,MEDIUM,Kyber-1024,3,0.412,3245,63,9,77,7,178,1568,true
STATIC_1024,dev-5,LOW,55,60,MEDIUM,Kyber-1024,3,0.412,3245,62,9,74,8,294,1568,true
STATIC_1024,dev-5,LOW,55,60,MEDIUM,Kyber-1024,3,0.412,3245,62,8,78,7,160,1568,true
STATIC_1024,dev-5,LOW,55,60,MEDIUM,Kyber-1024,3,0.412,3245,64,11,74,9,338,1568,true
STATIC_1024,dev-5,LOW,55,60,MEDIUM,Kyber-1024,3,0.412,3245,63,10,77,9,177,1568,true
STATIC_1024,dev-5,LOW,55,60,MEDIUM,Kyber-1024,3,0.412,3245,63,12,83,10,314,1568,true
STATIC_1024,dev-5,LOW,55,60,MEDIUM,Kyber-1024,3,0.412,3245,63,9,76,8,182,1568,true
STATIC_1024,dev-5,LOW,55,60,MEDIUM,Kyber-1024,3,0.412,3245,80,14,74,11,394,1568,true
STATIC_1024,dev-5,LOW,55,60,MEDIUM,Kyber-1024,3,0.412,3245,63,9,73,8,130,1568,true
STATIC_1024,dev-5,LOW,55,60,MEDIUM,Kyber-1024,3,0.412,3245,64,26,76,9,177,1568,true
STATIC_1024,dev-5,LOW,55,60,MEDIUM,Kyber-1024,3,0.412,3245,68,10,74,8,169,1568,true
STATIC_1024,dev-5,LOW,55,60,MEDIUM,Kyber-1024,3,0.412,3245,66,14,75,12,363,1568,true
STATIC_1024,dev-5,LOW,55,60,MEDIUM,Kyber-1024,3,0.412,3245,64,12,82,10,235,1568,true
STATIC_1024,dev-5,LOW,55,60,MEDIUM,Kyber-1024,3,0.412,3245,65,10,75,8,161,1568,true
STATIC_1024,dev-5,LOW,55,60,MEDIUM,Kyber-1024,3,0.412,3245,63,12,77,14,172,1568,true
STATIC_1024,dev-5,LOW,55,60,MEDIUM,Kyber-1024,3,0.412,3245,70,13,81,11,145,1568,true
STATIC_1024,dev-5,LOW,55,60,MEDIUM,Kyber-1024,3,0.412,3245,78,17,82,17,289,1568,true
STATIC_1024,dev-5,LOW,55,60,MEDIUM,Kyber-1024,3,0.412,3245,291,35,100,16,421,1568,true
STATIC_1024,dev-5,LOW,55,60,MEDIUM,Kyber-1024,3,0.412,3245,65,14,76,7,143,1568,true
STATIC_1024,dev-5,LOW,55,60,MEDIUM,Kyber-1024,3,0.412,3245,66,12,78,13,321,1568,true
STATIC_1024,dev-5,LOW,55,60,MEDIUM,Kyber-1024,3,0.412,3245,65,13,77,10,209,1568,true
STATIC_1024,dev-5,LOW,55,60,MEDIUM,Kyber-1024,3,0.412,3245,67,12,75,9,332,1568,true
ADAPTIVE,dev-5,LOW,55,60,MEDIUM,Kyber-768,2,0.412,2510,50,12,56,12,412,1088,true
ADAPTIVE,dev-5,LOW,55,60,MEDIUM,Kyber-768,2,0.412,2510,1448,102,61,54,348,1088,true
ADAPTIVE,dev-5,LOW,55,60,MEDIUM,Kyber-768,2,0.412,2510,194,57,117,23,130,1088,true
ADAPTIVE,dev-5,LOW,55,60,MEDIUM,Kyber-768,2,0.412,2510,91,22,301,43,233,1088,true
ADAPTIVE,dev-5,LOW,55,60,MEDIUM,Kyber-768,2,0.412,2510,96,34,107,27,319,1088,true
ADAPTIVE,dev-5,LOW,55,60,MEDIUM,Kyber-768,2,0.412,2510,271,336,133,37,132,1088,true
ADAPTIVE,dev-5,LOW,55,60,MEDIUM,Kyber-768,2,0.412,2510,131,63,111,27,136,1088,true
ADAPTIVE,dev-5,LOW,55,60,MEDIUM,Kyber-768,2,0.412,2510,108,41,105,21,171,1088,true
ADAPTIVE,dev-5,LOW,55,60,MEDIUM,Kyber-768,2,0.412,2510,146,35,110,22,178,1088,true
ADAPTIVE,dev-5,LOW,55,60,MEDIUM,Kyber-768,2,0.412,2510,93,30,105,194,294,1088,true
ADAPTIVE,dev-5,LOW,55,60,MEDIUM,Kyber-768,2,0.412,2510,80,18,59,11,160,1088,true
ADAPTIVE,dev-5,LOW,55,60,MEDIUM,Kyber-768,2,0.412,2510,49,13,597,78,338,1088,true
ADAPTIVE,dev-5,LOW,55,60,MEDIUM,Kyber-768,2,0.412,2510,140,48,417,79,177,1088,true
ADAPTIVE,dev-5,LOW,55,60,MEDIUM,Kyber-768,2,0.412,2510,122,107,127,48,314,1088,true
ADAPTIVE,dev-5,LOW,55,60,MEDIUM,Kyber-768,2,0.412,2510,139,28,143,28,182,1088,true
ADAPTIVE,dev-5,LOW,55,60,MEDIUM,Kyber-768,2,0.412,2510,165,43,139,32,394,1088,true
ADAPTIVE,dev-5,LOW,55,60,MEDIUM,Kyber-768,2,0.412,2510,137,33,135,21,130,1088,true
ADAPTIVE,dev-5,LOW,55,60,MEDIUM,Kyber-768,2,0.412,2510,113,21,149,51,177,1088,true
ADAPTIVE,dev-5,LOW,55,60,MEDIUM,Kyber-768,2,0.412,2510,134,31,133,121,169,1088,true
ADAPTIVE,dev-5,LOW,55,60,MEDIUM,Kyber-768,2,0.412,2510,76,297,130,106,363,1088,true
ADAPTIVE,dev-5,LOW,55,60,MEDIUM,Kyber-768,2,0.412,2510,119,137,121,119,235,1088,true
ADAPTIVE,dev-5,LOW,55,60,MEDIUM,Kyber-768,2,0.412,2510,124,69,112,40,161,1088,true
ADAPTIVE,dev-5,LOW,55,60,MEDIUM,Kyber-768,2,0.412,2510,92,34,102,51,172,1088,true
ADAPTIVE,dev-5,LOW,55,60,MEDIUM,Kyber-768,2,0.412,2510,89,31,103,24,145,1088,true
ADAPTIVE,dev-5,LOW,55,60,MEDIUM,Kyber-768,2,0.412,2510,88,34,120,75,289,1088,true
ADAPTIVE,dev-5,LOW,55,60,MEDIUM,Kyber-768,2,0.412,2510,93,47,100,30,421,1088,true
ADAPTIVE,dev-5,LOW,55,60,MEDIUM,Kyber-768,2,0.412,2510,87,28,99,24,143,1088,true
ADAPTIVE,dev-5,LOW,55,60,MEDIUM,Kyber-768,2,0.412,2510,90,36,101,30,321,1088,true
ADAPTIVE,dev-5,LOW,55,60,MEDIUM,Kyber-768,2,0.412,2510,93,93,122,39,209,1088,true
ADAPTIVE,dev-5,LOW,55,60,MEDIUM,Kyber-768,2,0.412,2510,104,41,106,31,332,1088,true
STATIC_512,dev-6,LOW,90,95,MEDIUM,Kyber-512,1,0.528,64939,134,125,96,64,402,768,true
STATIC_512,dev-6,LOW,90,95,MEDIUM,Kyber-512,1,0.528,64939,72,43,79,43,232,768,true
STATIC_512,dev-6,LOW,90,95,MEDIUM,Kyber-512,1,0.528,64939,65,37,73,32,313,768,true
STATIC_512,dev-6,LOW,90,95,MEDIUM,Kyber-512,1,0.528,64939,59,31,71,32,314,768,true
STATIC_512,dev-6,LOW,90,95,MEDIUM,Kyber-512,1,0.528,64939,60,31,69,29,263,768,true
STATIC_512,dev-6,LOW,90,95,MEDIUM,Kyber-512,1,0.528,64939,54,28,66,24,371,768,true
STATIC_512,dev-6,LOW,90,95,MEDIUM,Kyber-512,1,0.528,64939,54,26,98,48,402,768,true
STATIC_512,dev-6,LOW,90,95,MEDIUM,Kyber-512,1,0.528,64939,41,19,36,19,400,768,true
STATIC_512,dev-6,LOW,90,95,MEDIUM,Kyber-512,1,0.528,64939,28,15,34,22,369,768,true
STATIC_512,dev-6,LOW,90,95,MEDIUM,Kyber-512,1,0.528,64939,28,14,39,11,248,768,true
STATIC_512,dev-6,LOW,90,95,MEDIUM,Kyber-512,1,0.528,64939,28,12,34,10,185,768,true
STATIC_512,dev-6,LOW,90,95,MEDIUM,Kyber-512,1,0.528,64939,28,14,34,12,309,768,true
STATIC_512,dev-6,LOW,90,95,MEDIUM,Kyber-512,1,0.528,64939,28,16,34,13,394,768,true
STATIC_512,dev-6,LOW,90,95,MEDIUM,Kyber-512,1,0.528,64939,28,14,35,11,249,768,true
STATIC_512,dev-6,LOW,90,95,MEDIUM,Kyber-512,1,0.528,64939,32,16,35,13,245,768,true
STATIC_512,dev-6,LOW,90,95,MEDIUM,Kyber-512,1,0.528,64939,31,16,36,15,317,768,true
STATIC_512,dev-6,LOW,90,95,MEDIUM,Kyber-512,1,0.528,64939,32,17,36,14,346,768,true
STATIC_512,dev-6,LOW,90,95,MEDIUM,Kyber-512,1,0.528,64939,32,17,38,18,290,768,true
STATIC_512,dev-6,LOW,90,95,MEDIUM,Kyber-512,1,0.528,64939,35,19,39,17,220,768,true
STATIC_512,dev-6,LOW,90,95,MEDIUM,Kyber-512,1,0.528,64939,42,40,46,28,307,768,true
STATIC_512,dev-6,LOW,90,95,MEDIUM,Kyber-512,1,0.528,64939,65,155,162,75,214,768,true
STATIC_512,dev-6,LOW,90,95,MEDIUM,Kyber-512,1,0.528,64939,82,53,79,39,407,768,true
STATIC_512,dev-6,LOW,90,95,MEDIUM,Kyber-512,1,0.528,64939,64,32,70,34,316,768,true
STATIC_512,dev-6,LOW,90,95,MEDIUM,Kyber-512,1,0.528,64939,60,33,73,29,303,768,true
STATIC_512,dev-6,LOW,90,95,MEDIUM,Kyber-512,1,0.528,64939,70,32,75,30,214,768,true
STATIC_512,dev-6,LOW,90,95,MEDIUM,Kyber-512,1,0.528,64939,60,29,68,29,251,768,true
STATIC_512,dev-6,LOW,90,95,MEDIUM,Kyber-512,1,0.528,64939,99,47,46,18,336,768,true
STATIC_512,dev-6,LOW,90,95,MEDIUM,Kyber-512,1,0.528,64939,31,27,45,15,419,768,true
STATIC_512,dev-6,LOW,90,95,MEDIUM,Kyber-512,1,0.528,64939,29,14,34,32,321,768,true
STATIC_512,dev-6,LOW,90,95,MEDIUM,Kyber-512,1,0.528,64939,31,13,35,11,198,768,true
STATIC_768,dev-6,LOW,90,95,MEDIUM,Kyber-768,2,0.528,2510,50,15,54,13,402,1088,true
STATIC_768,dev-6,LOW,90,95,MEDIUM,Kyber-768,2,0.528,2510,43,13,53,11,232,1088,true
STATIC_768,dev-6,LOW,90,95,MEDIUM,Kyber-768,2,0.528,2510,45,16,54,15,313,1088,true
STATIC_768,dev-6,LOW,90,95,MEDIUM,Kyber-768,2,0.528,2510,44,15,53,13,314,1088,true
STATIC_768,dev-6,LOW,90,95,MEDIUM,Kyber-768,2,0.528,2510,44,15,51,11,263,1088,true
STATIC_768,dev-6,LOW,90,95,MEDIUM,Kyber-768,2,0.528,2510,43,15,56,17,371,1088,true
STATIC_768,dev-6,LOW,90,95,MEDIUM,Kyber-768,2,0.528,2510,45,17,63,17,402,1088,true
STATIC_768,dev-6,LOW,90,95,MEDIUM,Kyber-768,2,0.528,2510,59,21,88,17,400,1088,true
STATIC_768,dev-6,LOW,90,95,MEDIUM,Kyber-768,2,0.528,2510,45,16,54,15,369,1088,true
STATIC_768,dev-6,LOW,90,95,MEDIUM,Kyber-768,2,0.528,2510,46,58,133,45,248,1088,true
STATIC_768,dev-6,LOW,90,95,MEDIUM,Kyber-768,2,0.528,2510,94,28,102,29,185,1088,true
STATIC_768,dev-6,LOW,90,95,MEDIUM,Kyber-768,2,0.528,2510,84,34,82,28,309,1088,true
STATIC_768,dev-6,LOW,90,95,MEDIUM,Kyber-768,2,0.528,2510,49,17,312,49,394,1088,true
STATIC_768,dev-6,LOW,90,95,MEDIUM,Kyber-768,2,0.528,2510,92,34,104,28,249,1088,true
STATIC_768,dev-6,LOW,90,95,MEDIUM,Kyber-768,2,0.528,2510,115,58,96,142,245,1088,true
STATIC_768,dev-6,LOW,90,95,MEDIUM,Kyber-768,2,0.528,2510,100,41,106,27,317,1088,true
STATIC_768,dev-6,LOW,90,95,MEDIUM,Kyber-768,2,0.528,2510,85,28,99,30,346,1088,true
STATIC_768,dev-6,LOW,90,95,MEDIUM,Kyber-768,2,0.528,2510,83,27,99,25,290,1088,true
STATIC_768,dev-6,LOW,90,95,MEDIUM,Kyber-768,2,0.528,2510,82,26,115,39,220,1088,true
STATIC_768,dev-6,LOW,90,95,MEDIUM,Kyber-768,2,0.528,2510,82,33,127,64,307,1088,true
STATIC_768,dev-6,LOW,90,95,MEDIUM,Kyber-768,2,0.528,2510,72,30,59,14,214,1088,true
STATIC_768,dev-6,LOW,90,95,MEDIUM,Kyber-768,2,0.528,2510,47,15,65,14,407,1088,true
STATIC_768,dev-6,LOW,90,95,MEDIUM,Kyber-768,2,0.528,2510,57,15,56,14,316,1088,true
STATIC_768,dev-6,LOW,90,95,MEDIUM,Kyber-768,2,0.528,2510,47,17,58,20,303,1088,true
STATIC_768,dev-6,LOW,90,95,MEDIUM,Kyber-768,2,0.528,2510,55,26,98,18,214,1088,true
STATIC_768,dev-6,LOW,90,95,MEDIUM,Kyber-768,2,0.528,2510,123,103,155,48,251,1088,true
STATIC_768,dev-6,LOW,90,95,MEDIUM,Kyber-768,2,0.528,2510,140,69,112,33,336,1088,true
STATIC_768,dev-6,LOW,90,95,MEDIUM,Kyber-768,2,0.528,2510,107,35,103,28,419,1088,true
STATIC_768,dev-6,LOW,90,95,MEDIUM,Kyber-768,2,0.528,2510,84,29,139,34,321,1088,true
STATIC_768,dev-6,LOW,90,95,MEDIUM,Kyber-768,2,0.528,2510,96,32,125,28,198,1088,true
STATIC_1024,dev-6,LOW,90,95,MEDIUM,Kyber-1024,3,0.528,3245,140,34,150,30,402,1568,true
STATIC_1024,dev-6,LOW,90,95,MEDIUM,Kyber-1024,3,0.528,3245,149,52,149,33,232,1568,true
STATIC_1024,dev-6,LOW,90,95,MEDIUM,Kyber-1024,3,0.528,3245,136,51,190,40,313,1568,true
STATIC_1024,dev-6,LOW,90,95,MEDIUM,Kyber-1024,3,0.528,3245,129,35,148,30,314,1568,true
STATIC_1024,dev-6,LOW,90,95,MEDIUM,Kyber-1024,3,0.528,3245,158,39,148,37,263,1568,true
STATIC_1024,dev-6,LOW,90,95,MEDIUM,Kyber-1024,3,0.528,3245,139,36,147,30,371,1568,true
STATIC_1024,dev-6,LOW,90,95,MEDIUM,Kyber-1024,3,0.528,3245,122,31,161,32,402,1568,true
STATIC_1024,dev-6,LOW,90,95,MEDIUM,Kyber-1024,3,0.528,3245,121,35,144,35,400,1568,true
STATIC_1024,dev-6,LOW,90,95,MEDIUM,Kyber-1024,3,0.528,3245,124,33,143,32,369,1568,true
STATIC_1024,dev-6,LOW,90,95,MEDIUM,Kyber-1024,3,0.528,3245,125,32,147,28,248,1568,true
STATIC_1024,dev-6,LOW,90,95,MEDIUM,Kyber-1024,3,0.528,3245,122,28,158,31,185,1568,true
STATIC_1024,dev-6,LOW,90,95,MEDIUM,Kyber-1024,3,0.528,3245,123,31,144,32,309,1568,true
STATIC_1024,dev-6,LOW,90,95,MEDIUM,Kyber-1024,3,0.528,3245,123,32,176,35,394,1568,true
STATIC_1024,dev-6,LOW,90,95,MEDIUM,Kyber-1024,3,0.528,3245,124,31,143,32,249,1568,true
STATIC_1024,dev-6,LOW,90,95,MEDIUM,Kyber-1024,3,0.528,3245,124,31,145,26,245,1568,true
STATIC_1024,dev-6,LOW,90,95,MEDIUM,Kyber-1024,3,0.528,3245,149,35,142,28,317,1568,true
STATIC_1024,dev-6,LOW,90,95,MEDIUM,Kyber-1024,3,0.528,3245,120,30,140,28,346,1568,true
STATIC_1024,dev-6,LOW,90,95,MEDIUM,Kyber-1024,3,0.528,3245,117,26,138,25,290,1568,true
STATIC_1024,dev-6,LOW,90,95,MEDIUM,Kyber-1024,3,0.528,3245,172,66,162,34,220,1568,true
STATIC_1024,dev-6,LOW,90,95,MEDIUM,Kyber-1024,3,0.528,3245,172,44,147,39,307,1568,true
STATIC_1024,dev-6,LOW,90,95,MEDIUM,Kyber-1024,3,0.528,3245,123,30,143,26,214,1568,true
STATIC_1024,dev-6,LOW,90,95,MEDIUM,Kyber-1024,3,0.528,3245,186,65,184,63,407,1568,true
STATIC_1024,dev-6,LOW,90,95,MEDIUM,Kyber-1024,3,0.528,3245,126,42,124,37,316,1568,true
STATIC_1024,dev-6,LOW,90,95,MEDIUM,Kyber-1024,3,0.528,3245,117,25,100,17,303,1568,true
STATIC_1024,dev-6,LOW,90,95,MEDIUM,Kyber-1024,3,0.528,3245,65,16,119,15,214,1568,true
STATIC_1024,dev-6,LOW,90,95,MEDIUM,Kyber-1024,3,0.528,3245,110,65,159,41,251,1568,true
STATIC_1024,dev-6,LOW,90,95,MEDIUM,Kyber-1024,3,0.528,3245,154,37,180,48,336,1568,true
STATIC_1024,dev-6,LOW,90,95,MEDIUM,Kyber-1024,3,0.528,3245,139,38,168,35,419,1568,true
STATIC_1024,dev-6,LOW,90,95,MEDIUM,Kyber-1024,3,0.528,3245,123,28,139,28,321,1568,true
STATIC_1024,dev-6,LOW,90,95,MEDIUM,Kyber-1024,3,0.528,3245,118,32,188,30,198,1568,true
ADAPTIVE,dev-6,LOW,90,95,MEDIUM,Kyber-768,2,0.528,2510,102,30,106,25,402,1088,true
ADAPTIVE,dev-6,LOW,90,95,MEDIUM,Kyber-768,2,0.528,2510,84,28,100,24,232,1088,true
ADAPTIVE,dev-6,LOW,90,95,MEDIUM,Kyber-768,2,0.528,2510,118,37,104,31,313,1088,true
ADAPTIVE,dev-6,LOW,90,95,MEDIUM,Kyber-768,2,0.528,2510,90,33,104,33,314,1088,true
ADAPTIVE,dev-6,LOW,90,95,MEDIUM,Kyber-768,2,0.528,2510,160,78,128,53,263,1088,true
ADAPTIVE,dev-6,LOW,90,95,MEDIUM,Kyber-768,2,0.528,2510,111,46,140,42,371,1088,true
ADAPTIVE,dev-6,LOW,90,95,MEDIUM,Kyber-768,2,0.528,2510,63,22,59,14,402,1088,true
ADAPTIVE,dev-6,LOW,90,95,MEDIUM,Kyber-768,2,0.528,2510,93,56,111,41,400,1088,true
ADAPTIVE,dev-6,LOW,90,95,MEDIUM,Kyber-768,2,0.528,2510,54,24,53,14,369,1088,true
ADAPTIVE,dev-6,LOW,90,95,MEDIUM,Kyber-768,2,0.528,2510,44,14,51,12,248,1088,true
ADAPTIVE,dev-6,LOW,90,95,MEDIUM,Kyber-768,2,0.528,2510,44,12,51,14,185,1088,true
ADAPTIVE,dev-6,LOW,90,95,MEDIUM,Kyber-768,2,0.528,2510,67,28,55,13,309,1088,true
ADAPTIVE,dev-6,LOW,90,95,MEDIUM,Kyber-768,2,0.528,2510,54,15,54,37,394,1088,true
ADAPTIVE,dev-6,LOW,90,95,MEDIUM,Kyber-768,2,0.528,2510,66,25,58,15,249,1088,true
ADAPTIVE,dev-6,LOW,90,95,MEDIUM,Kyber-768,2,0.528,2510,45,13,52,12,245,1088,true
ADAPTIVE,dev-6,LOW,90,95,MEDIUM,Kyber-768,2,0.528,2510,43,13,51,12,317,1088,true
ADAPTIVE,dev-6,LOW,90,95,MEDIUM,Kyber-768,2,0.528,2510,43,14,52,11,346,1088,true
ADAPTIVE,dev-6,LOW,90,95,MEDIUM,Kyber-768,2,0.528,2510,42,13,54,11,290,1088,true
ADAPTIVE,dev-6,LOW,90,95,MEDIUM,Kyber-768,2,0.528,2510,42,12,51,11,220,1088,true
ADAPTIVE,dev-6,LOW,90,95,MEDIUM,Kyber-768,2,0.528,2510,42,13,50,11,307,1088,true
ADAPTIVE,dev-6,LOW,90,95,MEDIUM,Kyber-768,2,0.528,2510,42,22,51,12,214,1088,true
ADAPTIVE,dev-6,LOW,90,95,MEDIUM,Kyber-768,2,0.528,2510,42,14,51,14,407,1088,true
ADAPTIVE,dev-6,LOW,90,95,MEDIUM,Kyber-768,2,0.528,2510,45,15,53,13,316,1088,true
ADAPTIVE,dev-6,LOW,90,95,MEDIUM,Kyber-768,2,0.528,2510,147,84,166,59,303,1088,true
ADAPTIVE,dev-6,LOW,90,95,MEDIUM,Kyber-768,2,0.528,2510,147,33,82,15,214,1088,true
ADAPTIVE,dev-6,LOW,90,95,MEDIUM,Kyber-768,2,0.528,2510,45,51,55,21,251,1088,true
ADAPTIVE,dev-6,LOW,90,95,MEDIUM,Kyber-768,2,0.528,2510,61,21,87,76,336,1088,true
ADAPTIVE,dev-6,LOW,90,95,MEDIUM,Kyber-768,2,0.528,2510,83,27,65,38,419,1088,true
ADAPTIVE,dev-6,LOW,90,95,MEDIUM,Kyber-768,2,0.528,2510,93,27,133,95,321,1088,true
ADAPTIVE,dev-6,LOW,90,95,MEDIUM,Kyber-768,2,0.528,2510,111,52,109,34,198,1088,true
STATIC_512,dev-7,LOW,15,30,HIGH,Kyber-512,1,0.516,64939,188,121,255,115,414,768,true
STATIC_512,dev-7,LOW,15,30,HIGH,Kyber-512,1,0.516,64939,111,133,140,85,297,768,true
STATIC_512,dev-7,LOW,15,30,HIGH,Kyber-512,1,0.516,64939,105,64,101,41,325,768,true
STATIC_512,dev-7,LOW,15,30,HIGH,Kyber-512,1,0.516,64939,63,35,70,29,422,768,true
STATIC_512,dev-7,LOW,15,30,HIGH,Kyber-512,1,0.516,64939,56,28,67,32,386,768,true
STATIC_512,dev-7,LOW,15,30,HIGH,Kyber-512,1,0.516,64939,56,24,94,56,162,768,true
STATIC_512,dev-7,LOW,15,30,HIGH,Kyber-512,1,0.516,64939,73,49,51,30,282,768,true
STATIC_512,dev-7,LOW,15,30,HIGH,Kyber-512,1,0.516,64939,33,16,36,16,191,768,true
STATIC_512,dev-7,LOW,15,30,HIGH,Kyber-512,1,0.516,64939,44,21,36,14,341,768,true
STATIC_512,dev-7,LOW,15,30,HIGH,Kyber-512,1,0.516,64939,82,91,93,44,218,768,true
STATIC_512,dev-7,LOW,15,30,HIGH,Kyber-512,1,0.516,64939,69,33,70,30,213,768,true
STATIC_512,dev-7,LOW,15,30,HIGH,Kyber-512,1,0.516,64939,59,30,69,25,375,768,true
STATIC_512,dev-7,LOW,15,30,HIGH,Kyber-512,1,0.516,64939,54,25,65,21,270,768,true
STATIC_512,dev-7,LOW,15,30,HIGH,Kyber-512,1,0.516,64939,53,28,67,24,379,768,true
STATIC_512,dev-7,LOW,15,30,HIGH,Kyber-512,1,0.516,64939,54,23,66,27,132,768,true
STATIC_512,dev-7,LOW,15,30,HIGH,Kyber-512,1,0.516,64939,53,26,66,24,372,768,true
STATIC_512,dev-7,LOW,15,30,HIGH,Kyber-512,1,0.516,64939,53,25,66,23,333,768,true
STATIC_512,dev-7,LOW,15,30,HIGH,Kyber-512,1,0.516,64939,54,25,66,23,323,768,true
STATIC_512,dev-7,LOW,15,30,HIGH,Kyber-512,1,0.516,64939,67,26,87,26,249,768,true
STATIC_512,dev-7,LOW,15,30,HIGH,Kyber-512,1,0.516,64939,56,28,70,24,188,768,true
STATIC_512,dev-7,LOW,15,30,HIGH,Kyber-512,1,0.516,64939,57,31,71,32,395,768,true
STATIC_512,dev-7,LOW,15,30,HIGH,Kyber-512,1,0.516,64939,58,26,69,23,165,768,true
STATIC_512,dev-7,LOW,15,30,HIGH,Kyber-512,1,0.516,64939,56,26,68,24,215,768,true
STATIC_512,dev-7,LOW,15,30,HIGH,Kyber-512,1,0.516,64939,56,26,68,26,294,768,true
STATIC_512,dev-7,LOW,15,30,HIGH,Kyber-512,1,0.516,64939,56,47,71,27,178,768,true
STATIC_512,dev-7,LOW,15,30,HIGH,Kyber-512,1,0.516,64939,55,26,67,22,155,768,true
STATIC_512,dev-7,LOW,15,30,HIGH,Kyber-512,1,0.516,64939,54,26,67,26,332,768,true
STATIC_512,dev-7,LOW,15,30,HIGH,Kyber-512,1,0.516,64939,56,32,68,27,365,768,true
STATIC_512,dev-7,LOW,15,30,HIGH,Kyber-512,1,0.516,64939,55,25,66,22,235,768,true
STATIC_512,dev-7,LOW,15,30,HIGH,Kyber-512,1,0.516,64939,56,25,82,27,131,768,true
STATIC_768,dev-7,LOW,15,30,HIGH,Kyber-768,2,0.516,2510,96,35,107,32,414,1088,true
STATIC_768,dev-7,LOW,15,30,HIGH,Kyber-768,2,0.516,2510,86,28,111,36,297,1088,true
STATIC_768,dev-7,LOW,15,30,HIGH,Kyber-768,2,0.516,2510,86,29,103,27,325,1088,true
STATIC_768,dev-7,LOW,15,30,HIGH,Kyber-768,2,0.516,2510,84,30,99,27,422,1088,true
STATIC_768,dev-7,LOW,15,30,HIGH,Kyber-768,2,0.516,2510,82,52,102,26,386,1088,true
STATIC_768,dev-7,LOW,15,30,HIGH,Kyber-768,2,0.516,2510,83,28,101,23,162,1088,true
STATIC_768,dev-7,LOW,15,30,HIGH,Kyber-768,2,0.516,2510,86,26,105,32,282,1088,true
STATIC_768,dev-7,LOW,15,30,HIGH,Kyber-768,2,0.516,2510,85,42,103,26,191,1088,true
STATIC_768,dev-7,LOW,15,30,HIGH,Kyber-768,2,0.516,2510,84,34,110,42,341,1088,true
STATIC_768,dev-7,LOW,15,30,HIGH,Kyber-768,2,0.516,2510,94,35,107,30,218,1088,true
STATIC_768,dev-7,LOW,15,30,HIGH,Kyber-768,2,0.516,2510,87,31,105,30,213,1088,true
STATIC_768,dev-7,LOW,15,30,HIGH,Kyber-768,2,0.516,2510,84,31,102,29,375,1088,true
STATIC_768,dev-7,LOW,15,30,HIGH,Kyber-768,2,0.516,2510,83,28,105,25,270,1088,true
STATIC_768,dev-7,LOW,15,30,HIGH,Kyber-768,2,0.516,2510,84,29,99,29,379,1088,true
STATIC_768,dev-7,LOW,15,30,HIGH,Kyber-768,2,0.516,2510,84,27,103,26,132,1088,true
STATIC_768,dev-7,LOW,15,30,HIGH,Kyber-768,2,0.516,2510,115,37,104,30,372,1088,true
STATIC_768,dev-7,LOW,15,30,HIGH,Kyber-768,2,0.516,2510,85,29,101,31,333,1088,true
STATIC_768,dev-7,LOW,15,30,HIGH,Kyber-768,2,0.516,2510,84,30,99,25,323,1088,true
STATIC_768,dev-7,LOW,15,30,HIGH,Kyber-768,2,0.516,2510,82,25,99,24,249,1088,true
STATIC_768,dev-7,LOW,15,30,HIGH,Kyber-768,2,0.516,2510,83,26,101,25,188,1088,true
STATIC_768,dev-7,LOW,15,30,HIGH,Kyber-768,2,0.516,2510,84,55,83,38,395,1088,true
STATIC_768,dev-7,LOW,15,30,HIGH,Kyber-768,2,0.516,2510,51,16,96,19,165,1088,true
STATIC_768,dev-7,LOW,15,30,HIGH,Kyber-768,2,0.516,2510,47,14,100,60,215,1088,true
STATIC_768,dev-7,LOW,15,30,HIGH,Kyber-768,2,0.516,2510,103,63,110,67,294,1088,true
STATIC_768,dev-7,LOW,15,30,HIGH,Kyber-768,2,0.516,2510,64,24,58,13,178,1088,true
STATIC_768,dev-7,LOW,15,30,HIGH,Kyber-768,2,0.516,2510,46,13,140,25,155,1088,true
STATIC_768,dev-7,LOW,15,30,HIGH,Kyber-768,2,0.516,2510,119,117,121,42,332,1088,true
STATIC_768,dev-7,LOW,15,30,HIGH,Kyber-768,2,0.516,2510,92,33,101,28,365,1088,true
STATIC_768,dev-7,LOW,15,30,HIGH,Kyber-768,2,0.516,2510,85,26,187,40,235,1088,true
STATIC_768,dev-7,LOW,15,30,HIGH,Kyber-768,2,0.516,2510,97,33,270,35,131,1088,true
STATIC_1024,dev-7,LOW,15,30,HIGH,Kyber-1024,3,0.516,3245,131,31,152,31,414,1568,true
STATIC_1024,dev-7,LOW,15,30,HIGH,Kyber-1024,3,0.516,3245,122,30,156,33,297,1568,true
STATIC_1024,dev-7,LOW,15,30,HIGH,Kyber-1024,3,0.516,3245,121,30,142,29,325,1568,true
STATIC_1024,dev-7,LOW,15,30,HIGH,Kyber-1024,3,0.516,3245,130,217,174,44,422,1568,true
STATIC_1024,dev-7,LOW,15,30,HIGH,Kyber-1024,3,0.516,3245,230,106,187,100,386,1568,true
STATIC_1024,dev-7,LOW,15,30,HIGH,Kyber-1024,3,0.516,3245,172,33,159,24,162,1568,true
STATIC_1024,dev-7,LOW,15,30,HIGH,Kyber-1024,3,0.516,3245,179,31,177,36,282,1568,true
STATIC_1024,dev-7,LOW,15,30,HIGH,Kyber-1024,3,0.516,3245,113,111,88,10,191,1568,true
STATIC_1024,dev-7,LOW,15,30,HIGH,Kyber-1024,3,0.516,3245,68,10,76,9,341,1568,true
STATIC_1024,dev-7,LOW,15,30,HIGH,Kyber-1024,3,0.516,3245,63,9,91,12,218,1568,true
STATIC_1024,dev-7,LOW,15,30,HIGH,Kyber-1024,3,0.516,3245,67,32,144,41,213,1568,true
STATIC_1024,dev-7,LOW,15,30,HIGH,Kyber-1024,3,0.516,3245,142,32,150,23,375,1568,true
STATIC_1024,dev-7,LOW,15,30,HIGH,Kyber-1024,3,0.516,3245,122,18,141,15,270,1568,true
STATIC_1024,dev-7,LOW,15,30,HIGH,Kyber-1024,3,0.516,3245,125,22,146,24,379,1568,true
STATIC_1024,dev-7,LOW,15,30,HIGH,Kyber-1024,3,0.516,3245,125,37,214,22,132,1568,true
STATIC_1024,dev-7,LOW,15,30,HIGH,Kyber-1024,3,0.516,3245,130,23,154,20,372,1568,true
STATIC_1024,dev-7,LOW,15,30,HIGH,Kyber-1024,3,0.516,3245,121,21,163,22,333,1568,true
STATIC_1024,dev-7,LOW,15,30,HIGH,Kyber-1024,3,0.516,3245,127,42,149,23,323,1568,true
STATIC_1024,dev-7,LOW,15,30,HIGH,Kyber-1024,3,0.516,3245,121,18,140,16,249,1568,true
STATIC_1024,dev-7,LOW,15,30,HIGH,Kyber-1024,3,0.516,3245,117,16,139,14,188,1568,true
STATIC_1024,dev-7,LOW,15,30,HIGH,Kyber-1024,3,0.516,3245,121,20,141,26,395,1568,true
STATIC_1024,dev-7,LOW,15,30,HIGH,Kyber-1024,3,0.516,3245,134,28,143,17,165,1568,true
STATIC_1024,dev-7,LOW,15,30,HIGH,Kyber-1024,3,0.516,3245,121,23,161,25,215,1568,true
STATIC_1024,dev-7,LOW,15,30,HIGH,Kyber-1024,3,0.516,3245,121,25,147,25,294,1568,true
STATIC_1024,dev-7,LOW,15,30,HIGH,Kyber-1024,3,0.516,3245,131,21,140,15,178,1568,true
STATIC_1024,dev-7,LOW,15,30,HIGH,Kyber-1024,3,0.516,3245,121,62,178,57,155,1568,true
STATIC_1024,dev-7,LOW,15,30,HIGH,Kyber-1024,3,0.516,3245,160,36,155,26,332,1568,true
STATIC_1024,dev-7,LOW,15,30,HIGH,Kyber-1024,3,0.516,3245,126,31,192,39,365,1568,true
STATIC_1024,dev-7,LOW,15,30,HIGH,Kyber-1024,3,0.516,3245,140,26,153,17,235,1568,true
STATIC_1024,dev-7,LOW,15,30,HIGH,Kyber-1024,3,0.516,3245,120,14,143,13,131,1568,true
ADAPTIVE,dev-7,LOW,15,30,HIGH,Kyber-768,2,0.516,2510,87,19,101,17,414,1088,true
ADAPTIVE,dev-7,LOW,15,30,HIGH,Kyber-768,2,0.516,2510,80,16,103,15,297,1088,true
ADAPTIVE,dev-7,LOW,15,30,HIGH,Kyber-768,2,0.516,2510,82,20,99,16,325,1088,true
ADAPTIVE,dev-7,LOW,15,30,HIGH,Kyber-768,2,0.516,2510,81,20,98,16,422,1088,true
ADAPTIVE,dev-7,LOW,15,30,HIGH,Kyber-768,2,0.516,2510,79,34,98,16,386,1088,true
ADAPTIVE,dev-7,LOW,15,30,HIGH,Kyber-768,2,0.516,2510,81,14,97,12,162,1088,true
ADAPTIVE,dev-7,LOW,15,30,HIGH,Kyber-768,2,0.516,2510,89,19,100,16,282,1088,true
ADAPTIVE,dev-7,LOW,15,30,HIGH,Kyber-768,2,0.516,2510,79,15,98,37,191,1088,true
ADAPTIVE,dev-7,LOW,15,30,HIGH,Kyber-768,2,0.516,2510,84,22,99,16,341,1088,true
ADAPTIVE,dev-7,LOW,15,30,HIGH,Kyber-768,2,0.516,2510,81,17,98,13,218,1088,true
ADAPTIVE,dev-7,LOW,15,30,HIGH,Kyber-768,2,0.516,2510,80,15,97,14,213,1088,true
ADAPTIVE,dev-7,LOW,15,30,HIGH,Kyber-768,2,0.516,2510,81,19,100,16,375,1088,true
ADAPTIVE,dev-7,LOW,15,30,HIGH,Kyber-768,2,0.516,2510,82,16,98,16,270,1088,true
ADAPTIVE,dev-7,LOW,15,30,HIGH,Kyber-768,2,0.516,2510,81,20,113,17,379,1088,true
ADAPTIVE,dev-7,LOW,15,30,HIGH,Kyber-768,2,0.516,2510,83,14,97,12,132,1088,true
ADAPTIVE,dev-7,LOW,15,30,HIGH,Kyber-768,2,0.516,2510,80,17,96,15,372,1088,true
ADAPTIVE,dev-7,LOW,15,30,HIGH,Kyber-768,2,0.516,2510,79,16,97,14,333,1088,true
ADAPTIVE,dev-7,LOW,15,30,HIGH,Kyber-768,2,0.516,2510,85,16,97,14,323,1088,true
ADAPTIVE,dev-7,LOW,15,30,HIGH,Kyber-768,2,0.516,2510,81,16,99,16,249,1088,true
ADAPTIVE,dev-7,LOW,15,30,HIGH,Kyber-768,2,0.516,2510,80,31,117,17,188,1088,true
ADAPTIVE,dev-7,LOW,15,30,HIGH,Kyber-768,2,0.516,2510,99,20,100,22,395,1088,true
ADAPTIVE,dev-7,LOW,15,30,HIGH,Kyber-768,2,0.516,2510,82,15,104,14,165,1088,true
ADAPTIVE,dev-7,LOW,15,30,HIGH,Kyber-768,2,0.516,2510,83,27,106,14,215,1088,true
ADAPTIVE,dev-7,LOW,15,30,HIGH,Kyber-768,2,0.516,2510,87,16,98,14,294,1088,true
ADAPTIVE,dev-7,LOW,15,30,HIGH,Kyber-768,2,0.516,2510,89,16,109,17,178,1088,true
ADAPTIVE,dev-7,LOW,15,30,HIGH,Kyber-768,2,0.516,2510,84,19,111,17,155,1088,true
ADAPTIVE,dev-7,LOW,15,30,HIGH,Kyber-768,2,0.516,2510,93,19,100,21,332,1088,true
ADAPTIVE,dev-7,LOW,15,30,HIGH,Kyber-768,2,0.516,2510,87,17,104,15,365,1088,true
ADAPTIVE,dev-7,LOW,15,30,HIGH,Kyber-768,2,0.516,2510,80,15,103,13,235,1088,true
ADAPTIVE,dev-7,LOW,15,30,HIGH,Kyber-768,2,0.516,2510,85,13,110,19,131,1088,true
STATIC_512,dev-8,LOW,55,60,HIGH,Kyber-512,1,0.637,64939,113,118,116,58,197,768,true
STATIC_512,dev-8,LOW,55,60,HIGH,Kyber-512,1,0.637,64939,82,35,86,23,264,768,true
STATIC_512,dev-8,LOW,55,60,HIGH,Kyber-512,1,0.637,64939,60,23,79,19,390,768,true
STATIC_512,dev-8,LOW,55,60,HIGH,Kyber-512,1,0.637,64939,56,19,78,23,336,768,true
STATIC_512,dev-8,LOW,55,60,HIGH,Kyber-512,1,0.637,64939,58,24,85,27,421,768,true
STATIC_512,dev-8,LOW,55,60,HIGH,Kyber-512,1,0.637,64939,68,21,122,21,324,768,true
STATIC_512,dev-8,LOW,55,60,HIGH,Kyber-512,1,0.637,64939,61,17,78,16,193,768,true
STATIC_512,dev-8,LOW,55,60,HIGH,Kyber-512,1,0.637,64939,249,49,100,27,260,768,true
STATIC_512,dev-8,LOW,55,60,HIGH,Kyber-512,1,0.637,64939,66,24,98,23,411,768,true
STATIC_512,dev-8,LOW,55,60,HIGH,Kyber-512,1,0.637,64939,136,43,160,32,271,768,true
STATIC_512,dev-8,LOW,55,60,HIGH,Kyber-512,1,0.637,64939,64,22,77,17,332,768,true
STATIC_512,dev-8,LOW,55,60,HIGH,Kyber-512,1,0.637,64939,54,19,73,16,397,768,true
STATIC_512,dev-8,LOW,55,60,HIGH,Kyber-512,1,0.637,64939,53,17,71,15,359,768,true
STATIC_512,dev-8,LOW,55,60,HIGH,Kyber-512,1,0.637,64939,52,13,70,11,140,768,true
STATIC_512,dev-8,LOW,55,60,HIGH,Kyber-512,1,0.637,64939,52,14,70,13,230,768,true
STATIC_512,dev-8,LOW,55,60,HIGH,Kyber-512,1,0.637,64939,52,15,69,14,307,768,true
STATIC_512,dev-8,LOW,55,60,HIGH,Kyber-512,1,0.637,64939,52,14,69,13,219,768,true
STATIC_512,dev-8,LOW,55,60,HIGH,Kyber-512,1,0.637,64939,52,17,70,15,373,768,true
STATIC_512,dev-8,LOW,55,60,HIGH,Kyber-512,1,0.637,64939,53,16,69,16,376,768,true
STATIC_512,dev-8,LOW,55,60,HIGH,Kyber-512,1,0.637,64939,54,16,71,14,283,768,true
STATIC_512,dev-8,LOW,55,60,HIGH,Kyber-512,1,0.637,64939,55,15,73,13,172,768,true
STATIC_512,dev-8,LOW,55,60,HIGH,Kyber-512,1,0.637,64939,54,14,73,14,250,768,true
STATIC_512,dev-8,LOW,55,60,HIGH,Kyber-512,1,0.637,64939,53,17,70,16,409,768,true
STATIC_512,dev-8,LOW,55,60,HIGH,Kyber-512,1,0.637,64939,58,15,71,13,231,768,true
STATIC_512,dev-8,LOW,55,60,HIGH,Kyber-512,1,0.637,64939,53,17,71,16,386,768,true
STATIC_512,dev-8,LOW,55,60,HIGH,Kyber-512,1,0.637,64939,55,15,79,52,205,768,true
STATIC_512,dev-8,LOW,55,60,HIGH,Kyber-512,1,0.637,64939,53,19,46,9,355,768,true
STATIC_512,dev-8,LOW,55,60,HIGH,Kyber-512,1,0.637,64939,30,7,40,6,195,768,true
STATIC_512,dev-8,LOW,55,60,HIGH,Kyber-512,1,0.637,64939,29,8,39,7,270,768,true
STATIC_512,dev-8,LOW,55,60,HIGH,Kyber-512,1,0.637,64939,29,8,39,7,241,768,true
STATIC_768,dev-8,LOW,55,60,HIGH,Kyber-768,2,0.637,2510,55,8,60,7,197,1088,true
STATIC_768,dev-8,LOW,55,60,HIGH,Kyber-768,2,0.637,2510,48,8,92,9,264,1088,true
STATIC_768,dev-8,LOW,55,60,HIGH,Kyber-768,2,0.637,2510,53,14,64,12,390,1088,true
STATIC_768,dev-8,LOW,55,60,HIGH,Kyber-768,2,0.637,2510,57,16,69,14,336,1088,true
STATIC_768,dev-8,LOW,55,60,HIGH,Kyber-768,2,0.637,2510,56,13,136,42,421,1088,true
STATIC_768,dev-8,LOW,55,60,HIGH,Kyber-768,2,0.637,2510,107,26,116,19,324,1088,true
STATIC_768,dev-8,LOW,55,60,HIGH,Kyber-768,2,0.637,2510,86,21,112,18,193,1088,true
STATIC_768,dev-8,LOW,55,60,HIGH,Kyber-768,2,0.637,2510,92,21,103,18,260,1088,true
STATIC_768,dev-8,LOW,55,60,HIGH,Kyber-768,2,0.637,2510,139,39,125,26,411,1088,true
STATIC_768,dev-8,LOW,55,60,HIGH,Kyber-768,2,0.637,2510,86,19,109,19,271,1088,true
STATIC_768,dev-8,LOW,55,60,HIGH,Kyber-768,2,0.637,2510,86,29,103,39,332,1088,true
STATIC_768,dev-8,LOW,55,60,HIGH,Kyber-768,2,0.637,2510,98,27,114,24,397,1088,true
STATIC_768,dev-8,LOW,55,60,HIGH,Kyber-768,2,0.637,2510,89,27,117,26,359,1088,true
STATIC_768,dev-8,LOW,55,60,HIGH,Kyber-768,2,0.637,2510,372,97,129,46,140,1088,true
STATIC_768,dev-8,LOW,55,60,HIGH,Kyber-768,2,0.637,2510,117,35,113,26,230,1088,true
STATIC_768,dev-8,LOW,55,60,HIGH,Kyber-768,2,0.637,2510,87,21,108,23,307,1088,true
STATIC_768,dev-8,LOW,55,60,HIGH,Kyber-768,2,0.637,2510,85,24,123,40,219,1088,true
STATIC_768,dev-8,LOW,55,60,HIGH,Kyber-768,2,0.637,2510,105,27,1309,121,373,1088,true
STATIC_768,dev-8,LOW,55,60,HIGH,Kyber-768,2,0.637,2510,929,214,96,20,376,1088,true
STATIC_768,dev-8,LOW,55,60,HIGH,Kyber-768,2,0.637,2510,64,9,197,38,283,1088,true
STATIC_768,dev-8,LOW,55,60,HIGH,Kyber-768,2,0.637,2510,166,31,111,20,172,1088,true
STATIC_768,dev-8,LOW,55,60,HIGH,Kyber-768,2,0.637,2510,239,39,142,47,250,1088,true
STATIC_768,dev-8,LOW,55,60,HIGH,Kyber-768,2,0.637,2510,103,27,112,20,409,1088,true
STATIC_768,dev-8,LOW,55,60,HIGH,Kyber-768,2,0.637,2510,92,22,165,36,231,1088,true
STATIC_768,dev-8,LOW,55,60,HIGH,Kyber-768,2,0.637,2510,111,30,174,64,386,1088,true
STATIC_768,dev-8,LOW,55,60,HIGH,Kyber-768,2,0.637,2510,134,36,416,42,205,1088,true
STATIC_768,dev-8,LOW,55,60,HIGH,Kyber-768,2,0.637,2510,122,46,118,24,355,1088,true
STATIC_768,dev-8,LOW,55,60,HIGH,Kyber-768,2,0.637,2510,98,19,109,17,195,1088,true
STATIC_768,dev-8,LOW,55,60,HIGH,Kyber-768,2,0.637,2510,100,19,108,17,270,1088,true
STATIC_768,dev-8,LOW,55,60,HIGH,Kyber-768,2,0.637,2510,85,30,103,18,241,1088,true
STATIC_1024,dev-8,LOW,55,60,HIGH,Kyber-1024,3,0.637,3245,1230,84,256,43,197,1568,true
STATIC_1024,dev-8,LOW,55,60,HIGH,Kyber-1024,3,0.637,3245,141,31,177,28,264,1568,true
STATIC_1024,dev-8,LOW,55,60,HIGH,Kyber-1024,3,0.637,3245,137,28,150,22,390,1568,true
STATIC_1024,dev-8,LOW,55,60,HIGH,Kyber-1024,3,0.637,3245,129,22,152,25,336,1568,true
STATIC_1024,dev-8,LOW,55,60,HIGH,Kyber-1024,3,0.637,3245,128,40,160,22,421,1568,true
STATIC_1024,dev-8,LOW,55,60,HIGH,Kyber-1024,3,0.637,3245,122,25,150,17,324,1568,true
STATIC_1024,dev-8,LOW,55,60,HIGH,Kyber-1024,3,0.637,3245,129,20,153,18,193,1568,true
STATIC_1024,dev-8,LOW,55,60,HIGH,Kyber-1024,3,0.637,3245,135,30,159,43,260,1568,true
STATIC_1024,dev-8,LOW,55,60,HIGH,Kyber-1024,3,0.637,3245,183,56,196,50,411,1568,true
STATIC_1024,dev-8,LOW,55,60,HIGH,Kyber-1024,3,0.637,3245,156,36,158,39,271,1568,true
STATIC_1024,dev-8,LOW,55,60,HIGH,Kyber-1024,3,0.637,3245,178,68,178,26,332,1568,true
STATIC_1024,dev-8,LOW,55,60,HIGH,Kyber-1024,3,0.637,3245,132,25,277,38,397,1568,true
STATIC_1024,dev-8,LOW,55,60,HIGH,Kyber-1024,3,0.637,3245,192,39,169,25,359,1568,true
STATIC_1024,dev-8,LOW,55,60,HIGH,Kyber-1024,3,0.637,3245,139,22,162,20,140,1568,true
STATIC_1024,dev-8,LOW,55,60,HIGH,Kyber-1024,3,0.637,3245,130,22,154,19,230,1568,true
STATIC_1024,dev-8,LOW,55,60,HIGH,Kyber-1024,3,0.637,3245,124,21,152,20,307,1568,true
STATIC_1024,dev-8,LOW,55,60,HIGH,Kyber-1024,3,0.637,3245,129,21,186,20,219,1568,true
STATIC_1024,dev-8,LOW,55,60,HIGH,Kyber-1024,3,0.637,3245,128,22,150,19,373,1568,true
STATIC_1024,dev-8,LOW,55,60,HIGH,Kyber-1024,3,0.637,3245,135,30,152,20,376,1568,true
STATIC_1024,dev-8,LOW,55,60,HIGH,Kyber-1024,3,0.637,3245,129,21,151,18,283,1568,true
STATIC_1024,dev-8,LOW,55,60,HIGH,Kyber-1024,3,0.637,3245,130,19,169,21,172,1568,true
STATIC_1024,dev-8,LOW,55,60,HIGH,Kyber-1024,3,0.637,3245,138,19,143,24,250,1568,true
STATIC_1024,dev-8,LOW,55,60,HIGH,Kyber-1024,3,0.637,3245,129,24,153,36,409,1568,true
STATIC_1024,dev-8,LOW,55,60,HIGH,Kyber-1024,3,0.637,3245,129,32,152,19,231,1568,true
STATIC_1024,dev-8,LOW,55,60,HIGH,Kyber-1024,3,0.637,3245,143,53,153,39,386,1568,true
STATIC_1024,dev-8,LOW,55,60,HIGH,Kyber-1024,3,0.637,3245,141,26,151,17,205,1568,true
STATIC_1024,dev-8,LOW,55,60,HIGH,Kyber-1024,3,0.637,3245,127,22,149,19,355,1568,true
STATIC_1024,dev-8,LOW,55,60,HIGH,Kyber-1024,3,0.637,3245,129,39,155,19,195,1568,true
STATIC_1024,dev-8,LOW,55,60,HIGH,Kyber-1024,3,0.637,3245,121,18,164,22,270,1568,true
STATIC_1024,dev-8,LOW,55,60,HIGH,Kyber-1024,3,0.637,3245,177,26,160,37,241,1568,true
ADAPTIVE,dev-8,LOW,55,60,HIGH,Kyber-768,2,0.637,2510,101,20,106,16,197,1088,true
ADAPTIVE,dev-8,LOW,55,60,HIGH,Kyber-768,2,0.637,2510,91,19,107,14,264,1088,true
ADAPTIVE,dev-8,LOW,55,60,HIGH,Kyber-768,2,0.637,2510,82,17,106,19,390,1088,true
ADAPTIVE,dev-8,LOW,55,60,HIGH,Kyber-768,2,0.637,2510,95,28,110,24,336,1088,true
ADAPTIVE,dev-8,LOW,55,60,HIGH,Kyber-768,2,0.637,2510,98,27,109,20,421,1088,true
ADAPTIVE,dev-8,LOW,55,60,HIGH,Kyber-768,2,0.637,2510,83,18,105,15,324,1088,true
ADAPTIVE,dev-8,LOW,55,60,HIGH,Kyber-768,2,0.637,2510,88,15,100,14,193,1088,true
ADAPTIVE,dev-8,LOW,55,60,HIGH,Kyber-768,2,0.637,2510,94,21,137,22,260,1088,true
ADAPTIVE,dev-8,LOW,55,60,HIGH,Kyber-768,2,0.637,2510,149,53,129,26,411,1088,true
ADAPTIVE,dev-8,LOW,55,60,HIGH,Kyber-768,2,0.637,2510,92,26,106,19,271,1088,true
ADAPTIVE,dev-8,LOW,55,60,HIGH,Kyber-768,2,0.637,2510,97,20,103,16,332,1088,true
ADAPTIVE,dev-8,LOW,55,60,HIGH,Kyber-768,2,0.637,2510,82,18,102,17,397,1088,true
ADAPTIVE,dev-8,LOW,55,60,HIGH,Kyber-768,2,0.637,2510,80,18,112,18,359,1088,true
ADAPTIVE,dev-8,LOW,55,60,HIGH,Kyber-768,2,0.637,2510,94,17,102,21,140,1088,true
ADAPTIVE,dev-8,LOW,55,60,HIGH,Kyber-768,2,0.637,2510,86,22,118,28,230,1088,true
ADAPTIVE,dev-8,LOW,55,60,HIGH,Kyber-768,2,0.637,2510,111,25,110,23,307,1088,true
ADAPTIVE,dev-8,LOW,55,60,HIGH,Kyber-768,2,0.637,2510,91,22,100,17,219,1088,true
ADAPTIVE,dev-8,LOW,55,60,HIGH,Kyber-768,2,0.637,2510,90,26,115,26,373,1088,true
ADAPTIVE,dev-8,LOW,55,60,HIGH,Kyber-768,2,0.637,2510,90,24,113,27,376,1088,true
ADAPTIVE,dev-8,LOW,55,60,HIGH,Kyber-768,2,0.637,2510,94,22,115,18,283,1088,true
ADAPTIVE,dev-8,LOW,55,60,HIGH,Kyber-768,2,0.637,2510,90,18,105,18,172,1088,true
ADAPTIVE,dev-8,LOW,55,60,HIGH,Kyber-768,2,0.637,2510,85,17,111,17,250,1088,true
ADAPTIVE,dev-8,LOW,55,60,HIGH,Kyber-768,2,0.637,2510,89,31,161,48,409,1088,true
ADAPTIVE,dev-8,LOW,55,60,HIGH,Kyber-768,2,0.637,2510,145,36,111,41,231,1088,true
ADAPTIVE,dev-8,LOW,55,60,HIGH,Kyber-768,2,0.637,2510,84,19,105,16,386,1088,true
ADAPTIVE,dev-8,LOW,55,60,HIGH,Kyber-768,2,0.637,2510,85,14,97,12,205,1088,true
ADAPTIVE,dev-8,LOW,55,60,HIGH,Kyber-768,2,0.637,2510,84,16,100,14,355,1088,true
ADAPTIVE,dev-8,LOW,55,60,HIGH,Kyber-768,2,0.637,2510,79,13,102,12,195,1088,true
ADAPTIVE,dev-8,LOW,55,60,HIGH,Kyber-768,2,0.637,2510,79,19,96,13,270,1088,true
ADAPTIVE,dev-8,LOW,55,60,HIGH,Kyber-768,2,0.637,2510,83,14,115,15,241,1088,true
STATIC_512,dev-9,LOW,90,95,HIGH,Kyber-512,1,0.753,64939,146,64,66,11,188,768,true
STATIC_512,dev-9,LOW,90,95,HIGH,Kyber-512,1,0.753,64939,35,8,42,6,230,768,true
STATIC_512,dev-9,LOW,90,95,HIGH,Kyber-512,1,0.753,64939,29,8,38,7,278,768,true
STATIC_512,dev-9,LOW,90,95,HIGH,Kyber-512,1,0.753,64939,28,6,38,5,159,768,true
STATIC_512,dev-9,LOW,90,95,HIGH,Kyber-512,1,0.753,64939,28,8,38,7,391,768,true
STATIC_512,dev-9,LOW,90,95,HIGH,Kyber-512,1,0.753,64939,28,7,38,6,225,768,true
STATIC_512,dev-9,LOW,90,95,HIGH,Kyber-512,1,0.753,64939,28,7,37,6,202,768,true
STATIC_512,dev-9,LOW,90,95,HIGH,Kyber-512,1,0.753,64939,28,8,38,6,304,768,true
STATIC_512,dev-9,LOW,90,95,HIGH,Kyber-512,1,0.753,64939,28,10,38,6,230,768,true
STATIC_512,dev-9,LOW,90,95,HIGH,Kyber-512,1,0.753,64939,28,9,38,8,418,768,true
STATIC_512,dev-9,LOW,90,95,HIGH,Kyber-512,1,0.753,64939,32,7,39,6,243,768,true
STATIC_512,dev-9,LOW,90,95,HIGH,Kyber-512,1,0.753,64939,29,8,38,11,330,768,true
STATIC_512,dev-9,LOW,90,95,HIGH,Kyber-512,1,0.753,64939,29,7,42,5,146,768,true
STATIC_512,dev-9,LOW,90,95,HIGH,Kyber-512,1,0.753,64939,28,7,39,6,199,768,true
STATIC_512,dev-9,LOW,90,95,HIGH,Kyber-512,1,0.753,64939,34,7,40,6,196,768,true
STATIC_512,dev-9,LOW,90,95,HIGH,Kyber-512,1,0.753,64939,28,10,39,8,413,768,true
STATIC_512,dev-9,LOW,90,95,HIGH,Kyber-512,1,0.753,64939,29,8,38,7,289,768,true
STATIC_512,dev-9,LOW,90,95,HIGH,Kyber-512,1,0.753,64939,28,7,38,6,233,768,true
STATIC_512,dev-9,LOW,90,95,HIGH,Kyber-512,1,0.753,64939,28,7,38,6,241,768,true
STATIC_512,dev-9,LOW,90,95,HIGH,Kyber-512,1,0.753,64939,29,7,48,6,219,768,true
STATIC_512,dev-9,LOW,90,95,HIGH,Kyber-512,1,0.753,64939,29,9,39,8,399,768,true
STATIC_512,dev-9,LOW,90,95,HIGH,Kyber-512,1,0.753,64939,29,8,40,7,314,768,true
STATIC_512,dev-9,LOW,90,95,HIGH,Kyber-512,1,0.753,64939,29,9,38,8,409,768,true
STATIC_512,dev-9,LOW,90,95,HIGH,Kyber-512,1,0.753,64939,29,9,39,8,380,768,true
STATIC_512,dev-9,LOW,90,95,HIGH,Kyber-512,1,0.753,64939,29,10,39,8,398,768,true
STATIC_512,dev-9,LOW,90,95,HIGH,Kyber-512,1,0.753,64939,28,9,39,8,374,768,true
STATIC_512,dev-9,LOW,90,95,HIGH,Kyber-512,1,0.753,64939,28,9,39,8,367,768,true
STATIC_512,dev-9,LOW,90,95,HIGH,Kyber-512,1,0.753,64939,29,8,39,6,203,768,true
STATIC_512,dev-9,LOW,90,95,HIGH,Kyber-512,1,0.753,64939,29,7,40,6,179,768,true
STATIC_512,dev-9,LOW,90,95,HIGH,Kyber-512,1,0.753,64939,29,9,39,9,414,768,true
STATIC_768,dev-9,LOW,90,95,HIGH,Kyber-768,2,0.753,2510,50,7,60,6,188,1088,true
STATIC_768,dev-9,LOW,90,95,HIGH,Kyber-768,2,0.753,2510,53,10,63,9,230,1088,true
STATIC_768,dev-9,LOW,90,95,HIGH,Kyber-768,2,0.753,2510,52,10,153,40,278,1088,true
STATIC_768,dev-9,LOW,90,95,HIGH,Kyber-768,2,0.753,2510,97,24,114,17,159,1088,true
STATIC_768,dev-9,LOW,90,95,HIGH,Kyber-768,2,0.753,2510,85,27,105,19,391,1088,true
STATIC_768,dev-9,LOW,90,95,HIGH,Kyber-768,2,0.753,2510,92,20,137,26,225,1088,true
STATIC_768,dev-9,LOW,90,95,HIGH,Kyber-768,2,0.753,2510,93,53,150,35,202,1088,true
STATIC_768,dev-9,LOW,90,95,HIGH,Kyber-768,2,0.753,2510,97,28,211,39,304,1088,true
STATIC_768,dev-9,LOW,90,95,HIGH,Kyber-768,2,0.753,2510,109,28,108,32,230,1088,true
STATIC_768,dev-9,LOW,90,95,HIGH,Kyber-768,2,0.753,2510,88,24,479,48,418,1088,true
STATIC_768,dev-9,LOW,90,95,HIGH,Kyber-768,2,0.753,2510,148,32,2058,116,243,1088,true
STATIC_768,dev-9,LOW,90,95,HIGH,Kyber-768,2,0.753,2510,284,102,127,40,330,1088,true
STATIC_768,dev-9,LOW,90,95,HIGH,Kyber-768,2,0.753,2510,123,28,115,23,146,1088,true
STATIC_768,dev-9,LOW,90,95,HIGH,Kyber-768,2,0.753,2510,87,23,151,41,199,1088,true
STATIC_768,dev-9,LOW,90,95,HIGH,Kyber-768,2,0.753,2510,113,29,111,22,196,1088,true
STATIC_768,dev-9,LOW,90,95,HIGH,Kyber-768,2,0.753,2510,96,25,158,33,413,1088,true
STATIC_768,dev-9,LOW,90,95,HIGH,Kyber-768,2,0.753,2510,88,24,113,20,289,1088,true
STATIC_768,dev-9,LOW,90,95,HIGH,Kyber-768,2,0.753,2510,86,27,103,18,233,1088,true
STATIC_768,dev-9,LOW,90,95,HIGH,Kyber-768,2,0.753,2510,109,21,111,18,241,1088,true
STATIC_768,dev-9,LOW,90,95,HIGH,Kyber-768,2,0.753,2510,293,36,73,25,219,1088,true
STATIC_768,dev-9,LOW,90,95,HIGH,Kyber-768,2,0.753,2510,117,39,122,26,399,1088,true
STATIC_768,dev-9,LOW,90,95,HIGH,Kyber-768,2,0.753,2510,94,27,122,28,314,1088,true
STATIC_768,dev-9,LOW,90,95,HIGH,Kyber-768,2,0.753,2510,87,22,109,21,409,1088,true
STATIC_768,dev-9,LOW,90,95,HIGH,Kyber-768,2,0.753,2510,255,25,69,18,380,1088,true
STATIC_768,dev-9,LOW,90,95,HIGH,Kyber-768,2,0.753,2510,63,14,55,8,398,1088,true
STATIC_768,dev-9,LOW,90,95,HIGH,Kyber-768,2,0.753,2510,46,18,93,40,374,1088,true
STATIC_768,dev-9,LOW,90,95,HIGH,Kyber-768,2,0.753,2510,71,15,63,9,367,1088,true
STATIC_768,dev-9,LOW,90,95,HIGH,Kyber-768,2,0.753,2510,69,10,86,10,203,1088,true
STATIC_768,dev-9,LOW,90,95,HIGH,Kyber-768,2,0.753,2510,66,21,71,13,179,1088,true
STATIC_768,dev-9,LOW,90,95,HIGH,Kyber-768,2,0.753,2510,49,22,105,28,414,1088,true
STATIC_1024,dev-9,LOW,90,95,HIGH,Kyber-1024,3,0.753,3245,87,17,111,24,188,1568,true
STATIC_1024,dev-9,LOW,90,95,HIGH,Kyber-1024,3,0.753,3245,111,23,134,19,230,1568,true
STATIC_1024,dev-9,LOW,90,95,HIGH,Kyber-1024,3,0.753,3245,76,16,87,12,278,1568,true
STATIC_1024,dev-9,LOW,90,95,HIGH,Kyber-1024,3,0.753,3245,107,36,102,14,159,1568,true
STATIC_1024,dev-9,LOW,90,95,HIGH,Kyber-1024,3,0.753,3245,69,15,104,16,391,1568,true
STATIC_1024,dev-9,LOW,90,95,HIGH,Kyber-1024,3,0.753,3245,311,49,185,39,225,1568,true
STATIC_1024,dev-9,LOW,90,95,HIGH,Kyber-1024,3,0.753,3245,176,107,168,30,202,1568,true
STATIC_1024,dev-9,LOW,90,95,HIGH,Kyber-1024,3,0.753,3245,137,28,166,26,304,1568,true
STATIC_1024,dev-9,LOW,90,95,HIGH,Kyber-1024,3,0.753,3245,141,20,152,16,230,1568,true
STATIC_1024,dev-9,LOW,90,95,HIGH,Kyber-1024,3,0.753,3245,158,36,159,25,418,1568,true
STATIC_1024,dev-9,LOW,90,95,HIGH,Kyber-1024,3,0.753,3245,131,21,144,23,243,1568,true
STATIC_1024,dev-9,LOW,90,95,HIGH,Kyber-1024,3,0.753,3245,121,23,186,38,330,1568,true
STATIC_1024,dev-9,LOW,90,95,HIGH,Kyber-1024,3,0.753,3245,138,26,154,21,146,1568,true
STATIC_1024,dev-9,LOW,90,95,HIGH,Kyber-1024,3,0.753,3245,126,19,171,22,199,1568,true
STATIC_1024,dev-9,LOW,90,95,HIGH,Kyber-1024,3,0.753,3245,122,18,148,17,196,1568,true
STATIC_1024,dev-9,LOW,90,95,HIGH,Kyber-1024,3,0.753,3245,140,26,172,24,413,1568,true
STATIC_1024,dev-9,LOW,90,95,HIGH,Kyber-1024,3,0.753,3245,140,21,145,17,289,1568,true
STATIC_1024,dev-9,LOW,90,95,HIGH,Kyber-1024,3,0.753,3245,128,20,146,15,233,1568,true
STATIC_1024,dev-9,LOW,90,95,HIGH,Kyber-1024,3,0.753,3245,124,18,147,41,241,1568,true
STATIC_1024,dev-9,LOW,90,95,HIGH,Kyber-1024,3,0.753,3245,1816,68,112,78,219,1568,true
STATIC_1024,dev-9,LOW,90,95,HIGH,Kyber-1024,3,0.753,3245,73,75,178,31,399,1568,true
STATIC_1024,dev-9,LOW,90,95,HIGH,Kyber-1024,3,0.753,3245,142,25,156,21,314,1568,true
STATIC_1024,dev-9,LOW,90,95,HIGH,Kyber-1024,3,0.753,3245,128,56,276,30,409,1568,true
STATIC_1024,dev-9,LOW,90,95,HIGH,Kyber-1024,3,0.753,3245,158,49,166,27,380,1568,true
STATIC_1024,dev-9,LOW,90,95,HIGH,Kyber-1024,3,0.753,3245,395,46,309,43,398,1568,true
STATIC_1024,dev-9,LOW,90,95,HIGH,Kyber-1024,3,0.753,3245,152,32,162,26,374,1568,true
STATIC_1024,dev-9,LOW,90,95,HIGH,Kyber-1024,3,0.753,3245,203,49,193,103,367,1568,true
STATIC_1024,dev-9,LOW,90,95,HIGH,Kyber-1024,3,0.753,3245,186,39,199,34,203,1568,true
STATIC_1024,dev-9,LOW,90,95,HIGH,Kyber-1024,3,0.753,3245,136,25,156,20,179,1568,true
STATIC_1024,dev-9,LOW,90,95,HIGH,Kyber-1024,3,0.753,3245,129,21,148,24,414,1568,true
ADAPTIVE,dev-9,LOW,90,95,HIGH,Kyber-1024,3,0.753,3245,119,17,154,17,188,1568,true
ADAPTIVE,dev-9,LOW,90,95,HIGH,Kyber-1024,3,0.753,3245,537,120,174,31,230,1568,true
ADAPTIVE,dev-9,LOW,90,95,HIGH,Kyber-1024,3,0.753,3245,1885,83,216,58,278,1568,true
ADAPTIVE,dev-9,LOW,90,95,HIGH,Kyber-1024,3,0.753,3245,155,43,192,28,159,1568,true
ADAPTIVE,dev-9,LOW,90,95,HIGH,Kyber-1024,3,0.753,3245,146,31,288,45,391,1568,true
ADAPTIVE,dev-9,LOW,90,95,HIGH,Kyber-1024,3,0.753,3245,165,30,187,34,225,1568,true
ADAPTIVE,dev-9,LOW,90,95,HIGH,Kyber-1024,3,0.753,3245,167,50,194,27,202,1568,true
ADAPTIVE,dev-9,LOW,90,95,HIGH,Kyber-1024,3,0.753,3245,179,34,172,21,304,1568,true
ADAPTIVE,dev-9,LOW,90,95,HIGH,Kyber-1024,3,0.753,3245,133,25,154,18,230,1568,true
ADAPTIVE,dev-9,LOW,90,95,HIGH,Kyber-1024,3,0.753,3245,123,26,153,19,418,1568,true
ADAPTIVE,dev-9,LOW,90,95,HIGH,Kyber-1024,3,0.753,3245,126,17,147,14,243,1568,true
ADAPTIVE,dev-9,LOW,90,95,HIGH,Kyber-1024,3,0.753,3245,124,16,146,17,330,1568,true
ADAPTIVE,dev-9,LOW,90,95,HIGH,Kyber-1024,3,0.753,3245,138,22,142,13,146,1568,true
ADAPTIVE,dev-9,LOW,90,95,HIGH,Kyber-1024,3,0.753,3245,162,20,148,15,199,1568,true
ADAPTIVE,dev-9,LOW,90,95,HIGH,Kyber-1024,3,0.753,3245,124,15,145,13,196,1568,true
ADAPTIVE,dev-9,LOW,90,95,HIGH,Kyber-1024,3,0.753,3245,118,24,142,24,413,1568,true
ADAPTIVE,dev-9,LOW,90,95,HIGH,Kyber-1024,3,0.753,3245,123,21,151,20,289,1568,true
ADAPTIVE,dev-9,LOW,90,95,HIGH,Kyber-1024,3,0.753,3245,129,18,148,16,233,1568,true
ADAPTIVE,dev-9,LOW,90,95,HIGH,Kyber-1024,3,0.753,3245,127,20,195,30,241,1568,true
ADAPTIVE,dev-9,LOW,90,95,HIGH,Kyber-1024,3,0.753,3245,139,20,162,18,219,1568,true
ADAPTIVE,dev-9,LOW,90,95,HIGH,Kyber-1024,3,0.753,3245,127,19,155,21,399,1568,true
ADAPTIVE,dev-9,LOW,90,95,HIGH,Kyber-1024,3,0.753,3245,128,21,162,20,314,1568,true
ADAPTIVE,dev-9,LOW,90,95,HIGH,Kyber-1024,3,0.753,3245,124,41,190,24,409,1568,true
ADAPTIVE,dev-9,LOW,90,95,HIGH,Kyber-1024,3,0.753,3245,125,19,170,21,380,1568,true
ADAPTIVE,dev-9,LOW,90,95,HIGH,Kyber-1024,3,0.753,3245,146,19,147,22,398,1568,true
ADAPTIVE,dev-9,LOW,90,95,HIGH,Kyber-1024,3,0.753,3245,118,19,149,19,374,1568,true
ADAPTIVE,dev-9,LOW,90,95,HIGH,Kyber-1024,3,0.753,3245,129,23,154,21,367,1568,true
ADAPTIVE,dev-9,LOW,90,95,HIGH,Kyber-1024,3,0.753,3245,126,17,149,17,203,1568,true
ADAPTIVE,dev-9,LOW,90,95,HIGH,Kyber-1024,3,0.753,3245,120,18,149,16,179,1568,true
ADAPTIVE,dev-9,LOW,90,95,HIGH,Kyber-1024,3,0.753,3245,144,26,150,19,414,1568,true
STATIC_512,dev-10,MEDIUM,15,30,LOW,Kyber-512,1,0.176,64939,115,74,109,48,175,768,true
STATIC_512,dev-10,MEDIUM,15,30,LOW,Kyber-512,1,0.176,64939,74,43,92,23,302,768,true
STATIC_512,dev-10,MEDIUM,15,30,LOW,Kyber-512,1,0.176,64939,60,19,76,16,204,768,true
STATIC_512,dev-10,MEDIUM,15,30,LOW,Kyber-512,1,0.176,64939,54,15,76,20,250,768,true
STATIC_512,dev-10,MEDIUM,15,30,LOW,Kyber-512,1,0.176,64939,55,19,78,17,306,768,true
STATIC_512,dev-10,MEDIUM,15,30,LOW,Kyber-512,1,0.176,64939,58,22,75,20,340,768,true
STATIC_512,dev-10,MEDIUM,15,30,LOW,Kyber-512,1,0.176,64939,55,15,73,14,207,768,true
STATIC_512,dev-10,MEDIUM,15,30,LOW,Kyber-512,1,0.176,64939,53,14,71,13,214,768,true
STATIC_512,dev-10,MEDIUM,15,30,LOW,Kyber-512,1,0.176,64939,51,12,87,13,136,768,true
STATIC_512,dev-10,MEDIUM,15,30,LOW,Kyber-512,1,0.176,64939,53,14,78,13,225,768,true
STATIC_512,dev-10,MEDIUM,15,30,LOW,Kyber-512,1,0.176,64939,52,16,69,15,417,768,true
STATIC_512,dev-10,MEDIUM,15,30,LOW,Kyber-512,1,0.176,64939,51,16,69,15,416,768,true
STATIC_512,dev-10,MEDIUM,15,30,LOW,Kyber-512,1,0.176,64939,50,11,78,20,155,768,true
STATIC_512,dev-10,MEDIUM,15,30,LOW,Kyber-512,1,0.176,64939,61,14,81,12,155,768,true
STATIC_512,dev-10,MEDIUM,15,30,LOW,Kyber-512,1,0.176,64939,52,16,65,20,398,768,true
STATIC_512,dev-10,MEDIUM,15,30,LOW,Kyber-512,1,0.176,64939,51,14,64,18,293,768,true
STATIC_512,dev-10,MEDIUM,15,30,LOW,Kyber-512,1,0.176,64939,52,12,65,17,147,768,true
STATIC_512,dev-10,MEDIUM,15,30,LOW,Kyber-512,1,0.176,64939,50,15,64,22,360,768,true
STATIC_512,dev-10,MEDIUM,15,30,LOW,Kyber-512,1,0.176,64939,57,18,65,22,320,768,true
STATIC_512,dev-10,MEDIUM,15,30,LOW,Kyber-512,1,0.176,64939,55,16,65,35,195,768,true
STATIC_512,dev-10,MEDIUM,15,30,LOW,Kyber-512,1,0.176,64939,58,14,65,12,218,768,true
STATIC_512,dev-10,MEDIUM,15,30,LOW,Kyber-512,1,0.176,64939,69,17,65,15,359,768,true
STATIC_512,dev-10,MEDIUM,15,30,LOW,Kyber-512,1,0.176,64939,57,14,64,13,234,768,true
STATIC_512,dev-10,MEDIUM,15,30,LOW,Kyber-512,1,0.176,64939,57,16,65,15,404,768,true
STATIC_512,dev-10,MEDIUM,15,30,LOW,Kyber-512,1,0.176,64939,58,16,65,15,403,768,true
STATIC_512,dev-10,MEDIUM,15,30,LOW,Kyber-512,1,0.176,64939,58,17,67,16,402,768,true
STATIC_512,dev-10,MEDIUM,15,30,LOW,Kyber-512,1,0.176,64939,57,14,64,12,224,768,true
STATIC_512,dev-10,MEDIUM,15,30,LOW,Kyber-512,1,0.176,64939,56,12,69,11,160,768,true
STATIC_512,dev-10,MEDIUM,15,30,LOW,Kyber-512,1,0.176,64939,56,14,65,13,256,768,true
STATIC_512,dev-10,MEDIUM,15,30,LOW,Kyber-512,1,0.176,64939,57,15,66,14,307,768,true
STATIC_768,dev-10,MEDIUM,15,30,LOW,Kyber-768,2,0.176,2510,93,15,105,13,175,1088,true
STATIC_768,dev-10,MEDIUM,15,30,LOW,Kyber-768,2,0.176,2510,83,17,105,15,302,1088,true
STATIC_768,dev-10,MEDIUM,15,30,LOW,Kyber-768,2,0.176,2510,80,19,111,14,204,1088,true
STATIC_768,dev-10,MEDIUM,15,30,LOW,Kyber-768,2,0.176,2510,87,18,100,20,250,1088,true
STATIC_768,dev-10,MEDIUM,15,30,LOW,Kyber-768,2,0.176,2510,82,15,121,19,306,1088,true
STATIC_768,dev-10,MEDIUM,15,30,LOW,Kyber-768,2,0.176,2510,89,19,124,18,340,1088,true
STATIC_768,dev-10,MEDIUM,15,30,LOW,Kyber-768,2,0.176,2510,99,18,103,18,207,1088,true
STATIC_768,dev-10,MEDIUM,15,30,LOW,Kyber-768,2,0.176,2510,90,17,105,13,214,1088,true
STATIC_768,dev-10,MEDIUM,15,30,LOW,Kyber-768,2,0.176,2510,80,13,106,15,136,1088,true
STATIC_768,dev-10,MEDIUM,15,30,LOW,Kyber-768,2,0.176,2510,96,16,100,19,225,1088,true
STATIC_768,dev-10,MEDIUM,15,30,LOW,Kyber-768,2,0.176,2510,105,24,116,34,417,1088,true
STATIC_768,dev-10,MEDIUM,15,30,LOW,Kyber-768,2,0.176,2510,86,20,134,27,416,1088,true
STATIC_768,dev-10,MEDIUM,15,30,LOW,Kyber-768,2,0.176,2510,99,18,101,15,155,1088,true
STATIC_768,dev-10,MEDIUM,15,30,LOW,Kyber-768,2,0.176,2510,88,17,109,17,155,1088,true
STATIC_768,dev-10,MEDIUM,15,30,LOW,Kyber-768,2,0.176,2510,83,23,109,21,398,1088,true
STATIC_768,dev-10,MEDIUM,15,30,LOW,Kyber-768,2,0.176,2510,83,29,103,18,293,1088,true
STATIC_768,dev-10,MEDIUM,15,30,LOW,Kyber-768,2,0.176,2510,91,17,102,24,147,1088,true
STATIC_768,dev-10,MEDIUM,15,30,LOW,Kyber-768,2,0.176,2510,84,20,108,19,360,1088,true
STATIC_768,dev-10,MEDIUM,15,30,LOW,Kyber-768,2,0.176,2510,81,16,105,14,320,1088,true
STATIC_768,dev-10,MEDIUM,15,30,LOW,Kyber-768,2,0.176,2510,98,14,98,12,195,1088,true
STATIC_768,dev-10,MEDIUM,15,30,LOW,Kyber-768,2,0.176,2510,85,13,102,12,218,1088,true
STATIC_768,dev-10,MEDIUM,15,30,LOW,Kyber-768,2,0.176,2510,98,20,103,15,359,1088,true
STATIC_768,dev-10,MEDIUM,15,30,LOW,Kyber-768,2,0.176,2510,84,13,104,12,234,1088,true
STATIC_768,dev-10,MEDIUM,15,30,LOW,Kyber-768,2,0.176,2510,85,16,103,15,404,1088,true
STATIC_768,dev-10,MEDIUM,15,30,LOW,Kyber-768,2,0.176,2510,80,16,102,15,403,1088,true
STATIC_768,dev-10,MEDIUM,15,30,LOW,Kyber-768,2,0.176,2510,85,16,98,15,402,1088,true
STATIC_768,dev-10,MEDIUM,15,30,LOW,Kyber-768,2,0.176,2510,84,13,103,13,224,1088,true
STATIC_768,dev-10,MEDIUM,15,30,LOW,Kyber-768,2,0.176,2510,83,14,108,15,160,1088,true
STATIC_768,dev-10,MEDIUM,15,30,LOW,Kyber-768,2,0.176,2510,96,25,99,14,256,1088,true
STATIC_768,dev-10,MEDIUM,15,30,LOW,Kyber-768,2,0.176,2510,85,16,98,20,307,1088,true
STATIC_1024,dev-10,MEDIUM,15,30,LOW,Kyber-1024,3,0.176,3245,131,19,156,17,175,1568,true
STATIC_1024,dev-10,MEDIUM,15,30,LOW,Kyber-1024,3,0.176,3245,125,17,149,17,302,1568,true
STATIC_1024,dev-10,MEDIUM,15,30,LOW,Kyber-1024,3,0.176,3245,126,16,429,42,204,1568,true
STATIC_1024,dev-10,MEDIUM,15,30,LOW,Kyber-1024,3,0.176,3245,135,26,177,20,250,1568,true
STATIC_1024,dev-10,MEDIUM,15,30,LOW,Kyber-1024,3,0.176,3245,128,19,176,18,306,1568,true
STATIC_1024,dev-10,MEDIUM,15,30,LOW,Kyber-1024,3,0.176,3245,132,255,179,33,340,1568,true
STATIC_1024,dev-10,MEDIUM,15,30,LOW,Kyber-1024,3,0.176,3245,237,37,138,14,207,1568,true
STATIC_1024,dev-10,MEDIUM,15,30,LOW,Kyber-1024,3,0.176,3245,107,12,122,10,214,1568,true
STATIC_1024,dev-10,MEDIUM,15,30,LOW,Kyber-1024,3,0.176,3245,104,9,118,7,136,1568,true
STATIC_1024,dev-10,MEDIUM,15,30,LOW,Kyber-1024,3,0.176,3245,75,8,84,7,225,1568,true
STATIC_1024,dev-10,MEDIUM,15,30,LOW,Kyber-1024,3,0.176,3245,68,9,176,37,417,1568,true
STATIC_1024,dev-10,MEDIUM,15,30,LOW,Kyber-1024,3,0.176,3245,170,65,187,34,416,1568,true
STATIC_1024,dev-10,MEDIUM,15,30,LOW,Kyber-1024,3,0.176,3245,129,26,144,14,155,1568,true
STATIC_1024,dev-10,MEDIUM,15,30,LOW,Kyber-1024,3,0.176,3245,134,16,151,20,155,1568,true
STATIC_1024,dev-10,MEDIUM,15,30,LOW,Kyber-1024,3,0.176,3245,129,21,152,21,398,1568,true
STATIC_1024,dev-10,MEDIUM,15,30,LOW,Kyber-1024,3,0.176,3245,127,35,150,28,293,1568,true
STATIC_1024,dev-10,MEDIUM,15,30,LOW,Kyber-1024,3,0.176,3245,130,22,175,28,147,1568,true
STATIC_1024,dev-10,MEDIUM,15,30,LOW,Kyber-1024,3,0.176,3245,138,35,159,30,360,1568,true
STATIC_1024,dev-10,MEDIUM,15,30,LOW,Kyber-1024,3,0.176,3245,134,30,146,32,320,1568,true
STATIC_1024,dev-10,MEDIUM,15,30,LOW,Kyber-1024,3,0.176,3245,121,16,150,16,195,1568,true
STATIC_1024,dev-10,MEDIUM,15,30,LOW,Kyber-1024,3,0.176,3245,123,15,149,18,218,1568,true
STATIC_1024,dev-10,MEDIUM,15,30,LOW,Kyber-1024,3,0.176,3245,126,22,156,23,359,1568,true
STATIC_1024,dev-10,MEDIUM,15,30,LOW,Kyber-1024,3,0.176,3245,124,19,167,21,234,1568,true
STATIC_1024,dev-10,MEDIUM,15,30,LOW,Kyber-1024,3,0.176,3245,126,23,168,23,404,1568,true
STATIC_1024,dev-10,MEDIUM,15,30,LOW,Kyber-1024,3,0.176,3245,135,22,165,25,403,1568,true
STATIC_1024,dev-10,MEDIUM,15,30,LOW,Kyber-1024,3,0.176,3245,121,20,146,21,402,1568,true
STATIC_1024,dev-10,MEDIUM,15,30,LOW,Kyber-1024,3,0.176,3245,121,13,143,13,224,1568,true
STATIC_1024,dev-10,MEDIUM,15,30,LOW,Kyber-1024,3,0.176,3245,122,14,145,14,160,1568,true
STATIC_1024,dev-10,MEDIUM,15,30,LOW,Kyber-1024,3,0.176,3245,138,19,178,32,256,1568,true
STATIC_1024,dev-10,MEDIUM,15,30,LOW,Kyber-1024,3,0.176,3245,135,22,149,21,307,1568,true
ADAPTIVE,dev-10,MEDIUM,15,30,LOW,Kyber-512,1,0.176,64939,62,24,69,14,175,768,true
ADAPTIVE,dev-10,MEDIUM,15,30,LOW,Kyber-512,1,0.176,64939,53,16,72,18,302,768,true
ADAPTIVE,dev-10,MEDIUM,15,30,LOW,Kyber-512,1,0.176,64939,54,16,74,18,204,768,true
ADAPTIVE,dev-10,MEDIUM,15,30,LOW,Kyber-512,1,0.176,64939,55,18,84,17,250,768,true
ADAPTIVE,dev-10,MEDIUM,15,30,LOW,Kyber-512,1,0.176,64939,56,23,76,20,306,768,true
ADAPTIVE,dev-10,MEDIUM,15,30,LOW,Kyber-512,1,0.176,64939,57,21,74,19,340,768,true
ADAPTIVE,dev-10,MEDIUM,15,30,LOW,Kyber-512,1,0.176,64939,53,17,74,15,207,768,true
ADAPTIVE,dev-10,MEDIUM,15,30,LOW,Kyber-512,1,0.176,64939,54,19,77,18,214,768,true
ADAPTIVE,dev-10,MEDIUM,15,30,LOW,Kyber-512,1,0.176,64939,59,18,75,14,136,768,true
ADAPTIVE,dev-10,MEDIUM,15,30,LOW,Kyber-512,1,0.176,64939,68,19,73,17,225,768,true
ADAPTIVE,dev-10,MEDIUM,15,30,LOW,Kyber-512,1,0.176,64939,54,21,74,21,417,768,true
ADAPTIVE,dev-10,MEDIUM,15,30,LOW,Kyber-512,1,0.176,64939,56,21,74,18,416,768,true
ADAPTIVE,dev-10,MEDIUM,15,30,LOW,Kyber-512,1,0.176,64939,53,14,73,14,155,768,true
ADAPTIVE,dev-10,MEDIUM,15,30,LOW,Kyber-512,1,0.176,64939,52,12,111,35,155,768,true
ADAPTIVE,dev-10,MEDIUM,15,30,LOW,Kyber-512,1,0.176,64939,61,18,79,15,398,768,true
ADAPTIVE,dev-10,MEDIUM,15,30,LOW,Kyber-512,1,0.176,64939,47,13,94,14,293,768,true
ADAPTIVE,dev-10,MEDIUM,15,30,LOW,Kyber-512,1,0.176,64939,49,13,64,15,147,768,true
ADAPTIVE,dev-10,MEDIUM,15,30,LOW,Kyber-512,1,0.176,64939,50,18,66,19,360,768,true
ADAPTIVE,dev-10,MEDIUM,15,30,LOW,Kyber-512,1,0.176,64939,50,20,129,48,320,768,true
ADAPTIVE,dev-10,MEDIUM,15,30,LOW,Kyber-512,1,0.176,64939,73,26,110,26,195,768,true
ADAPTIVE,dev-10,MEDIUM,15,30,LOW,Kyber-512,1,0.176,64939,60,18,76,15,218,768,true
ADAPTIVE,dev-10,MEDIUM,15,30,LOW,Kyber-512,1,0.176,64939,55,18,92,24,359,768,true
ADAPTIVE,dev-10,MEDIUM,15,30,LOW,Kyber-512,1,0.176,64939,64,22,81,18,234,768,true
ADAPTIVE,dev-10,MEDIUM,15,30,LOW,Kyber-512,1,0.176,64939,55,21,121,61,404,768,true
ADAPTIVE,dev-10,MEDIUM,15,30,LOW,Kyber-512,1,0.176,64939,77,34,89,26,403,768,true
ADAPTIVE,dev-10,MEDIUM,15,30,LOW,Kyber-512,1,0.176,64939,56,28,76,21,402,768,true
ADAPTIVE,dev-10,MEDIUM,15,30,LOW,Kyber-512,1,0.176,64939,53,18,71,16,224,768,true
ADAPTIVE,dev-10,MEDIUM,15,30,LOW,Kyber-512,1,0.176,64939,53,14,71,16,160,768,true
ADAPTIVE,dev-10,MEDIUM,15,30,LOW,Kyber-512,1,0.176,64939,52,15,70,16,256,768,true
ADAPTIVE,dev-10,MEDIUM,15,30,LOW,Kyber-512,1,0.176,64939,52,16,71,18,307,768,true
STATIC_512,dev-11,MEDIUM,55,60,LOW,Kyber-512,1,0.297,64939,145,76,94,59,189,768,true
STATIC_512,dev-11,MEDIUM,55,60,LOW,Kyber-512,1,0.297,64939,66,25,71,23,298,768,true
STATIC_512,dev-11,MEDIUM,55,60,LOW,Kyber-512,1,0.297,64939,54,15,66,20,261,768,true
STATIC_512,dev-11,MEDIUM,55,60,LOW,Kyber-512,1,0.297,64939,56,23,73,25,205,768,true
STATIC_512,dev-11,MEDIUM,55,60,LOW,Kyber-512,1,0.297,64939,58,21,71,18,226,768,true
STATIC_512,dev-11,MEDIUM,55,60,LOW,Kyber-512,1,0.297,64939,62,14,67,12,136,768,true
STATIC_512,dev-11,MEDIUM,55,60,LOW,Kyber-512,1,0.297,64939,59,18,65,16,378,768,true
STATIC_512,dev-11,MEDIUM,55,60,LOW,Kyber-512,1,0.297,64939,56,13,64,18,235,768,true
STATIC_512,dev-11,MEDIUM,55,60,LOW,Kyber-512,1,0.297,64939,57,14,64,12,143,768,true
STATIC_512,dev-11,MEDIUM,55,60,LOW,Kyber-512,1,0.297,64939,76,18,66,13,255,768,true
STATIC_512,dev-11,MEDIUM,55,60,LOW,Kyber-512,1,0.297,64939,57,16,66,15,344,768,true
STATIC_512,dev-11,MEDIUM,55,60,LOW,Kyber-512,1,0.297,64939,57,17,66,17,396,768,true
STATIC_512,dev-11,MEDIUM,55,60,LOW,Kyber-512,1,0.297,64939,58,16,65,22,311,768,true
STATIC_512,dev-11,MEDIUM,55,60,LOW,Kyber-512,1,0.297,64939,59,17,67,15,155,768,true
STATIC_512,dev-11,MEDIUM,55,60,LOW,Kyber-512,1,0.297,64939,62,15,67,13,153,768,true
STATIC_512,dev-11,MEDIUM,55,60,LOW,Kyber-512,1,0.297,64939,61,19,70,18,180,768,true
STATIC_512,dev-11,MEDIUM,55,60,LOW,Kyber-512,1,0.297,64939,83,27,81,24,272,768,true
STATIC_512,dev-11,MEDIUM,55,60,LOW,Kyber-512,1,0.297,64939,63,17,67,15,193,768,true
STATIC_512,dev-11,MEDIUM,55,60,LOW,Kyber-512,1,0.297,64939,60,17,64,13,239,768,true
STATIC_512,dev-11,MEDIUM,55,60,LOW,Kyber-512,1,0.297,64939,56,15,64,15,329,768,true
STATIC_512,dev-11,MEDIUM,55,60,LOW,Kyber-512,1,0.297,64939,57,12,64,27,154,768,true
STATIC_512,dev-11,MEDIUM,55,60,LOW,Kyber-512,1,0.297,64939,60,17,68,15,252,768,true
STATIC_512,dev-11,MEDIUM,55,60,LOW,Kyber-512,1,0.297,64939,61,20,70,19,338,768,true
STATIC_512,dev-11,MEDIUM,55,60,LOW,Kyber-512,1,0.297,64939,60,18,65,14,329,768,true
STATIC_512,dev-11,MEDIUM,55,60,LOW,Kyber-512,1,0.297,64939,56,12,65,12,138,768,true
STATIC_512,dev-11,MEDIUM,55,60,LOW,Kyber-512,1,0.297,64939,56,16,65,15,403,768,true
STATIC_512,dev-11,MEDIUM,55,60,LOW,Kyber-512,1,0.297,64939,65,16,64,14,370,768,true
STATIC_512,dev-11,MEDIUM,55,60,LOW,Kyber-512,1,0.297,64939,56,18,65,23,386,768,true
STATIC_512,dev-11,MEDIUM,55,60,LOW,Kyber-512,1,0.297,64939,50,18,65,12,197,768,true
STATIC_512,dev-11,MEDIUM,55,60,LOW,Kyber-512,1,0.297,64939,51,20,64,13,283,768,true
STATIC_768,dev-11,MEDIUM,55,60,LOW,Kyber-768,2,0.297,2510,95,14,111,12,189,1088,true
STATIC_768,dev-11,MEDIUM,55,60,LOW,Kyber-768,2,0.297,2510,86,15,105,14,298,1088,true
STATIC_768,dev-11,MEDIUM,55,60,LOW,Kyber-768,2,0.297,2510,95,16,105,17,261,1088,true
STATIC_768,dev-11,MEDIUM,55,60,LOW,Kyber-768,2,0.297,2510,91,15,104,20,205,1088,true
STATIC_768,dev-11,MEDIUM,55,60,LOW,Kyber-768,2,0.297,2510,87,14,105,13,226,1088,true
STATIC_768,dev-11,MEDIUM,55,60,LOW,Kyber-768,2,0.297,2510,80,14,105,12,136,1088,true
STATIC_768,dev-11,MEDIUM,55,60,LOW,Kyber-768,2,0.297,2510,88,18,101,19,378,1088,true
STATIC_768,dev-11,MEDIUM,55,60,LOW,Kyber-768,2,0.297,2510,87,15,103,13,235,1088,true
STATIC_768,dev-11,MEDIUM,55,60,LOW,Kyber-768,2,0.297,2510,81,15,107,20,143,1088,true
STATIC_768,dev-11,MEDIUM,55,60,LOW,Kyber-768,2,0.297,2510,83,23,100,16,255,1088,true
STATIC_768,dev-11,MEDIUM,55,60,LOW,Kyber-768,2,0.297,2510,91,23,111,20,344,1088,true
STATIC_768,dev-11,MEDIUM,55,60,LOW,Kyber-768,2,0.297,2510,97,18,112,19,396,1088,true
STATIC_768,dev-11,MEDIUM,55,60,LOW,Kyber-768,2,0.297,2510,82,18,107,16,311,1088,true
STATIC_768,dev-11,MEDIUM,55,60,LOW,Kyber-768,2,0.297,2510,87,13,99,28,155,1088,true
STATIC_768,dev-11,MEDIUM,55,60,LOW,Kyber-768,2,0.297,2510,96,19,119,17,153,1088,true
STATIC_768,dev-11,MEDIUM,55,60,LOW,Kyber-768,2,0.297,2510,83,21,108,16,180,1088,true
STATIC_768,dev-11,MEDIUM,55,60,LOW,Kyber-768,2,0.297,2510,91,19,102,17,272,1088,true
STATIC_768,dev-11,MEDIUM,55,60,LOW,Kyber-768,2,0.297,2510,89,17,104,12,193,1088,true
STATIC_768,dev-11,MEDIUM,55,60,LOW,Kyber-768,2,0.297,2510,79,13,101,12,239,1088,true
STATIC_768,dev-11,MEDIUM,55,60,LOW,Kyber-768,2,0.297,2510,83,14,115,15,329,1088,true
STATIC_768,dev-11,MEDIUM,55,60,LOW,Kyber-768,2,0.297,2510,85,12,102,11,154,1088,true
STATIC_768,dev-11,MEDIUM,55,60,LOW,Kyber-768,2,0.297,2510,96,18,109,14,252,1088,true
STATIC_768,dev-11,MEDIUM,55,60,LOW,Kyber-768,2,0.297,2510,79,22,97,15,338,1088,true
STATIC_768,dev-11,MEDIUM,55,60,LOW,Kyber-768,2,0.297,2510,84,15,98,25,329,1088,true
STATIC_768,dev-11,MEDIUM,55,60,LOW,Kyber-768,2,0.297,2510,79,11,102,11,138,1088,true
STATIC_768,dev-11,MEDIUM,55,60,LOW,Kyber-768,2,0.297,2510,85,17,105,16,403,1088,true
STATIC_768,dev-11,MEDIUM,55,60,LOW,Kyber-768,2,0.297,2510,88,16,96,23,370,1088,true
STATIC_768,dev-11,MEDIUM,55,60,LOW,Kyber-768,2,0.297,2510,80,16,101,15,386,1088,true
STATIC_768,dev-11,MEDIUM,55,60,LOW,Kyber-768,2,0.297,2510,78,13,115,18,197,1088,true
STATIC_768,dev-11,MEDIUM,55,60,LOW,Kyber-768,2,0.297,2510,98,18,116,42,283,1088,true
STATIC_1024,dev-11,MEDIUM,55,60,LOW,Kyber-1024,3,0.297,3245,134,17,120,12,189,1568,true
STATIC_1024,dev-11,MEDIUM,55,60,LOW,Kyber-1024,3,0.297,3245,78,9,86,10,298,1568,true
STATIC_1024,dev-11,MEDIUM,55,60,LOW,Kyber-1024,3,0.297,3245,70,13,83,9,261,1568,true
STATIC_1024,dev-11,MEDIUM,55,60,LOW,Kyber-1024,3,0.297,3245,180,43,165,25,205,1568,true
STATIC_1024,dev-11,MEDIUM,55,60,LOW,Kyber-1024,3,0.297,3245,131,18,155,16,226,1568,true
STATIC_1024,dev-11,MEDIUM,55,60,LOW,Kyber-1024,3,0.297,3245,123,16,152,25,136,1568,true
STATIC_1024,dev-11,MEDIUM,55,60,LOW,Kyber-1024,3,0.297,3245,119,18,175,26,378,1568,true
STATIC_1024,dev-11,MEDIUM,55,60,LOW,Kyber-1024,3,0.297,3245,132,20,146,16,235,1568,true
STATIC_1024,dev-11,MEDIUM,55,60,LOW,Kyber-1024,3,0.297,3245,140,21,202,52,143,1568,true
STATIC_1024,dev-11,MEDIUM,55,60,LOW,Kyber-1024,3,0.297,3245,183,44,498,44,255,1568,true
STATIC_1024,dev-11,MEDIUM,55,60,LOW,Kyber-1024,3,0.297,3245,226,46,171,28,344,1568,true
STATIC_1024,dev-11,MEDIUM,55,60,LOW,Kyber-1024,3,0.297,3245,135,23,151,19,396,1568,true
STATIC_1024,dev-11,MEDIUM,55,60,LOW,Kyber-1024,3,0.297,3245,142,29,196,37,311,1568,true
STATIC_1024,dev-11,MEDIUM,55,60,LOW,Kyber-1024,3,0.297,3245,137,22,154,21,155,1568,true
STATIC_1024,dev-11,MEDIUM,55,60,LOW,Kyber-1024,3,0.297,3245,129,20,170,21,153,1568,true
STATIC_1024,dev-11,MEDIUM,55,60,LOW,Kyber-1024,3,0.297,3245,133,20,148,15,180,1568,true
STATIC_1024,dev-11,MEDIUM,55,60,LOW,Kyber-1024,3,0.297,3245,125,19,151,19,272,1568,true
STATIC_1024,dev-11,MEDIUM,55,60,LOW,Kyber-1024,3,0.297,3245,127,24,153,20,193,1568,true
STATIC_1024,dev-11,MEDIUM,55,60,LOW,Kyber-1024,3,0.297,3245,133,22,168,31,239,1568,true
STATIC_1024,dev-11,MEDIUM,55,60,LOW,Kyber-1024,3,0.297,3245,183,107,468,80,329,1568,true
STATIC_1024,dev-11,MEDIUM,55,60,LOW,Kyber-1024,3,0.297,3245,96,16,100,8,154,1568,true
STATIC_1024,dev-11,MEDIUM,55,60,LOW,Kyber-1024,3,0.297,3245,66,12,77,8,252,1568,true
STATIC_1024,dev-11,MEDIUM,55,60,LOW,Kyber-1024,3,0.297,3245,88,22,94,24,338,1568,true
STATIC_1024,dev-11,MEDIUM,55,60,LOW,Kyber-1024,3,0.297,3245,88,19,94,241,329,1568,true
STATIC_1024,dev-11,MEDIUM,55,60,LOW,Kyber-1024,3,0.297,3245,172,42,161,50,138,1568,true
STATIC_1024,dev-11,MEDIUM,55,60,LOW,Kyber-1024,3,0.297,3245,139,31,192,30,403,1568,true
STATIC_1024,dev-11,MEDIUM,55,60,LOW,Kyber-1024,3,0.297,3245,139,27,200,25,370,1568,true
STATIC_1024,dev-11,MEDIUM,55,60,LOW,Kyber-1024,3,0.297,3245,137,25,175,24,386,1568,true
STATIC_1024,dev-11,MEDIUM,55,60,LOW,Kyber-1024,3,0.297,3245,124,20,275,58,197,1568,true
STATIC_1024,dev-11,MEDIUM,55,60,LOW,Kyber-1024,3,0.297,3245,124,29,132,14,283,1568,true
ADAPTIVE,dev-11,MEDIUM,55,60,LOW,Kyber-512,1,0.297,64939,68,32,80,15,189,768,true
ADAPTIVE,dev-11,MEDIUM,55,60,LOW,Kyber-512,1,0.297,64939,43,15,109,21,298,768,true
ADAPTIVE,dev-11,MEDIUM,55,60,LOW,Kyber-512,1,0.297,64939,43,34,113,42,261,768,true
ADAPTIVE,dev-11,MEDIUM,55,60,LOW,Kyber-512,1,0.297,64939,66,23,84,44,205,768,true
ADAPTIVE,dev-11,MEDIUM,55,60,LOW,Kyber-512,1,0.297,64939,45,14,152,29,226,768,true
ADAPTIVE,dev-11,MEDIUM,55,60,LOW,Kyber-512,1,0.297,64939,41,10,50,7,136,768,true
ADAPTIVE,dev-11,MEDIUM,55,60,LOW,Kyber-512,1,0.297,64939,60,11,56,12,378,768,true
ADAPTIVE,dev-11,MEDIUM,55,60,LOW,Kyber-512,1,0.297,64939,39,9,41,9,235,768,true
ADAPTIVE,dev-11,MEDIUM,55,60,LOW,Kyber-512,1,0.297,64939,31,9,42,9,143,768,true
ADAPTIVE,dev-11,MEDIUM,55,60,LOW,Kyber-512,1,0.297,64939,32,12,43,12,255,768,true
ADAPTIVE,dev-11,MEDIUM,55,60,LOW,Kyber-512,1,0.297,64939,45,16,47,15,344,768,true
ADAPTIVE,dev-11,MEDIUM,55,60,LOW,Kyber-512,1,0.297,64939,36,17,45,14,396,768,true
ADAPTIVE,dev-11,MEDIUM,55,60,LOW,Kyber-512,1,0.297,64939,33,13,45,12,311,768,true
ADAPTIVE,dev-11,MEDIUM,55,60,LOW,Kyber-512,1,0.297,64939,33,12,90,40,155,768,true
ADAPTIVE,dev-11,MEDIUM,55,60,LOW,Kyber-512,1,0.297,64939,60,16,64,10,153,768,true
ADAPTIVE,dev-11,MEDIUM,55,60,LOW,Kyber-512,1,0.297,64939,44,11,59,10,180,768,true
ADAPTIVE,dev-11,MEDIUM,55,60,LOW,Kyber-512,1,0.297,64939,44,11,58,11,272,768,true
ADAPTIVE,dev-11,MEDIUM,55,60,LOW,Kyber-512,1,0.297,64939,43,11,60,12,193,768,true
ADAPTIVE,dev-11,MEDIUM,55,60,LOW,Kyber-512,1,0.297,64939,44,12,60,13,239,768,true
ADAPTIVE,dev-11,MEDIUM,55,60,LOW,Kyber-512,1,0.297,64939,45,18,62,14,329,768,true
ADAPTIVE,dev-11,MEDIUM,55,60,LOW,Kyber-512,1,0.297,64939,43,12,61,11,154,768,true
ADAPTIVE,dev-11,MEDIUM,55,60,LOW,Kyber-512,1,0.297,64939,45,14,69,15,252,768,true
ADAPTIVE,dev-11,MEDIUM,55,60,LOW,Kyber-512,1,0.297,64939,47,25,59,14,338,768,true
ADAPTIVE,dev-11,MEDIUM,55,60,LOW,Kyber-512,1,0.297,64939,35,15,45,14,329,768,true
ADAPTIVE,dev-11,MEDIUM,55,60,LOW,Kyber-512,1,0.297,64939,38,21,67,21,138,768,true
ADAPTIVE,dev-11,MEDIUM,55,60,LOW,Kyber-512,1,0.297,64939,1970,76,189,72,403,768,true
ADAPTIVE,dev-11,MEDIUM,55,60,LOW,Kyber-512,1,0.297,64939,84,35,76,32,370,768,true
ADAPTIVE,dev-11,MEDIUM,55,60,LOW,Kyber-512,1,0.297,64939,56,19,67,23,386,768,true
ADAPTIVE,dev-11,MEDIUM,55,60,LOW,Kyber-512,1,0.297,64939,54,14,67,25,197,768,true
ADAPTIVE,dev-11,MEDIUM,55,60,LOW,Kyber-512,1,0.297,64939,53,18,69,25,283,768,true
STATIC_512,dev-12,MEDIUM,90,95,LOW,Kyber-512,1,0.413,64939,130,74,95,56,196,768,true
STATIC_512,dev-12,MEDIUM,90,95,LOW,Kyber-512,1,0.413,64939,66,32,73,27,280,768,true
STATIC_512,dev-12,MEDIUM,90,95,LOW,Kyber-512,1,0.413,64939,58,21,67,22,373,768,true
STATIC_512,dev-12,MEDIUM,90,95,LOW,Kyber-512,1,0.413,64939,54,15,68,13,177,768,true
STATIC_512,dev-12,MEDIUM,90,95,LOW,Kyber-512,1,0.413,64939,57,17,66,16,387,768,true
STATIC_512,dev-12,MEDIUM,90,95,LOW,Kyber-512,1,0.413,64939,57,12,64,11,131,768,true
STATIC_512,dev-12,MEDIUM,90,95,LOW,Kyber-512,1,0.413,64939,57,19,67,16,334,768,true
STATIC_512,dev-12,MEDIUM,90,95,LOW,Kyber-512,1,0.413,64939,59,15,67,13,207,768,true
STATIC_512,dev-12,MEDIUM,90,95,LOW,Kyber-512,1,0.413,64939,58,14,65,13,194,768,true
STATIC_512,dev-12,MEDIUM,90,95,LOW,Kyber-512,1,0.413,64939,57,14,84,16,160,768,true
STATIC_512,dev-12,MEDIUM,90,95,LOW,Kyber-512,1,0.413,64939,58,19,65,16,386,768,true
STATIC_512,dev-12,MEDIUM,90,95,LOW,Kyber-512,1,0.413,64939,59,15,99,41,186,768,true
STATIC_512,dev-12,MEDIUM,90,95,LOW,Kyber-512,1,0.413,64939,55,13,39,8,415,768,true
STATIC_512,dev-12,MEDIUM,90,95,LOW,Kyber-512,1,0.413,64939,97,39,77,19,154,768,true
STATIC_512,dev-12,MEDIUM,90,95,LOW,Kyber-512,1,0.413,64939,66,18,68,15,243,768,true
STATIC_512,dev-12,MEDIUM,90,95,LOW,Kyber-512,1,0.413,64939,60,16,66,15,291,768,true
STATIC_512,dev-12,MEDIUM,90,95,LOW,Kyber-512,1,0.413,64939,67,21,69,20,390,768,true
STATIC_512,dev-12,MEDIUM,90,95,LOW,Kyber-512,1,0.413,64939,64,20,69,15,159,768,true
STATIC_512,dev-12,MEDIUM,90,95,LOW,Kyber-512,1,0.413,64939,62,23,72,22,394,768,true
STATIC_512,dev-12,MEDIUM,90,95,LOW,Kyber-512,1,0.413,64939,79,26,80,22,159,768,true
STATIC_512,dev-12,MEDIUM,90,95,LOW,Kyber-512,1,0.413,64939,72,28,74,24,300,768,true
STATIC_512,dev-12,MEDIUM,90,95,LOW,Kyber-512,1,0.413,64939,66,23,70,20,368,768,true
STATIC_512,dev-12,MEDIUM,90,95,LOW,Kyber-512,1,0.413,64939,79,20,68,19,376,768,true
STATIC_512,dev-12,MEDIUM,90,95,LOW,Kyber-512,1,0.413,64939,61,18,67,15,199,768,true
STATIC_512,dev-12,MEDIUM,90,95,LOW,Kyber-512,1,0.413,64939,61,17,68,17,165,768,true
STATIC_512,dev-12,MEDIUM,90,95,LOW,Kyber-512,1,0.413,64939,62,19,69,17,304,768,true
STATIC_512,dev-12,MEDIUM,90,95,LOW,Kyber-512,1,0.413,64939,57,18,68,17,358,768,true
STATIC_512,dev-12,MEDIUM,90,95,LOW,Kyber-512,1,0.413,64939,54,22,69,15,272,768,true
STATIC_512,dev-12,MEDIUM,90,95,LOW,Kyber-512,1,0.413,64939,57,22,68,20,185,768,true
STATIC_512,dev-12,MEDIUM,90,95,LOW,Kyber-512,1,0.413,64939,54,24,69,23,323,768,true
STATIC_768,dev-12,MEDIUM,90,95,LOW,Kyber-768,2,0.413,2510,105,26,106,22,196,1088,true
STATIC_768,dev-12,MEDIUM,90,95,LOW,Kyber-768,2,0.413,2510,94,21,107,17,280,1088,true
STATIC_768,dev-12,MEDIUM,90,95,LOW,Kyber-768,2,0.413,2510,82,19,122,20,373,1088,true
STATIC_768,dev-12,MEDIUM,90,95,LOW,Kyber-768,2,0.413,2510,86,15,99,13,177,1088,true
STATIC_768,dev-12,MEDIUM,90,95,LOW,Kyber-768,2,0.413,2510,89,17,101,16,387,1088,true
STATIC_768,dev-12,MEDIUM,90,95,LOW,Kyber-768,2,0.413,2510,81,17,108,15,131,1088,true
STATIC_768,dev-12,MEDIUM,90,95,LOW,Kyber-768,2,0.413,2510,80,20,99,16,334,1088,true
STATIC_768,dev-12,MEDIUM,90,95,LOW,Kyber-768,2,0.413,2510,87,16,99,18,207,1088,true
STATIC_768,dev-12,MEDIUM,90,95,LOW,Kyber-768,2,0.413,2510,80,14,104,14,194,1088,true
STATIC_768,dev-12,MEDIUM,90,95,LOW,Kyber-768,2,0.413,2510,81,14,106,15,160,1088,true
STATIC_768,dev-12,MEDIUM,90,95,LOW,Kyber-768,2,0.413,2510,88,19,101,17,386,1088,true
STATIC_768,dev-12,MEDIUM,90,95,LOW,Kyber-768,2,0.413,2510,89,20,128,26,186,1088,true
STATIC_768,dev-12,MEDIUM,90,95,LOW,Kyber-768,2,0.413,2510,87,21,113,24,415,1088,true
STATIC_768,dev-12,MEDIUM,90,95,LOW,Kyber-768,2,0.413,2510,133,46,117,27,154,1088,true
STATIC_768,dev-12,MEDIUM,90,95,LOW,Kyber-768,2,0.413,2510,113,28,113,20,243,1088,true
STATIC_768,dev-12,MEDIUM,90,95,LOW,Kyber-768,2,0.413,2510,145,39,168,35,291,1088,true
STATIC_768,dev-12,MEDIUM,90,95,LOW,Kyber-768,2,0.413,2510,109,25,115,21,390,1088,true
STATIC_768,dev-12,MEDIUM,90,95,LOW,Kyber-768,2,0.413,2510,89,14,103,12,159,1088,true
STATIC_768,dev-12,MEDIUM,90,95,LOW,Kyber-768,2,0.413,2510,80,16,102,15,394,1088,true
STATIC_768,dev-12,MEDIUM,90,95,LOW,Kyber-768,2,0.413,2510,80,20,99,12,159,1088,true
STATIC_768,dev-12,MEDIUM,90,95,LOW,Kyber-768,2,0.413,2510,84,14,97,19,300,1088,true
STATIC_768,dev-12,MEDIUM,90,95,LOW,Kyber-768,2,0.413,2510,81,17,102,34,368,1088,true
STATIC_768,dev-12,MEDIUM,90,95,LOW,Kyber-768,2,0.413,2510,82,18,104,17,376,1088,true
STATIC_768,dev-12,MEDIUM,90,95,LOW,Kyber-768,2,0.413,2510,101,17,102,15,199,1088,true
STATIC_768,dev-12,MEDIUM,90,95,LOW,Kyber-768,2,0.413,2510,87,14,102,12,165,1088,true
STATIC_768,dev-12,MEDIUM,90,95,LOW,Kyber-768,2,0.413,2510,80,14,102,15,304,1088,true
STATIC_768,dev-12,MEDIUM,90,95,LOW,Kyber-768,2,0.413,2510,84,16,97,14,358,1088,true
STATIC_768,dev-12,MEDIUM,90,95,LOW,Kyber-768,2,0.413,2510,82,21,102,13,272,1088,true
STATIC_768,dev-12,MEDIUM,90,95,LOW,Kyber-768,2,0.413,2510,78,12,119,16,185,1088,true
STATIC_768,dev-12,MEDIUM,90,95,LOW,Kyber-768,2,0.413,2510,80,20,97,15,323,1088,true
STATIC_1024,dev-12,MEDIUM,90,95,LOW,Kyber-1024,3,0.413,3245,130,14,158,31,196,1568,true
STATIC_1024,dev-12,MEDIUM,90,95,LOW,Kyber-1024,3,0.413,3245,100,15,98,12,280,1568,true
STATIC_1024,dev-12,MEDIUM,90,95,LOW,Kyber-1024,3,0.413,3245,77,14,164,22,373,1568,true
STATIC_1024,dev-12,MEDIUM,90,95,LOW,Kyber-1024,3,0.413,3245,90,10,90,7,177,1568,true
STATIC_1024,dev-12,MEDIUM,90,95,LOW,Kyber-1024,3,0.413,3245,72,9,84,8,387,1568,true
STATIC_1024,dev-12,MEDIUM,90,95,LOW,Kyber-1024,3,0.413,3245,66,6,83,5,131,1568,true
STATIC_1024,dev-12,MEDIUM,90,95,LOW,Kyber-1024,3,0.413,3245,69,8,84,8,334,1568,true
STATIC_1024,dev-12,MEDIUM,90,95,LOW,Kyber-1024,3,0.413,3245,67,7,79,6,207,1568,true
STATIC_1024,dev-12,MEDIUM,90,95,LOW,Kyber-1024,3,0.413,3245,63,66,225,34,194,1568,true
STATIC_1024,dev-12,MEDIUM,90,95,LOW,Kyber-1024,3,0.413,3245,116,18,95,8,160,1568,true
STATIC_1024,dev-12,MEDIUM,90,95,LOW,Kyber-1024,3,0.413,3245,70,9,81,8,386,1568,true
STATIC_1024,dev-12,MEDIUM,90,95,LOW,Kyber-1024,3,0.413,3245,96,14,79,10,186,1568,true
STATIC_1024,dev-12,MEDIUM,90,95,LOW,Kyber-1024,3,0.413,3245,65,11,80,10,415,1568,true
STATIC_1024,dev-12,MEDIUM,90,95,LOW,Kyber-1024,3,0.413,3245,67,10,81,9,154,1568,true
STATIC_1024,dev-12,MEDIUM,90,95,LOW,Kyber-1024,3,0.413,3245,67,8,78,12,243,1568,true
STATIC_1024,dev-12,MEDIUM,90,95,LOW,Kyber-1024,3,0.413,3245,65,9,96,28,291,1568,true
STATIC_1024,dev-12,MEDIUM,90,95,LOW,Kyber-1024,3,0.413,3245,160,45,164,33,390,1568,true
STATIC_1024,dev-12,MEDIUM,90,95,LOW,Kyber-1024,3,0.413,3245,133,22,155,23,159,1568,true
STATIC_1024,dev-12,MEDIUM,90,95,LOW,Kyber-1024,3,0.413,3245,121,24,152,21,394,1568,true
STATIC_1024,dev-12,MEDIUM,90,95,LOW,Kyber-1024,3,0.413,3245,126,18,148,25,159,1568,true
STATIC_1024,dev-12,MEDIUM,90,95,LOW,Kyber-1024,3,0.413,3245,140,32,128,11,300,1568,true
STATIC_1024,dev-12,MEDIUM,90,95,LOW,Kyber-1024,3,0.413,3245,86,14,158,37,368,1568,true
STATIC_1024,dev-12,MEDIUM,90,95,LOW,Kyber-1024,3,0.413,3245,151,30,161,24,376,1568,true
STATIC_1024,dev-12,MEDIUM,90,95,LOW,Kyber-1024,3,0.413,3245,132,20,153,18,199,1568,true
STATIC_1024,dev-12,MEDIUM,90,95,LOW,Kyber-1024,3,0.413,3245,119,25,196,85,165,1568,true
STATIC_1024,dev-12,MEDIUM,90,95,LOW,Kyber-1024,3,0.413,3245,163,66,182,25,304,1568,true
STATIC_1024,dev-12,MEDIUM,90,95,LOW,Kyber-1024,3,0.413,3245,134,22,151,45,358,1568,true
STATIC_1024,dev-12,MEDIUM,90,95,LOW,Kyber-1024,3,0.413,3245,160,80,194,27,272,1568,true
STATIC_1024,dev-12,MEDIUM,90,95,LOW,Kyber-1024,3,0.413,3245,133,21,154,20,185,1568,true
STATIC_1024,dev-12,MEDIUM,90,95,LOW,Kyber-1024,3,0.413,3245,128,20,152,20,323,1568,true
ADAPTIVE,dev-12,MEDIUM,90,95,LOW,Kyber-768,2,0.413,2510,95,21,115,16,196,1088,true
ADAPTIVE,dev-12,MEDIUM,90,95,LOW,Kyber-768,2,0.413,2510,92,21,108,18,280,1088,true
ADAPTIVE,dev-12,MEDIUM,90,95,LOW,Kyber-768,2,0.413,2510,147,33,116,22,373,1088,true
ADAPTIVE,dev-12,MEDIUM,90,95,LOW,Kyber-768,2,0.413,2510,132,39,126,24,177,1088,true
ADAPTIVE,dev-12,MEDIUM,90,95,LOW,Kyber-768,2,0.413,2510,97,23,104,20,387,1088,true
ADAPTIVE,dev-12,MEDIUM,90,95,LOW,Kyber-768,2,0.413,2510,90,18,106,21,131,1088,true
ADAPTIVE,dev-12,MEDIUM,90,95,LOW,Kyber-768,2,0.413,2510,84,19,108,17,334,1088,true
ADAPTIVE,dev-12,MEDIUM,90,95,LOW,Kyber-768,2,0.413,2510,82,21,109,14,207,1088,true
ADAPTIVE,dev-12,MEDIUM,90,95,LOW,Kyber-768,2,0.413,2510,313,47,131,25,194,1088,true
ADAPTIVE,dev-12,MEDIUM,90,95,LOW,Kyber-768,2,0.413,2510,92,20,110,16,160,1088,true
ADAPTIVE,dev-12,MEDIUM,90,95,LOW,Kyber-768,2,0.413,2510,82,19,104,18,386,1088,true
ADAPTIVE,dev-12,MEDIUM,90,95,LOW,Kyber-768,2,0.413,2510,94,19,100,14,186,1088,true
ADAPTIVE,dev-12,MEDIUM,90,95,LOW,Kyber-768,2,0.413,2510,142,33,75,11,415,1088,true
ADAPTIVE,dev-12,MEDIUM,90,95,LOW,Kyber-768,2,0.413,2510,48,36,76,15,154,1088,true
ADAPTIVE,dev-12,MEDIUM,90,95,LOW,Kyber-768,2,0.413,2510,55,9,103,34,243,1088,true
ADAPTIVE,dev-12,MEDIUM,90,95,LOW,Kyber-768,2,0.413,2510,107,25,115,19,291,1088,true
ADAPTIVE,dev-12,MEDIUM,90,95,LOW,Kyber-768,2,0.413,2510,83,20,107,18,390,1088,true
ADAPTIVE,dev-12,MEDIUM,90,95,LOW,Kyber-768,2,0.413,2510,87,16,101,17,159,1088,true
ADAPTIVE,dev-12,MEDIUM,90,95,LOW,Kyber-768,2,0.413,2510,91,22,119,24,394,1088,true
ADAPTIVE,dev-12,MEDIUM,90,95,LOW,Kyber-768,2,0.413,2510,87,19,108,16,159,1088,true
ADAPTIVE,dev-12,MEDIUM,90,95,LOW,Kyber-768,2,0.413,2510,84,28,103,19,300,1088,true
ADAPTIVE,dev-12,MEDIUM,90,95,LOW,Kyber-768,2,0.413,2510,103,22,154,24,368,1088,true
ADAPTIVE,dev-12,MEDIUM,90,95,LOW,Kyber-768,2,0.413,2510,129,79,106,22,376,1088,true
ADAPTIVE,dev-12,MEDIUM,90,95,LOW,Kyber-768,2,0.413,2510,109,38,126,23,199,1088,true
ADAPTIVE,dev-12,MEDIUM,90,95,LOW,Kyber-768,2,0.413,2510,125,35,114,22,165,1088,true
ADAPTIVE,dev-12,MEDIUM,90,95,LOW,Kyber-768,2,0.413,2510,90,25,116,23,304,1088,true
ADAPTIVE,dev-12,MEDIUM,90,95,LOW,Kyber-768,2,0.413,2510,87,22,110,20,358,1088,true
ADAPTIVE,dev-12,MEDIUM,90,95,LOW,Kyber-768,2,0.413,2510,91,18,103,18,272,1088,true
ADAPTIVE,dev-12,MEDIUM,90,95,LOW,Kyber-768,2,0.413,2510,94,21,148,29,185,1088,true
ADAPTIVE,dev-12,MEDIUM,90,95,LOW,Kyber-768,2,0.413,2510,108,26,119,40,323,1088,true
STATIC_512,dev-13,MEDIUM,15,30,MEDIUM,Kyber-512,1,0.401,64939,154,96,106,58,182,768,true
STATIC_512,dev-13,MEDIUM,15,30,MEDIUM,Kyber-512,1,0.401,64939,88,39,79,26,339,768,true
STATIC_512,dev-13,MEDIUM,15,30,MEDIUM,Kyber-512,1,0.401,64939,67,19,71,18,191,768,true
STATIC_512,dev-13,MEDIUM,15,30,MEDIUM,Kyber-512,1,0.401,64939,64,23,73,55,409,768,true
STATIC_512,dev-13,MEDIUM,15,30,MEDIUM,Kyber-512,1,0.401,64939,135,39,60,14,230,768,true
STATIC_512,dev-13,MEDIUM,15,30,MEDIUM,Kyber-512,1,0.401,64939,49,19,67,11,226,768,true
STATIC_512,dev-13,MEDIUM,15,30,MEDIUM,Kyber-512,1,0.401,64939,52,11,61,9,189,768,true
STATIC_512,dev-13,MEDIUM,15,30,MEDIUM,Kyber-512,1,0.401,64939,117,46,79,26,373,768,true
STATIC_512,dev-13,MEDIUM,15,30,MEDIUM,Kyber-512,1,0.401,64939,80,23,50,25,263,768,true
STATIC_512,dev-13,MEDIUM,15,30,MEDIUM,Kyber-512,1,0.401,64939,102,75,79,26,260,768,true
STATIC_512,dev-13,MEDIUM,15,30,MEDIUM,Kyber-512,1,0.401,64939,77,21,70,16,197,768,true
STATIC_512,dev-13,MEDIUM,15,30,MEDIUM,Kyber-512,1,0.401,64939,63,49,62,28,184,768,true
STATIC_512,dev-13,MEDIUM,15,30,MEDIUM,Kyber-512,1,0.401,64939,111,46,84,25,228,768,true
STATIC_512,dev-13,MEDIUM,15,30,MEDIUM,Kyber-512,1,0.401,64939,86,26,90,27,306,768,true
STATIC_512,dev-13,MEDIUM,15,30,MEDIUM,Kyber-512,1,0.401,64939,75,21,71,17,198,768,true
STATIC_512,dev-13,MEDIUM,15,30,MEDIUM,Kyber-512,1,0.401,64939,57,28,71,22,331,768,true
STATIC_512,dev-13,MEDIUM,15,30,MEDIUM,Kyber-512,1,0.401,64939,56,24,101,65,130,768,true
STATIC_512,dev-13,MEDIUM,15,30,MEDIUM,Kyber-512,1,0.401,64939,47,19,38,6,130,768,true
STATIC_512,dev-13,MEDIUM,15,30,MEDIUM,Kyber-512,1,0.401,64939,29,10,36,6,197,768,true
STATIC_512,dev-13,MEDIUM,15,30,MEDIUM,Kyber-512,1,0.401,64939,28,7,39,7,289,768,true
STATIC_512,dev-13,MEDIUM,15,30,MEDIUM,Kyber-512,1,0.401,64939,28,8,39,7,349,768,true
STATIC_512,dev-13,MEDIUM,15,30,MEDIUM,Kyber-512,1,0.401,64939,28,6,38,5,154,768,true
STATIC_512,dev-13,MEDIUM,15,30,MEDIUM,Kyber-512,1,0.401,64939,28,8,38,13,355,768,true
STATIC_512,dev-13,MEDIUM,15,30,MEDIUM,Kyber-512,1,0.401,64939,89,40,87,23,243,768,true
STATIC_512,dev-13,MEDIUM,15,30,MEDIUM,Kyber-512,1,0.401,64939,57,18,75,14,136,768,true
STATIC_512,dev-13,MEDIUM,15,30,MEDIUM,Kyber-512,1,0.401,64939,53,18,84,21,414,768,true
STATIC_512,dev-13,MEDIUM,15,30,MEDIUM,Kyber-512,1,0.401,64939,53,16,73,16,366,768,true
STATIC_512,dev-13,MEDIUM,15,30,MEDIUM,Kyber-512,1,0.401,64939,52,13,70,22,221,768,true
STATIC_512,dev-13,MEDIUM,15,30,MEDIUM,Kyber-512,1,0.401,64939,53,13,72,11,142,768,true
STATIC_512,dev-13,MEDIUM,15,30,MEDIUM,Kyber-512,1,0.401,64939,52,16,73,18,377,768,true
STATIC_768,dev-13,MEDIUM,15,30,MEDIUM,Kyber-768,2,0.401,2510,90,19,111,16,182,1088,true
STATIC_768,dev-13,MEDIUM,15,30,MEDIUM,Kyber-768,2,0.401,2510,88,19,101,23,339,1088,true
STATIC_768,dev-13,MEDIUM,15,30,MEDIUM,Kyber-768,2,0.401,2510,101,18,108,38,191,1088,true
STATIC_768,dev-13,MEDIUM,15,30,MEDIUM,Kyber-768,2,0.401,2510,86,25,112,24,409,1088,true
STATIC_768,dev-13,MEDIUM,15,30,MEDIUM,Kyber-768,2,0.401,2510,91,22,111,21,230,1088,true
STATIC_768,dev-13,MEDIUM,15,30,MEDIUM,Kyber-768,2,0.401,2510,113,37,127,36,226,1088,true
STATIC_768,dev-13,MEDIUM,15,30,MEDIUM,Kyber-768,2,0.401,2510,95,29,119,28,189,1088,true
STATIC_768,dev-13,MEDIUM,15,30,MEDIUM,Kyber-768,2,0.401,2510,126,34,108,23,373,1088,true
STATIC_768,dev-13,MEDIUM,15,30,MEDIUM,Kyber-768,2,0.401,2510,93,22,109,17,263,1088,true
STATIC_768,dev-13,MEDIUM,15,30,MEDIUM,Kyber-768,2,0.401,2510,92,38,123,20,260,1088,true
STATIC_768,dev-13,MEDIUM,15,30,MEDIUM,Kyber-768,2,0.401,2510,82,26,153,42,197,1088,true
STATIC_768,dev-13,MEDIUM,15,30,MEDIUM,Kyber-768,2,0.401,2510,202,43,1959,70,184,1088,true
STATIC_768,dev-13,MEDIUM,15,30,MEDIUM,Kyber-768,2,0.401,2510,125,37,110,18,228,1088,true
STATIC_768,dev-13,MEDIUM,15,30,MEDIUM,Kyber-768,2,0.401,2510,83,16,97,31,306,1088,true
STATIC_768,dev-13,MEDIUM,15,30,MEDIUM,Kyber-768,2,0.401,2510,99,20,98,14,198,1088,true
STATIC_768,dev-13,MEDIUM,15,30,MEDIUM,Kyber-768,2,0.401,2510,80,15,97,15,331,1088,true
STATIC_768,dev-13,MEDIUM,15,30,MEDIUM,Kyber-768,2,0.401,2510,79,12,97,12,130,1088,true
STATIC_768,dev-13,MEDIUM,15,30,MEDIUM,Kyber-768,2,0.401,2510,79,12,95,11,130,1088,true
STATIC_768,dev-13,MEDIUM,15,30,MEDIUM,Kyber-768,2,0.401,2510,79,15,96,27,197,1088,true
STATIC_768,dev-13,MEDIUM,15,30,MEDIUM,Kyber-768,2,0.401,2510,85,19,99,16,289,1088,true
STATIC_768,dev-13,MEDIUM,15,30,MEDIUM,Kyber-768,2,0.401,2510,85,28,107,26,349,1088,true
STATIC_768,dev-13,MEDIUM,15,30,MEDIUM,Kyber-768,2,0.401,2510,87,17,101,15,154,1088,true
STATIC_768,dev-13,MEDIUM,15,30,MEDIUM,Kyber-768,2,0.401,2510,82,17,97,30,355,1088,true
STATIC_768,dev-13,MEDIUM,15,30,MEDIUM,Kyber-768,2,0.401,2510,85,17,116,17,243,1088,true
STATIC_768,dev-13,MEDIUM,15,30,MEDIUM,Kyber-768,2,0.401,2510,94,14,99,19,136,1088,true
STATIC_768,dev-13,MEDIUM,15,30,MEDIUM,Kyber-768,2,0.401,2510,81,18,105,16,414,1088,true
STATIC_768,dev-13,MEDIUM,15,30,MEDIUM,Kyber-768,2,0.401,2510,79,15,106,15,366,1088,true
STATIC_768,dev-13,MEDIUM,15,30,MEDIUM,Kyber-768,2,0.401,2510,83,14,110,13,221,1088,true
STATIC_768,dev-13,MEDIUM,15,30,MEDIUM,Kyber-768,2,0.401,2510,85,13,103,14,142,1088,true
STATIC_768,dev-13,MEDIUM,15,30,MEDIUM,Kyber-768,2,0.401,2510,86,16,96,16,377,1088,true
STATIC_1024,dev-13,MEDIUM,15,30,MEDIUM,Kyber-1024,3,0.401,3245,126,15,143,15,182,1568,true
STATIC_1024,dev-13,MEDIUM,15,30,MEDIUM,Kyber-1024,3,0.401,3245,173,59,166,30,339,1568,true
STATIC_1024,dev-13,MEDIUM,15,30,MEDIUM,Kyber-1024,3,0.401,3245,130,24,146,16,191,1568,true
STATIC_1024,dev-13,MEDIUM,15,30,MEDIUM,Kyber-1024,3,0.401,3245,120,26,159,21,409,1568,true
STATIC_1024,dev-13,MEDIUM,15,30,MEDIUM,Kyber-1024,3,0.401,3245,124,17,144,33,230,1568,true
STATIC_1024,dev-13,MEDIUM,15,30,MEDIUM,Kyber-1024,3,0.401,3245,129,30,149,25,226,1568,true
STATIC_1024,dev-13,MEDIUM,15,30,MEDIUM,Kyber-1024,3,0.401,3245,152,30,166,25,189,1568,true
STATIC_1024,dev-13,MEDIUM,15,30,MEDIUM,Kyber-1024,3,0.401,3245,122,24,143,22,373,1568,true
STATIC_1024,dev-13,MEDIUM,15,30,MEDIUM,Kyber-1024,3,0.401,3245,121,25,148,21,263,1568,true
STATIC_1024,dev-13,MEDIUM,15,30,MEDIUM,Kyber-1024,3,0.401,3245,121,21,147,18,260,1568,true
STATIC_1024,dev-13,MEDIUM,15,30,MEDIUM,Kyber-1024,3,0.401,3245,118,18,142,16,197,1568,true
STATIC_1024,dev-13,MEDIUM,15,30,MEDIUM,Kyber-1024,3,0.401,3245,119,18,140,15,184,1568,true
STATIC_1024,dev-13,MEDIUM,15,30,MEDIUM,Kyber-1024,3,0.401,3245,115,14,153,14,228,1568,true
STATIC_1024,dev-13,MEDIUM,15,30,MEDIUM,Kyber-1024,3,0.401,3245,114,15,136,14,306,1568,true
STATIC_1024,dev-13,MEDIUM,15,30,MEDIUM,Kyber-1024,3,0.401,3245,116,16,154,18,198,1568,true
STATIC_1024,dev-13,MEDIUM,15,30,MEDIUM,Kyber-1024,3,0.401,3245,121,23,148,33,331,1568,true
STATIC_1024,dev-13,MEDIUM,15,30,MEDIUM,Kyber-1024,3,0.401,3245,123,19,143,18,130,1568,true
STATIC_1024,dev-13,MEDIUM,15,30,MEDIUM,Kyber-1024,3,0.401,3245,120,17,140,14,130,1568,true
STATIC_1024,dev-13,MEDIUM,15,30,MEDIUM,Kyber-1024,3,0.401,3245,116,14,138,13,197,1568,true
STATIC_1024,dev-13,MEDIUM,15,30,MEDIUM,Kyber-1024,3,0.401,3245,133,16,140,16,289,1568,true
STATIC_1024,dev-13,MEDIUM,15,30,MEDIUM,Kyber-1024,3,0.401,3245,121,36,88,10,349,1568,true
STATIC_1024,dev-13,MEDIUM,15,30,MEDIUM,Kyber-1024,3,0.401,3245,67,6,90,5,154,1568,true
STATIC_1024,dev-13,MEDIUM,15,30,MEDIUM,Kyber-1024,3,0.401,3245,62,7,73,7,355,1568,true
STATIC_1024,dev-13,MEDIUM,15,30,MEDIUM,Kyber-1024,3,0.401,3245,60,11,73,20,243,1568,true
STATIC_1024,dev-13,MEDIUM,15,30,MEDIUM,Kyber-1024,3,0.401,3245,61,5,74,5,136,1568,true
STATIC_1024,dev-13,MEDIUM,15,30,MEDIUM,Kyber-1024,3,0.401,3245,62,8,72,8,414,1568,true
STATIC_1024,dev-13,MEDIUM,15,30,MEDIUM,Kyber-1024,3,0.401,3245,61,8,72,7,366,1568,true
STATIC_1024,dev-13,MEDIUM,15,30,MEDIUM,Kyber-1024,3,0.401,3245,60,7,72,7,221,1568,true
STATIC_1024,dev-13,MEDIUM,15,30,MEDIUM,Kyber-1024,3,0.401,3245,68,11,77,8,142,1568,true
STATIC_1024,dev-13,MEDIUM,15,30,MEDIUM,Kyber-1024,3,0.401,3245,63,8,76,9,377,1568,true
ADAPTIVE,dev-13,MEDIUM,15,30,MEDIUM,Kyber-768,2,0.401,2510,50,11,56,7,182,1088,true
ADAPTIVE,dev-13,MEDIUM,15,30,MEDIUM,Kyber-768,2,0.401,2510,43,9,53,9,339,1088,true
ADAPTIVE,dev-13,MEDIUM,15,30,MEDIUM,Kyber-768,2,0.401,2510,42,8,51,9,191,1088,true
ADAPTIVE,dev-13,MEDIUM,15,30,MEDIUM,Kyber-768,2,0.401,2510,43,12,53,10,409,1088,true
ADAPTIVE,dev-13,MEDIUM,15,30,MEDIUM,Kyber-768,2,0.401,2510,43,8,54,9,230,1088,true
ADAPTIVE,dev-13,MEDIUM,15,30,MEDIUM,Kyber-768,2,0.401,2510,43,10,52,9,226,1088,true
ADAPTIVE,dev-13,MEDIUM,15,30,MEDIUM,Kyber-768,2,0.401,2510,225,62,125,33,189,1088,true
ADAPTIVE,dev-13,MEDIUM,15,30,MEDIUM,Kyber-768,2,0.401,2510,91,25,104,25,373,1088,true
ADAPTIVE,dev-13,MEDIUM,15,30,MEDIUM,Kyber-768,2,0.401,2510,86,20,101,25,263,1088,true
ADAPTIVE,dev-13,MEDIUM,15,30,MEDIUM,Kyber-768,2,0.401,2510,85,21,102,17,260,1088,true
ADAPTIVE,dev-13,MEDIUM,15,30,MEDIUM,Kyber-768,2,0.401,2510,83,16,99,14,197,1088,true
ADAPTIVE,dev-13,MEDIUM,15,30,MEDIUM,Kyber-768,2,0.401,2510,80,13,97,13,184,1088,true
ADAPTIVE,dev-13,MEDIUM,15,30,MEDIUM,Kyber-768,2,0.401,2510,79,14,95,33,228,1088,true
ADAPTIVE,dev-13,MEDIUM,15,30,MEDIUM,Kyber-768,2,0.401,2510,85,22,102,23,306,1088,true
ADAPTIVE,dev-13,MEDIUM,15,30,MEDIUM,Kyber-768,2,0.401,2510,84,23,103,16,198,1088,true
ADAPTIVE,dev-13,MEDIUM,15,30,MEDIUM,Kyber-768,2,0.401,2510,83,21,101,19,331,1088,true
ADAPTIVE,dev-13,MEDIUM,15,30,MEDIUM,Kyber-768,2,0.401,2510,91,19,126,25,130,1088,true
ADAPTIVE,dev-13,MEDIUM,15,30,MEDIUM,Kyber-768,2,0.401,2510,87,18,100,17,130,1088,true
ADAPTIVE,dev-13,MEDIUM,15,30,MEDIUM,Kyber-768,2,0.401,2510,125,21,119,39,197,1088,true
ADAPTIVE,dev-13,MEDIUM,15,30,MEDIUM,Kyber-768,2,0.401,2510,81,32,98,15,289,1088,true
ADAPTIVE,dev-13,MEDIUM,15,30,MEDIUM,Kyber-768,2,0.401,2510,78,16,96,14,349,1088,true
ADAPTIVE,dev-13,MEDIUM,15,30,MEDIUM,Kyber-768,2,0.401,2510,274,38,114,22,154,1088,true
ADAPTIVE,dev-13,MEDIUM,15,30,MEDIUM,Kyber-768,2,0.401,2510,98,22,104,19,355,1088,true
ADAPTIVE,dev-13,MEDIUM,15,30,MEDIUM,Kyber-768,2,0.401,2510,86,17,103,16,243,1088,true
ADAPTIVE,dev-13,MEDIUM,15,30,MEDIUM,Kyber-768,2,0.401,2510,81,14,96,13,136,1088,true
ADAPTIVE,dev-13,MEDIUM,15,30,MEDIUM,Kyber-768,2,0.401,2510,79,17,97,17,414,1088,true
ADAPTIVE,dev-13,MEDIUM,15,30,MEDIUM,Kyber-768,2,0.401,2510,79,15,99,18,366,1088,true
ADAPTIVE,dev-13,MEDIUM,15,30,MEDIUM,Kyber-768,2,0.401,2510,1192,35,131,21,221,1088,true
ADAPTIVE,dev-13,MEDIUM,15,30,MEDIUM,Kyber-768,2,0.401,2510,52,38,199,84,142,1088,true
ADAPTIVE,dev-13,MEDIUM,15,30,MEDIUM,Kyber-768,2,0.401,2510,110,39,102,16,377,1088,true
STATIC_512,dev-14,MEDIUM,55,60,MEDIUM,Kyber-512,1,0.522,64939,79,36,71,16,190,768,true
STATIC_512,dev-14,MEDIUM,55,60,MEDIUM,Kyber-512,1,0.522,64939,52,16,64,15,396,768,true
STATIC_512,dev-14,MEDIUM,55,60,MEDIUM,Kyber-512,1,0.522,64939,50,16,64,14,350,768,true
STATIC_512,dev-14,MEDIUM,55,60,MEDIUM,Kyber-512,1,0.522,64939,51,15,80,22,312,768,true
STATIC_512,dev-14,MEDIUM,55,60,MEDIUM,Kyber-512,1,0.522,64939,53,18,65,17,418,768,true
STATIC_512,dev-14,MEDIUM,55,60,MEDIUM,Kyber-512,1,0.522,64939,52,16,64,15,326,768,true
STATIC_512,dev-14,MEDIUM,55,60,MEDIUM,Kyber-512,1,0.522,64939,51,14,66,31,284,768,true
STATIC_512,dev-14,MEDIUM,55,60,MEDIUM,Kyber-512,1,0.522,64939,54,20,68,38,411,768,true
STATIC_512,dev-14,MEDIUM,55,60,MEDIUM,Kyber-512,1,0.522,64939,57,17,104,23,178,768,true
STATIC_512,dev-14,MEDIUM,55,60,MEDIUM,Kyber-512,1,0.522,64939,69,22,86,22,296,768,true
STATIC_512,dev-14,MEDIUM,55,60,MEDIUM,Kyber-512,1,0.522,64939,56,23,69,19,384,768,true
STATIC_512,dev-14,MEDIUM,55,60,MEDIUM,Kyber-512,1,0.522,64939,59,30,73,19,236,768,true
STATIC_512,dev-14,MEDIUM,55,60,MEDIUM,Kyber-512,1,0.522,64939,64,19,66,14,141,768,true
STATIC_512,dev-14,MEDIUM,55,60,MEDIUM,Kyber-512,1,0.522,64939,61,22,73,24,376,768,true
STATIC_512,dev-14,MEDIUM,55,60,MEDIUM,Kyber-512,1,0.522,64939,64,26,82,30,154,768,true
STATIC_512,dev-14,MEDIUM,55,60,MEDIUM,Kyber-512,1,0.522,64939,122,45,105,30,184,768,true
STATIC_512,dev-14,MEDIUM,55,60,MEDIUM,Kyber-512,1,0.522,64939,38,9,36,5,172,768,true
STATIC_512,dev-14,MEDIUM,55,60,MEDIUM,Kyber-512,1,0.522,64939,26,8,33,20,386,768,true
STATIC_512,dev-14,MEDIUM,55,60,MEDIUM,Kyber-512,1,0.522,64939,62,21,65,12,142,768,true
STATIC_512,dev-14,MEDIUM,55,60,MEDIUM,Kyber-512,1,0.522,64939,50,15,63,14,413,768,true
STATIC_512,dev-14,MEDIUM,55,60,MEDIUM,Kyber-512,1,0.522,64939,50,12,63,11,190,768,true
STATIC_512,dev-14,MEDIUM,55,60,MEDIUM,Kyber-512,1,0.522,64939,51,14,66,42,254,768,true
STATIC_512,dev-14,MEDIUM,55,60,MEDIUM,Kyber-512,1,0.522,64939,55,32,73,24,290,768,true
STATIC_512,dev-14,MEDIUM,55,60,MEDIUM,Kyber-512,1,0.522,64939,64,24,82,21,252,768,true
STATIC_512,dev-14,MEDIUM,55,60,MEDIUM,Kyber-512,1,0.522,64939,55,18,69,16,421,768,true
STATIC_512,dev-14,MEDIUM,55,60,MEDIUM,Kyber-512,1,0.522,64939,56,19,70,18,155,768,true
STATIC_512,dev-14,MEDIUM,55,60,MEDIUM,Kyber-512,1,0.522,64939,56,18,69,44,153,768,true
STATIC_512,dev-14,MEDIUM,55,60,MEDIUM,Kyber-512,1,0.522,64939,61,19,69,32,283,768,true
STATIC_512,dev-14,MEDIUM,55,60,MEDIUM,Kyber-512,1,0.522,64939,56,16,68,12,156,768,true
STATIC_512,dev-14,MEDIUM,55,60,MEDIUM,Kyber-512,1,0.522,64939,53,15,67,13,189,768,true
STATIC_768,dev-14,MEDIUM,55,60,MEDIUM,Kyber-768,2,0.522,2510,93,28,108,22,190,1088,true
STATIC_768,dev-14,MEDIUM,55,60,MEDIUM,Kyber-768,2,0.522,2510,92,21,104,15,396,1088,true
STATIC_768,dev-14,MEDIUM,55,60,MEDIUM,Kyber-768,2,0.522,2510,85,15,310,39,350,1088,true
STATIC_768,dev-14,MEDIUM,55,60,MEDIUM,Kyber-768,2,0.522,2510,94,22,241,34,312,1088,true
STATIC_768,dev-14,MEDIUM,55,60,MEDIUM,Kyber-768,2,0.522,2510,162,33,113,19,418,1088,true
STATIC_768,dev-14,MEDIUM,55,60,MEDIUM,Kyber-768,2,0.522,2510,105,20,102,15,326,1088,true
STATIC_768,dev-14,MEDIUM,55,60,MEDIUM,Kyber-768,2,0.522,2510,84,16,104,15,284,1088,true
STATIC_768,dev-14,MEDIUM,55,60,MEDIUM,Kyber-768,2,0.522,2510,115,24,173,23,411,1088,true
STATIC_768,dev-14,MEDIUM,55,60,MEDIUM,Kyber-768,2,0.522,2510,86,15,104,15,178,1088,true
STATIC_768,dev-14,MEDIUM,55,60,MEDIUM,Kyber-768,2,0.522,2510,82,13,101,11,296,1088,true
STATIC_768,dev-14,MEDIUM,55,60,MEDIUM,Kyber-768,2,0.522,2510,84,14,99,13,384,1088,true
STATIC_768,dev-14,MEDIUM,55,60,MEDIUM,Kyber-768,2,0.522,2510,82,12,99,11,236,1088,true
STATIC_768,dev-14,MEDIUM,55,60,MEDIUM,Kyber-768,2,0.522,2510,80,40,99,24,141,1088,true
STATIC_768,dev-14,MEDIUM,55,60,MEDIUM,Kyber-768,2,0.522,2510,81,13,115,13,376,1088,true
STATIC_768,dev-14,MEDIUM,55,60,MEDIUM,Kyber-768,2,0.522,2510,80,11,99,15,154,1088,true
STATIC_768,dev-14,MEDIUM,55,60,MEDIUM,Kyber-768,2,0.522,2510,79,10,96,9,184,1088,true
STATIC_768,dev-14,MEDIUM,55,60,MEDIUM,Kyber-768,2,0.522,2510,79,9,95,8,172,1088,true
STATIC_768,dev-14,MEDIUM,55,60,MEDIUM,Kyber-768,2,0.522,2510,77,10,95,8,386,1088,true
STATIC_768,dev-14,MEDIUM,55,60,MEDIUM,Kyber-768,2,0.522,2510,76,8,95,7,142,1088,true
STATIC_768,dev-14,MEDIUM,55,60,MEDIUM,Kyber-768,2,0.522,2510,78,9,95,14,413,1088,true
STATIC_768,dev-14,MEDIUM,55,60,MEDIUM,Kyber-768,2,0.522,2510,83,10,96,29,190,1088,true
STATIC_768,dev-14,MEDIUM,55,60,MEDIUM,Kyber-768,2,0.522,2510,83,12,96,31,254,1088,true
STATIC_768,dev-14,MEDIUM,55,60,MEDIUM,Kyber-768,2,0.522,2510,78,9,95,8,290,1088,true
STATIC_768,dev-14,MEDIUM,55,60,MEDIUM,Kyber-768,2,0.522,2510,77,9,108,10,252,1088,true
STATIC_768,dev-14,MEDIUM,55,60,MEDIUM,Kyber-768,2,0.522,2510,78,10,97,10,421,1088,true
STATIC_768,dev-14,MEDIUM,55,60,MEDIUM,Kyber-768,2,0.522,2510,78,9,96,8,155,1088,true
STATIC_768,dev-14,MEDIUM,55,60,MEDIUM,Kyber-768,2,0.522,2510,78,8,94,8,153,1088,true
STATIC_768,dev-14,MEDIUM,55,60,MEDIUM,Kyber-768,2,0.522,2510,78,10,96,9,283,1088,true
STATIC_768,dev-14,MEDIUM,55,60,MEDIUM,Kyber-768,2,0.522,2510,78,9,101,31,156,1088,true
STATIC_768,dev-14,MEDIUM,55,60,MEDIUM,Kyber-768,2,0.522,2510,70,19,57,5,189,1088,true
STATIC_1024,dev-14,MEDIUM,55,60,MEDIUM,Kyber-1024,3,0.522,3245,71,4,81,4,190,1568,true
STATIC_1024,dev-14,MEDIUM,55,60,MEDIUM,Kyber-1024,3,0.522,3245,64,4,98,4,396,1568,true
STATIC_1024,dev-14,MEDIUM,55,60,MEDIUM,Kyber-1024,3,0.522,3245,63,46,74,12,350,1568,true
STATIC_1024,dev-14,MEDIUM,55,60,MEDIUM,Kyber-1024,3,0.522,3245,60,9,74,8,312,1568,true
STATIC_1024,dev-14,MEDIUM,55,60,MEDIUM,Kyber-1024,3,0.522,3245,69,13,76,10,418,1568,true
STATIC_1024,dev-14,MEDIUM,55,60,MEDIUM,Kyber-1024,3,0.522,3245,60,5,74,5,326,1568,true
STATIC_1024,dev-14,MEDIUM,55,60,MEDIUM,Kyber-1024,3,0.522,3245,62,6,75,5,284,1568,true
STATIC_1024,dev-14,MEDIUM,55,60,MEDIUM,Kyber-1024,3,0.522,3245,62,6,88,7,411,1568,true
STATIC_1024,dev-14,MEDIUM,55,60,MEDIUM,Kyber-1024,3,0.522,3245,63,7,74,5,178,1568,true
STATIC_1024,dev-14,MEDIUM,55,60,MEDIUM,Kyber-1024,3,0.522,3245,61,7,76,6,296,1568,true
STATIC_1024,dev-14,MEDIUM,55,60,MEDIUM,Kyber-1024,3,0.522,3245,61,7,73,6,384,1568,true
STATIC_1024,dev-14,MEDIUM,55,60,MEDIUM,Kyber-1024,3,0.522,3245,62,7,78,7,236,1568,true
STATIC_1024,dev-14,MEDIUM,55,60,MEDIUM,Kyber-1024,3,0.522,3245,63,7,77,7,141,1568,true
STATIC_1024,dev-14,MEDIUM,55,60,MEDIUM,Kyber-1024,3,0.522,3245,61,7,73,5,376,1568,true
STATIC_1024,dev-14,MEDIUM,55,60,MEDIUM,Kyber-1024,3,0.522,3245,146,43,159,17,154,1568,true
STATIC_1024,dev-14,MEDIUM,55,60,MEDIUM,Kyber-1024,3,0.522,3245,123,13,141,11,184,1568,true
STATIC_1024,dev-14,MEDIUM,55,60,MEDIUM,Kyber-1024,3,0.522,3245,117,12,143,15,172,1568,true
STATIC_1024,dev-14,MEDIUM,55,60,MEDIUM,Kyber-1024,3,0.522,3245,121,21,139,11,386,1568,true
STATIC_1024,dev-14,MEDIUM,55,60,MEDIUM,Kyber-1024,3,0.522,3245,116,13,139,10,142,1568,true
STATIC_1024,dev-14,MEDIUM,55,60,MEDIUM,Kyber-1024,3,0.522,3245,117,14,141,15,413,1568,true
STATIC_1024,dev-14,MEDIUM,55,60,MEDIUM,Kyber-1024,3,0.522,3245,136,14,140,12,190,1568,true
STATIC_1024,dev-14,MEDIUM,55,60,MEDIUM,Kyber-1024,3,0.522,3245,143,13,138,11,254,1568,true
STATIC_1024,dev-14,MEDIUM,55,60,MEDIUM,Kyber-1024,3,0.522,3245,117,20,146,20,290,1568,true
STATIC_1024,dev-14,MEDIUM,55,60,MEDIUM,Kyber-1024,3,0.522,3245,122,19,140,363,252,1568,true
STATIC_1024,dev-14,MEDIUM,55,60,MEDIUM,Kyber-1024,3,0.522,3245,135,39,181,35,421,1568,true
STATIC_1024,dev-14,MEDIUM,55,60,MEDIUM,Kyber-1024,3,0.522,3245,134,15,137,9,155,1568,true
STATIC_1024,dev-14,MEDIUM,55,60,MEDIUM,Kyber-1024,3,0.522,3245,115,10,140,12,153,1568,true
STATIC_1024,dev-14,MEDIUM,55,60,MEDIUM,Kyber-1024,3,0.522,3245,119,14,139,9,283,1568,true
STATIC_1024,dev-14,MEDIUM,55,60,MEDIUM,Kyber-1024,3,0.522,3245,139,26,147,10,156,1568,true
STATIC_1024,dev-14,MEDIUM,55,60,MEDIUM,Kyber-1024,3,0.522,3245,128,15,143,9,189,1568,true
ADAPTIVE,dev-14,MEDIUM,55,60,MEDIUM,Kyber-768,2,0.522,2510,87,32,113,31,190,1088,true
ADAPTIVE,dev-14,MEDIUM,55,60,MEDIUM,Kyber-768,2,0.522,2510,85,14,97,9,396,1088,true
ADAPTIVE,dev-14,MEDIUM,55,60,MEDIUM,Kyber-768,2,0.522,2510,95,10,106,9,350,1088,true
ADAPTIVE,dev-14,MEDIUM,55,60,MEDIUM,Kyber-768,2,0.522,2510,79,10,99,10,312,1088,true
ADAPTIVE,dev-14,MEDIUM,55,60,MEDIUM,Kyber-768,2,0.522,2510,79,10,97,9,418,1088,true
ADAPTIVE,dev-14,MEDIUM,55,60,MEDIUM,Kyber-768,2,0.522,2510,80,10,96,7,326,1088,true
ADAPTIVE,dev-14,MEDIUM,55,60,MEDIUM,Kyber-768,2,0.522,2510,78,9,96,7,284,1088,true
ADAPTIVE,dev-14,MEDIUM,55,60,MEDIUM,Kyber-768,2,0.522,2510,78,7,95,6,411,1088,true
ADAPTIVE,dev-14,MEDIUM,55,60,MEDIUM,Kyber-768,2,0.522,2510,77,7,93,6,178,1088,true
ADAPTIVE,dev-14,MEDIUM,55,60,MEDIUM,Kyber-768,2,0.522,2510,76,6,93,6,296,1088,true
ADAPTIVE,dev-14,MEDIUM,55,60,MEDIUM,Kyber-768,2,0.522,2510,75,7,94,6,384,1088,true
ADAPTIVE,dev-14,MEDIUM,55,60,MEDIUM,Kyber-768,2,0.522,2510,75,7,94,7,236,1088,true
ADAPTIVE,dev-14,MEDIUM,55,60,MEDIUM,Kyber-768,2,0.522,2510,77,452,128,60,141,1088,true
ADAPTIVE,dev-14,MEDIUM,55,60,MEDIUM,Kyber-768,2,0.522,2510,113,28,100,12,376,1088,true
ADAPTIVE,dev-14,MEDIUM,55,60,MEDIUM,Kyber-768,2,0.522,2510,81,11,99,8,154,1088,true
ADAPTIVE,dev-14,MEDIUM,55,60,MEDIUM,Kyber-768,2,0.522,2510,78,8,96,8,184,1088,true
ADAPTIVE,dev-14,MEDIUM,55,60,MEDIUM,Kyber-768,2,0.522,2510,78,8,95,7,172,1088,true
ADAPTIVE,dev-14,MEDIUM,55,60,MEDIUM,Kyber-768,2,0.522,2510,76,30,96,9,386,1088,true
ADAPTIVE,dev-14,MEDIUM,55,60,MEDIUM,Kyber-768,2,0.522,2510,78,8,95,6,142,1088,true
ADAPTIVE,dev-14,MEDIUM,55,60,MEDIUM,Kyber-768,2,0.522,2510,77,25,96,7,413,1088,true
ADAPTIVE,dev-14,MEDIUM,55,60,MEDIUM,Kyber-768,2,0.522,2510,76,7,93,6,190,1088,true
ADAPTIVE,dev-14,MEDIUM,55,60,MEDIUM,Kyber-768,2,0.522,2510,76,7,94,7,254,1088,true
ADAPTIVE,dev-14,MEDIUM,55,60,MEDIUM,Kyber-768,2,0.522,2510,77,9,97,8,290,1088,true
ADAPTIVE,dev-14,MEDIUM,55,60,MEDIUM,Kyber-768,2,0.522,2510,77,10,104,9,252,1088,true
ADAPTIVE,dev-14,MEDIUM,55,60,MEDIUM,Kyber-768,2,0.522,2510,78,10,100,9,421,1088,true
ADAPTIVE,dev-14,MEDIUM,55,60,MEDIUM,Kyber-768,2,0.522,2510,79,8,109,13,155,1088,true
ADAPTIVE,dev-14,MEDIUM,55,60,MEDIUM,Kyber-768,2,0.522,2510,79,10,100,10,153,1088,true
ADAPTIVE,dev-14,MEDIUM,55,60,MEDIUM,Kyber-768,2,0.522,2510,79,8,98,10,283,1088,true
ADAPTIVE,dev-14,MEDIUM,55,60,MEDIUM,Kyber-768,2,0.522,2510,79,10,97,9,156,1088,true
ADAPTIVE,dev-14,MEDIUM,55,60,MEDIUM,Kyber-768,2,0.522,2510,79,9,110,14,189,1088,true
STATIC_512,dev-15,MEDIUM,90,95,MEDIUM,Kyber-512,1,0.638,64939,92,47,74,14,203,768,true
STATIC_512,dev-15,MEDIUM,90,95,MEDIUM,Kyber-512,1,0.638,64939,52,9,63,6,200,768,true
STATIC_512,dev-15,MEDIUM,90,95,MEDIUM,Kyber-512,1,0.638,64939,49,7,80,7,212,768,true
STATIC_512,dev-15,MEDIUM,90,95,MEDIUM,Kyber-512,1,0.638,64939,49,7,62,6,337,768,true
STATIC_512,dev-15,MEDIUM,90,95,MEDIUM,Kyber-512,1,0.638,64939,49,8,62,6,158,768,true
STATIC_512,dev-15,MEDIUM,90,95,MEDIUM,Kyber-512,1,0.638,64939,48,7,62,6,343,768,true
STATIC_512,dev-15,MEDIUM,90,95,MEDIUM,Kyber-512,1,0.638,64939,48,7,61,6,322,768,true
STATIC_512,dev-15,MEDIUM,90,95,MEDIUM,Kyber-512,1,0.638,64939,49,7,61,6,354,768,true
STATIC_512,dev-15,MEDIUM,90,95,MEDIUM,Kyber-512,1,0.638,64939,49,7,62,6,311,768,true
STATIC_512,dev-15,MEDIUM,90,95,MEDIUM,Kyber-512,1,0.638,64939,49,7,63,7,201,768,true
STATIC_512,dev-15,MEDIUM,90,95,MEDIUM,Kyber-512,1,0.638,64939,49,9,63,7,166,768,true
STATIC_512,dev-15,MEDIUM,90,95,MEDIUM,Kyber-512,1,0.638,64939,49,16,86,13,284,768,true
STATIC_512,dev-15,MEDIUM,90,95,MEDIUM,Kyber-512,1,0.638,64939,52,10,64,8,261,768,true
STATIC_512,dev-15,MEDIUM,90,95,MEDIUM,Kyber-512,1,0.638,64939,50,10,65,9,194,768,true
STATIC_512,dev-15,MEDIUM,90,95,MEDIUM,Kyber-512,1,0.638,64939,52,9,66,8,237,768,true
STATIC_512,dev-15,MEDIUM,90,95,MEDIUM,Kyber-512,1,0.638,64939,50,8,65,8,138,768,true
STATIC_512,dev-15,MEDIUM,90,95,MEDIUM,Kyber-512,1,0.638,64939,50,9,64,7,218,768,true
STATIC_512,dev-15,MEDIUM,90,95,MEDIUM,Kyber-512,1,0.638,64939,53,13,64,9,325,768,true
STATIC_512,dev-15,MEDIUM,90,95,MEDIUM,Kyber-512,1,0.638,64939,52,10,64,7,368,768,true
STATIC_512,dev-15,MEDIUM,90,95,MEDIUM,Kyber-512,1,0.638,64939,57,9,63,8,172,768,true
STATIC_512,dev-15,MEDIUM,90,95,MEDIUM,Kyber-512,1,0.638,64939,49,9,63,9,420,768,true
STATIC_512,dev-15,MEDIUM,90,95,MEDIUM,Kyber-512,1,0.638,64939,50,8,63,7,202,768,true
STATIC_512,dev-15,MEDIUM,90,95,MEDIUM,Kyber-512,1,0.638,64939,49,7,62,7,293,768,true
STATIC_512,dev-15,MEDIUM,90,95,MEDIUM,Kyber-512,1,0.638,64939,48,8,62,7,380,768,true
STATIC_512,dev-15,MEDIUM,90,95,MEDIUM,Kyber-512,1,0.638,64939,48,7,63,7,353,768,true
STATIC_512,dev-15,MEDIUM,90,95,MEDIUM,Kyber-512,1,0.638,64939,49,9,66,11,276,768,true
STATIC_512,dev-15,MEDIUM,90,95,MEDIUM,Kyber-512,1,0.638,64939,70,13,67,9,276,768,true
STATIC_512,dev-15,MEDIUM,90,95,MEDIUM,Kyber-512,1,0.638,64939,50,8,68,13,262,768,true
STATIC_512,dev-15,MEDIUM,90,95,MEDIUM,Kyber-512,1,0.638,64939,50,11,66,8,296,768,true
STATIC_512,dev-15,MEDIUM,90,95,MEDIUM,Kyber-512,1,0.638,64939,50,8,63,9,355,768,true
STATIC_768,dev-15,MEDIUM,90,95,MEDIUM,Kyber-768,2,0.638,2510,84,11,99,10,203,1088,true
STATIC_768,dev-15,MEDIUM,90,95,MEDIUM,Kyber-768,2,0.638,2510,78,8,95,6,200,1088,true
STATIC_768,dev-15,MEDIUM,90,95,MEDIUM,Kyber-768,2,0.638,2510,77,9,95,6,212,1088,true
STATIC_768,dev-15,MEDIUM,90,95,MEDIUM,Kyber-768,2,0.638,2510,76,7,94,7,337,1088,true
STATIC_768,dev-15,MEDIUM,90,95,MEDIUM,Kyber-768,2,0.638,2510,93,15,100,7,158,1088,true
STATIC_768,dev-15,MEDIUM,90,95,MEDIUM,Kyber-768,2,0.638,2510,77,7,98,8,343,1088,true
STATIC_768,dev-15,MEDIUM,90,95,MEDIUM,Kyber-768,2,0.638,2510,77,7,94,7,322,1088,true
STATIC_768,dev-15,MEDIUM,90,95,MEDIUM,Kyber-768,2,0.638,2510,95,12,97,7,354,1088,true
STATIC_768,dev-15,MEDIUM,90,95,MEDIUM,Kyber-768,2,0.638,2510,77,7,100,6,311,1088,true
STATIC_768,dev-15,MEDIUM,90,95,MEDIUM,Kyber-768,2,0.638,2510,108,34,117,18,201,1088,true
STATIC_768,dev-15,MEDIUM,90,95,MEDIUM,Kyber-768,2,0.638,2510,87,13,99,8,166,1088,true
STATIC_768,dev-15,MEDIUM,90,95,MEDIUM,Kyber-768,2,0.638,2510,78,8,95,8,284,1088,true
STATIC_768,dev-15,MEDIUM,90,95,MEDIUM,Kyber-768,2,0.638,2510,86,14,104,9,261,1088,true
STATIC_768,dev-15,MEDIUM,90,95,MEDIUM,Kyber-768,2,0.638,2510,85,10,95,6,194,1088,true
STATIC_768,dev-15,MEDIUM,90,95,MEDIUM,Kyber-768,2,0.638,2510,76,7,95,9,237,1088,true
STATIC_768,dev-15,MEDIUM,90,95,MEDIUM,Kyber-768,2,0.638,2510,77,7,95,37,138,1088,true
STATIC_768,dev-15,MEDIUM,90,95,MEDIUM,Kyber-768,2,0.638,2510,79,10,407,25,218,1088,true
STATIC_768,dev-15,MEDIUM,90,95,MEDIUM,Kyber-768,2,0.638,2510,83,9,97,32,325,1088,true
STATIC_768,dev-15,MEDIUM,90,95,MEDIUM,Kyber-768,2,0.638,2510,79,9,268,65,368,1088,true
STATIC_768,dev-15,MEDIUM,90,95,MEDIUM,Kyber-768,2,0.638,2510,105,31,266,19,172,1088,true
STATIC_768,dev-15,MEDIUM,90,95,MEDIUM,Kyber-768,2,0.638,2510,56,7,55,3,420,1088,true
STATIC_768,dev-15,MEDIUM,90,95,MEDIUM,Kyber-768,2,0.638,2510,41,3,50,2,202,1088,true
STATIC_768,dev-15,MEDIUM,90,95,MEDIUM,Kyber-768,2,0.638,2510,40,3,49,2,293,1088,true
STATIC_768,dev-15,MEDIUM,90,95,MEDIUM,Kyber-768,2,0.638,2510,40,3,49,2,380,1088,true
STATIC_768,dev-15,MEDIUM,90,95,MEDIUM,Kyber-768,2,0.638,2510,41,3,50,2,353,1088,true
STATIC_768,dev-15,MEDIUM,90,95,MEDIUM,Kyber-768,2,0.638,2510,41,3,50,2,276,1088,true
STATIC_768,dev-15,MEDIUM,90,95,MEDIUM,Kyber-768,2,0.638,2510,41,3,49,2,276,1088,true
STATIC_768,dev-15,MEDIUM,90,95,MEDIUM,Kyber-768,2,0.638,2510,46,4,49,3,262,1088,true
STATIC_768,dev-15,MEDIUM,90,95,MEDIUM,Kyber-768,2,0.638,2510,75,5,50,3,296,1088,true
STATIC_768,dev-15,MEDIUM,90,95,MEDIUM,Kyber-768,2,0.638,2510,62,4,52,61,355,1088,true
STATIC_1024,dev-15,MEDIUM,90,95,MEDIUM,Kyber-1024,3,0.638,3245,135,40,153,41,203,1568,true
STATIC_1024,dev-15,MEDIUM,90,95,MEDIUM,Kyber-1024,3,0.638,3245,120,10,195,25,200,1568,true
STATIC_1024,dev-15,MEDIUM,90,95,MEDIUM,Kyber-1024,3,0.638,3245,140,24,177,16,212,1568,true
STATIC_1024,dev-15,MEDIUM,90,95,MEDIUM,Kyber-1024,3,0.638,3245,133,19,239,30,337,1568,true
STATIC_1024,dev-15,MEDIUM,90,95,MEDIUM,Kyber-1024,3,0.638,3245,133,17,159,41,158,1568,true
STATIC_1024,dev-15,MEDIUM,90,95,MEDIUM,Kyber-1024,3,0.638,3245,119,13,138,52,343,1568,true
STATIC_1024,dev-15,MEDIUM,90,95,MEDIUM,Kyber-1024,3,0.638,3245,117,11,151,9,322,1568,true
STATIC_1024,dev-15,MEDIUM,90,95,MEDIUM,Kyber-1024,3,0.638,3245,116,11,154,13,354,1568,true
STATIC_1024,dev-15,MEDIUM,90,95,MEDIUM,Kyber-1024,3,0.638,3245,124,11,157,12,311,1568,true
STATIC_1024,dev-15,MEDIUM,90,95,MEDIUM,Kyber-1024,3,0.638,3245,117,14,143,18,201,1568,true
STATIC_1024,dev-15,MEDIUM,90,95,MEDIUM,Kyber-1024,3,0.638,3245,119,16,168,22,166,1568,true
STATIC_1024,dev-15,MEDIUM,90,95,MEDIUM,Kyber-1024,3,0.638,3245,103,11,146,10,284,1568,true
STATIC_1024,dev-15,MEDIUM,90,95,MEDIUM,Kyber-1024,3,0.638,3245,122,11,172,27,261,1568,true
STATIC_1024,dev-15,MEDIUM,90,95,MEDIUM,Kyber-1024,3,0.638,3245,357,21,118,6,194,1568,true
STATIC_1024,dev-15,MEDIUM,90,95,MEDIUM,Kyber-1024,3,0.638,3245,69,5,84,5,237,1568,true
STATIC_1024,dev-15,MEDIUM,90,95,MEDIUM,Kyber-1024,3,0.638,3245,63,6,75,5,138,1568,true
STATIC_1024,dev-15,MEDIUM,90,95,MEDIUM,Kyber-1024,3,0.638,3245,63,7,136,28,218,1568,true
STATIC_1024,dev-15,MEDIUM,90,95,MEDIUM,Kyber-1024,3,0.638,3245,140,23,156,13,325,1568,true
STATIC_1024,dev-15,MEDIUM,90,95,MEDIUM,Kyber-1024,3,0.638,3245,124,14,163,11,368,1568,true
STATIC_1024,dev-15,MEDIUM,90,95,MEDIUM,Kyber-1024,3,0.638,3245,310,667,295,38,172,1568,true
STATIC_1024,dev-15,MEDIUM,90,95,MEDIUM,Kyber-1024,3,0.638,3245,162,56,149,17,420,1568,true
STATIC_1024,dev-15,MEDIUM,90,95,MEDIUM,Kyber-1024,3,0.638,3245,118,12,140,11,202,1568,true
STATIC_1024,dev-15,MEDIUM,90,95,MEDIUM,Kyber-1024,3,0.638,3245,116,10,144,8,293,1568,true
STATIC_1024,dev-15,MEDIUM,90,95,MEDIUM,Kyber-1024,3,0.638,3245,117,12,139,9,380,1568,true
STATIC_1024,dev-15,MEDIUM,90,95,MEDIUM,Kyber-1024,3,0.638,3245,114,11,140,11,353,1568,true
STATIC_1024,dev-15,MEDIUM,90,95,MEDIUM,Kyber-1024,3,0.638,3245,115,9,154,24,276,1568,true
STATIC_1024,dev-15,MEDIUM,90,95,MEDIUM,Kyber-1024,3,0.638,3245,117,30,142,16,276,1568,true
STATIC_1024,dev-15,MEDIUM,90,95,MEDIUM,Kyber-1024,3,0.638,3245,120,24,140,9,262,1568,true
STATIC_1024,dev-15,MEDIUM,90,95,MEDIUM,Kyber-1024,3,0.638,3245,123,11,137,9,296,1568,true
STATIC_1024,dev-15,MEDIUM,90,95,MEDIUM,Kyber-1024,3,0.638,3245,117,14,144,15,355,1568,true
ADAPTIVE,dev-15,MEDIUM,90,95,MEDIUM,Kyber-768,2,0.638,2510,92,14,103,14,203,1088,true
ADAPTIVE,dev-15,MEDIUM,90,95,MEDIUM,Kyber-768,2,0.638,2510,81,28,282,56,200,1088,true
ADAPTIVE,dev-15,MEDIUM,90,95,MEDIUM,Kyber-768,2,0.638,2510,96,20,103,9,212,1088,true
ADAPTIVE,dev-15,MEDIUM,90,95,MEDIUM,Kyber-768,2,0.638,2510,79,8,894,28,337,1088,true
ADAPTIVE,dev-15,MEDIUM,90,95,MEDIUM,Kyber-768,2,0.638,2510,143,45,119,18,158,1088,true
ADAPTIVE,dev-15,MEDIUM,90,95,MEDIUM,Kyber-768,2,0.638,2510,87,14,100,14,343,1088,true
ADAPTIVE,dev-15,MEDIUM,90,95,MEDIUM,Kyber-768,2,0.638,2510,79,10,117,22,322,1088,true
ADAPTIVE,dev-15,MEDIUM,90,95,MEDIUM,Kyber-768,2,0.638,2510,99,15,102,7,354,1088,true
ADAPTIVE,dev-15,MEDIUM,90,95,MEDIUM,Kyber-768,2,0.638,2510,78,8,97,7,311,1088,true
ADAPTIVE,dev-15,MEDIUM,90,95,MEDIUM,Kyber-768,2,0.638,2510,79,8,115,7,201,1088,true
ADAPTIVE,dev-15,MEDIUM,90,95,MEDIUM,Kyber-768,2,0.638,2510,78,9,96,7,166,1088,true
ADAPTIVE,dev-15,MEDIUM,90,95,MEDIUM,Kyber-768,2,0.638,2510,80,8,96,7,284,1088,true
ADAPTIVE,dev-15,MEDIUM,90,95,MEDIUM,Kyber-768,2,0.638,2510,80,9,98,9,261,1088,true
ADAPTIVE,dev-15,MEDIUM,90,95,MEDIUM,Kyber-768,2,0.638,2510,80,10,98,12,194,1088,true
ADAPTIVE,dev-15,MEDIUM,90,95,MEDIUM,Kyber-768,2,0.638,2510,85,16,102,12,237,1088,true
ADAPTIVE,dev-15,MEDIUM,90,95,MEDIUM,Kyber-768,2,0.638,2510,103,18,102,13,138,1088,true
ADAPTIVE,dev-15,MEDIUM,90,95,MEDIUM,Kyber-768,2,0.638,2510,83,12,100,12,218,1088,true
ADAPTIVE,dev-15,MEDIUM,90,95,MEDIUM,Kyber-768,2,0.638,2510,85,13,100,15,325,1088,true
ADAPTIVE,dev-15,MEDIUM,90,95,MEDIUM,Kyber-768,2,0.638,2510,137,40,109,19,368,1088,true
ADAPTIVE,dev-15,MEDIUM,90,95,MEDIUM,Kyber-768,2,0.638,2510,84,11,97,6,172,1088,true
ADAPTIVE,dev-15,MEDIUM,90,95,MEDIUM,Kyber-768,2,0.638,2510,78,7,94,6,420,1088,true
ADAPTIVE,dev-15,MEDIUM,90,95,MEDIUM,Kyber-768,2,0.638,2510,77,6,94,5,202,1088,true
ADAPTIVE,dev-15,MEDIUM,90,95,MEDIUM,Kyber-768,2,0.638,2510,87,7,97,6,293,1088,true
ADAPTIVE,dev-15,MEDIUM,90,95,MEDIUM,Kyber-768,2,0.638,2510,100,13,98,6,380,1088,true
ADAPTIVE,dev-15,MEDIUM,90,95,MEDIUM,Kyber-768,2,0.638,2510,94,8,96,6,353,1088,true
ADAPTIVE,dev-15,MEDIUM,90,95,MEDIUM,Kyber-768,2,0.638,2510,78,7,95,6,276,1088,true
ADAPTIVE,dev-15,MEDIUM,90,95,MEDIUM,Kyber-768,2,0.638,2510,76,7,93,6,276,1088,true
ADAPTIVE,dev-15,MEDIUM,90,95,MEDIUM,Kyber-768,2,0.638,2510,76,7,94,6,262,1088,true
ADAPTIVE,dev-15,MEDIUM,90,95,MEDIUM,Kyber-768,2,0.638,2510,77,7,107,7,296,1088,true
ADAPTIVE,dev-15,MEDIUM,90,95,MEDIUM,Kyber-768,2,0.638,2510,78,7,96,6,355,1088,true
STATIC_512,dev-16,MEDIUM,15,30,HIGH,Kyber-512,1,0.626,64939,82,38,71,10,207,768,true
STATIC_512,dev-16,MEDIUM,15,30,HIGH,Kyber-512,1,0.626,64939,51,7,62,5,403,768,true
STATIC_512,dev-16,MEDIUM,15,30,HIGH,Kyber-512,1,0.626,64939,48,6,61,4,184,768,true
STATIC_512,dev-16,MEDIUM,15,30,HIGH,Kyber-512,1,0.626,64939,48,5,61,4,308,768,true
STATIC_512,dev-16,MEDIUM,15,30,HIGH,Kyber-512,1,0.626,64939,47,6,61,4,198,768,true
STATIC_512,dev-16,MEDIUM,15,30,HIGH,Kyber-512,1,0.626,64939,48,6,61,4,286,768,true
STATIC_512,dev-16,MEDIUM,15,30,HIGH,Kyber-512,1,0.626,64939,53,6,62,4,366,768,true
STATIC_512,dev-16,MEDIUM,15,30,HIGH,Kyber-512,1,0.626,64939,48,6,61,4,184,768,true
STATIC_512,dev-16,MEDIUM,15,30,HIGH,Kyber-512,1,0.626,64939,47,5,61,4,211,768,true
STATIC_512,dev-16,MEDIUM,15,30,HIGH,Kyber-512,1,0.626,64939,47,5,61,4,313,768,true
STATIC_512,dev-16,MEDIUM,15,30,HIGH,Kyber-512,1,0.626,64939,48,39,65,14,151,768,true
STATIC_512,dev-16,MEDIUM,15,30,HIGH,Kyber-512,1,0.626,64939,49,6,62,5,235,768,true
STATIC_512,dev-16,MEDIUM,15,30,HIGH,Kyber-512,1,0.626,64939,50,6,75,5,288,768,true
STATIC_512,dev-16,MEDIUM,15,30,HIGH,Kyber-512,1,0.626,64939,49,6,61,4,251,768,true
STATIC_512,dev-16,MEDIUM,15,30,HIGH,Kyber-512,1,0.626,64939,47,6,62,5,407,768,true
STATIC_512,dev-16,MEDIUM,15,30,HIGH,Kyber-512,1,0.626,64939,49,7,116,28,284,768,true
STATIC_512,dev-16,MEDIUM,15,30,HIGH,Kyber-512,1,0.626,64939,65,17,69,8,232,768,true
STATIC_512,dev-16,MEDIUM,15,30,HIGH,Kyber-512,1,0.626,64939,50,7,64,5,214,768,true
STATIC_512,dev-16,MEDIUM,15,30,HIGH,Kyber-512,1,0.626,64939,50,7,62,6,277,768,true
STATIC_512,dev-16,MEDIUM,15,30,HIGH,Kyber-512,1,0.626,64939,49,6,63,23,202,768,true
STATIC_512,dev-16,MEDIUM,15,30,HIGH,Kyber-512,1,0.626,64939,45,14,35,3,132,768,true
STATIC_512,dev-16,MEDIUM,15,30,HIGH,Kyber-512,1,0.626,64939,26,3,33,2,328,768,true
STATIC_512,dev-16,MEDIUM,15,30,HIGH,Kyber-512,1,0.626,64939,25,2,32,2,239,768,true
STATIC_512,dev-16,MEDIUM,15,30,HIGH,Kyber-512,1,0.626,64939,25,2,31,2,161,768,true
STATIC_512,dev-16,MEDIUM,15,30,HIGH,Kyber-512,1,0.626,64939,25,2,32,2,275,768,true
STATIC_512,dev-16,MEDIUM,15,30,HIGH,Kyber-512,1,0.626,64939,25,2,33,2,318,768,true
STATIC_512,dev-16,MEDIUM,15,30,HIGH,Kyber-512,1,0.626,64939,25,2,32,2,137,768,true
STATIC_512,dev-16,MEDIUM,15,30,HIGH,Kyber-512,1,0.626,64939,25,2,98,19,387,768,true
STATIC_512,dev-16,MEDIUM,15,30,HIGH,Kyber-512,1,0.626,64939,62,10,67,6,238,768,true
STATIC_512,dev-16,MEDIUM,15,30,HIGH,Kyber-512,1,0.626,64939,51,6,63,5,129,768,true
STATIC_768,dev-16,MEDIUM,15,30,HIGH,Kyber-768,2,0.626,2510,95,13,60,3,207,1088,true
STATIC_768,dev-16,MEDIUM,15,30,HIGH,Kyber-768,2,0.626,2510,43,3,65,2,403,1088,true
STATIC_768,dev-16,MEDIUM,15,30,HIGH,Kyber-768,2,0.626,2510,41,3,50,2,184,1088,true
STATIC_768,dev-16,MEDIUM,15,30,HIGH,Kyber-768,2,0.626,2510,40,3,49,2,308,1088,true
STATIC_768,dev-16,MEDIUM,15,30,HIGH,Kyber-768,2,0.626,2510,40,3,49,2,198,1088,true
STATIC_768,dev-16,MEDIUM,15,30,HIGH,Kyber-768,2,0.626,2510,47,4,79,4,286,1088,true
STATIC_768,dev-16,MEDIUM,15,30,HIGH,Kyber-768,2,0.626,2510,42,5,52,5,366,1088,true
STATIC_768,dev-16,MEDIUM,15,30,HIGH,Kyber-768,2,0.626,2510,42,4,52,4,184,1088,true
STATIC_768,dev-16,MEDIUM,15,30,HIGH,Kyber-768,2,0.626,2510,43,5,52,4,211,1088,true
STATIC_768,dev-16,MEDIUM,15,30,HIGH,Kyber-768,2,0.626,2510,43,5,53,5,313,1088,true
STATIC_768,dev-16,MEDIUM,15,30,HIGH,Kyber-768,2,0.626,2510,42,5,52,6,151,1088,true
STATIC_768,dev-16,MEDIUM,15,30,HIGH,Kyber-768,2,0.626,2510,44,7,67,8,235,1088,true
STATIC_768,dev-16,MEDIUM,15,30,HIGH,Kyber-768,2,0.626,2510,44,8,53,5,288,1088,true
STATIC_768,dev-16,MEDIUM,15,30,HIGH,Kyber-768,2,0.626,2510,44,5,64,9,251,1088,true
STATIC_768,dev-16,MEDIUM,15,30,HIGH,Kyber-768,2,0.626,2510,51,9,56,10,407,1088,true
STATIC_768,dev-16,MEDIUM,15,30,HIGH,Kyber-768,2,0.626,2510,46,10,58,6,284,1088,true
STATIC_768,dev-16,MEDIUM,15,30,HIGH,Kyber-768,2,0.626,2510,43,6,50,5,232,1088,true
STATIC_768,dev-16,MEDIUM,15,30,HIGH,Kyber-768,2,0.626,2510,42,7,53,5,214,1088,true
STATIC_768,dev-16,MEDIUM,15,30,HIGH,Kyber-768,2,0.626,2510,43,10,55,8,277,1088,true
STATIC_768,dev-16,MEDIUM,15,30,HIGH,Kyber-768,2,0.626,2510,45,9,95,32,202,1088,true
STATIC_768,dev-16,MEDIUM,15,30,HIGH,Kyber-768,2,0.626,2510,104,25,106,11,132,1088,true
STATIC_768,dev-16,MEDIUM,15,30,HIGH,Kyber-768,2,0.626,2510,85,13,102,10,328,1088,true
STATIC_768,dev-16,MEDIUM,15,30,HIGH,Kyber-768,2,0.626,2510,82,12,101,12,239,1088,true
STATIC_768,dev-16,MEDIUM,15,30,HIGH,Kyber-768,2,0.626,2510,89,20,101,8,161,1088,true
STATIC_768,dev-16,MEDIUM,15,30,HIGH,Kyber-768,2,0.626,2510,83,11,99,8,275,1088,true
STATIC_768,dev-16,MEDIUM,15,30,HIGH,Kyber-768,2,0.626,2510,115,16,2698,74,318,1088,true
STATIC_768,dev-16,MEDIUM,15,30,HIGH,Kyber-768,2,0.626,2510,202,42,116,13,137,1088,true
STATIC_768,dev-16,MEDIUM,15,30,HIGH,Kyber-768,2,0.626,2510,82,9,97,5,387,1088,true
STATIC_768,dev-16,MEDIUM,15,30,HIGH,Kyber-768,2,0.626,2510,76,6,95,5,238,1088,true
STATIC_768,dev-16,MEDIUM,15,30,HIGH,Kyber-768,2,0.626,2510,78,7,97,6,129,1088,true
STATIC_1024,dev-16,MEDIUM,15,30,HIGH,Kyber-1024,3,0.626,3245,129,18,333,55,207,1568,true
STATIC_1024,dev-16,MEDIUM,15,30,HIGH,Kyber-1024,3,0.626,3245,88,11,78,3,403,1568,true
STATIC_1024,dev-16,MEDIUM,15,30,HIGH,Kyber-1024,3,0.626,3245,61,4,110,20,184,1568,true
STATIC_1024,dev-16,MEDIUM,15,30,HIGH,Kyber-1024,3,0.626,3245,112,16,153,54,308,1568,true
STATIC_1024,dev-16,MEDIUM,15,30,HIGH,Kyber-1024,3,0.626,3245,110,15,121,10,198,1568,true
STATIC_1024,dev-16,MEDIUM,15,30,HIGH,Kyber-1024,3,0.626,3245,98,9,138,8,286,1568,true
STATIC_1024,dev-16,MEDIUM,15,30,HIGH,Kyber-1024,3,0.626,3245,92,12,150,25,366,1568,true
STATIC_1024,dev-16,MEDIUM,15,30,HIGH,Kyber-1024,3,0.626,3245,140,21,150,7,184,1568,true
STATIC_1024,dev-16,MEDIUM,15,30,HIGH,Kyber-1024,3,0.626,3245,117,10,138,6,211,1568,true
STATIC_1024,dev-16,MEDIUM,15,30,HIGH,Kyber-1024,3,0.626,3245,114,8,141,6,313,1568,true
STATIC_1024,dev-16,MEDIUM,15,30,HIGH,Kyber-1024,3,0.626,3245,116,10,139,11,151,1568,true
STATIC_1024,dev-16,MEDIUM,15,30,HIGH,Kyber-1024,3,0.626,3245,121,14,140,10,235,1568,true
STATIC_1024,dev-16,MEDIUM,15,30,HIGH,Kyber-1024,3,0.626,3245,117,11,164,14,288,1568,true
STATIC_1024,dev-16,MEDIUM,15,30,HIGH,Kyber-1024,3,0.626,3245,119,14,140,11,251,1568,true
STATIC_1024,dev-16,MEDIUM,15,30,HIGH,Kyber-1024,3,0.626,3245,118,13,166,12,407,1568,true
STATIC_1024,dev-16,MEDIUM,15,30,HIGH,Kyber-1024,3,0.626,3245,119,13,188,14,284,1568,true
STATIC_1024,dev-16,MEDIUM,15,30,HIGH,Kyber-1024,3,0.626,3245,120,11,157,8,232,1568,true
STATIC_1024,dev-16,MEDIUM,15,30,HIGH,Kyber-1024,3,0.626,3245,116,10,185,39,214,1568,true
STATIC_1024,dev-16,MEDIUM,15,30,HIGH,Kyber-1024,3,0.626,3245,139,25,155,11,277,1568,true
STATIC_1024,dev-16,MEDIUM,15,30,HIGH,Kyber-1024,3,0.626,3245,127,10,140,8,202,1568,true
STATIC_1024,dev-16,MEDIUM,15,30,HIGH,Kyber-1024,3,0.626,3245,183,26,185,815,132,1568,true
STATIC_1024,dev-16,MEDIUM,15,30,HIGH,Kyber-1024,3,0.626,3245,177,36,195,17,328,1568,true
STATIC_1024,dev-16,MEDIUM,15,30,HIGH,Kyber-1024,3,0.626,3245,119,10,141,8,239,1568,true
STATIC_1024,dev-16,MEDIUM,15,30,HIGH,Kyber-1024,3,0.626,3245,123,12,199,23,161,1568,true
STATIC_1024,dev-16,MEDIUM,15,30,HIGH,Kyber-1024,3,0.626,3245,135,11,140,7,275,1568,true
STATIC_1024,dev-16,MEDIUM,15,30,HIGH,Kyber-1024,3,0.626,3245,120,8,168,9,318,1568,true
STATIC_1024,dev-16,MEDIUM,15,30,HIGH,Kyber-1024,3,0.626,3245,122,11,127,12,137,1568,true
STATIC_1024,dev-16,MEDIUM,15,30,HIGH,Kyber-1024,3,0.626,3245,106,13,118,9,387,1568,true
STATIC_1024,dev-16,MEDIUM,15,30,HIGH,Kyber-1024,3,0.626,3245,97,13,120,11,238,1568,true
STATIC_1024,dev-16,MEDIUM,15,30,HIGH,Kyber-1024,3,0.626,3245,104,13,149,10,129,1568,true
ADAPTIVE,dev-16,MEDIUM,15,30,HIGH,Kyber-768,2,0.626,2510,81,9,85,7,207,1088,true
ADAPTIVE,dev-16,MEDIUM,15,30,HIGH,Kyber-768,2,0.626,2510,62,9,126,11,403,1088,true
ADAPTIVE,dev-16,MEDIUM,15,30,HIGH,Kyber-768,2,0.626,2510,69,7,82,4,184,1088,true
ADAPTIVE,dev-16,MEDIUM,15,30,HIGH,Kyber-768,2,0.626,2510,67,6,83,5,308,1088,true
ADAPTIVE,dev-16,MEDIUM,15,30,HIGH,Kyber-768,2,0.626,2510,260,33,117,11,198,1088,true
ADAPTIVE,dev-16,MEDIUM,15,30,HIGH,Kyber-768,2,0.626,2510,84,11,768,30,286,1088,true
ADAPTIVE,dev-16,MEDIUM,15,30,HIGH,Kyber-768,2,0.626,2510,121,21,57,3,366,1088,true
ADAPTIVE,dev-16,MEDIUM,15,30,HIGH,Kyber-768,2,0.626,2510,43,3,73,2,184,1088,true
ADAPTIVE,dev-16,MEDIUM,15,30,HIGH,Kyber-768,2,0.626,2510,95,19,103,7,211,1088,true
ADAPTIVE,dev-16,MEDIUM,15,30,HIGH,Kyber-768,2,0.626,2510,80,7,95,5,313,1088,true
ADAPTIVE,dev-16,MEDIUM,15,30,HIGH,Kyber-768,2,0.626,2510,77,6,94,5,151,1088,true
ADAPTIVE,dev-16,MEDIUM,15,30,HIGH,Kyber-768,2,0.626,2510,77,6,94,5,235,1088,true
ADAPTIVE,dev-16,MEDIUM,15,30,HIGH,Kyber-768,2,0.626,2510,77,6,94,5,288,1088,true
ADAPTIVE,dev-16,MEDIUM,15,30,HIGH,Kyber-768,2,0.626,2510,77,6,94,5,251,1088,true
ADAPTIVE,dev-16,MEDIUM,15,30,HIGH,Kyber-768,2,0.626,2510,77,6,96,6,407,1088,true
ADAPTIVE,dev-16,MEDIUM,15,30,HIGH,Kyber-768,2,0.626,2510,78,7,96,6,284,1088,true
ADAPTIVE,dev-16,MEDIUM,15,30,HIGH,Kyber-768,2,0.626,2510,79,9,99,8,232,1088,true
ADAPTIVE,dev-16,MEDIUM,15,30,HIGH,Kyber-768,2,0.626,2510,96,11,98,9,214,1088,true
ADAPTIVE,dev-16,MEDIUM,15,30,HIGH,Kyber-768,2,0.626,2510,79,11,99,12,277,1088,true
ADAPTIVE,dev-16,MEDIUM,15,30,HIGH,Kyber-768,2,0.626,2510,82,12,100,25,202,1088,true
ADAPTIVE,dev-16,MEDIUM,15,30,HIGH,Kyber-768,2,0.626,2510,84,14,99,10,132,1088,true
ADAPTIVE,dev-16,MEDIUM,15,30,HIGH,Kyber-768,2,0.626,2510,81,13,101,10,328,1088,true
ADAPTIVE,dev-16,MEDIUM,15,30,HIGH,Kyber-768,2,0.626,2510,82,18,103,14,239,1088,true
ADAPTIVE,dev-16,MEDIUM,15,30,HIGH,Kyber-768,2,0.626,2510,85,16,101,10,161,1088,true
ADAPTIVE,dev-16,MEDIUM,15,30,HIGH,Kyber-768,2,0.626,2510,82,13,99,9,275,1088,true
ADAPTIVE,dev-16,MEDIUM,15,30,HIGH,Kyber-768,2,0.626,2510,80,10,99,9,318,1088,true
ADAPTIVE,dev-16,MEDIUM,15,30,HIGH,Kyber-768,2,0.626,2510,146,44,116,16,137,1088,true
ADAPTIVE,dev-16,MEDIUM,15,30,HIGH,Kyber-768,2,0.626,2510,87,12,99,12,387,1088,true
ADAPTIVE,dev-16,MEDIUM,15,30,HIGH,Kyber-768,2,0.626,2510,85,13,123,24,238,1088,true
ADAPTIVE,dev-16,MEDIUM,15,30,HIGH,Kyber-768,2,0.626,2510,111,19,122,9,129,1088,true
STATIC_512,dev-17,MEDIUM,55,60,HIGH,Kyber-512,1,0.747,64939,108,63,85,24,201,768,true
STATIC_512,dev-17,MEDIUM,55,60,HIGH,Kyber-512,1,0.747,64939,61,17,69,8,185,768,true
STATIC_512,dev-17,MEDIUM,55,60,HIGH,Kyber-512,1,0.747,64939,51,9,65,5,170,768,true
STATIC_512,dev-17,MEDIUM,55,60,HIGH,Kyber-512,1,0.747,64939,50,7,63,5,278,768,true
STATIC_512,dev-17,MEDIUM,55,60,HIGH,Kyber-512,1,0.747,64939,50,7,64,5,383,768,true
STATIC_512,dev-17,MEDIUM,55,60,HIGH,Kyber-512,1,0.747,64939,50,7,65,6,274,768,true
STATIC_512,dev-17,MEDIUM,55,60,HIGH,Kyber-512,1,0.747,64939,50,8,66,8,410,768,true
STATIC_512,dev-17,MEDIUM,55,60,HIGH,Kyber-512,1,0.747,64939,50,8,63,5,219,768,true
STATIC_512,dev-17,MEDIUM,55,60,HIGH,Kyber-512,1,0.747,64939,77,10,64,5,342,768,true
STATIC_512,dev-17,MEDIUM,55,60,HIGH,Kyber-512,1,0.747,64939,51,6,62,7,130,768,true
STATIC_512,dev-17,MEDIUM,55,60,HIGH,Kyber-512,1,0.747,64939,52,7,63,5,245,768,true
STATIC_512,dev-17,MEDIUM,55,60,HIGH,Kyber-512,1,0.747,64939,78,14,67,8,336,768,true
STATIC_512,dev-17,MEDIUM,55,60,HIGH,Kyber-512,1,0.747,64939,51,7,62,5,369,768,true
STATIC_512,dev-17,MEDIUM,55,60,HIGH,Kyber-512,1,0.747,64939,278,38,1647,31,266,768,true
STATIC_512,dev-17,MEDIUM,55,60,HIGH,Kyber-512,1,0.747,64939,44,64,38,2,234,768,true
STATIC_512,dev-17,MEDIUM,55,60,HIGH,Kyber-512,1,0.747,64939,26,3,32,2,371,768,true
STATIC_512,dev-17,MEDIUM,55,60,HIGH,Kyber-512,1,0.747,64939,26,2,33,2,371,768,true
STATIC_512,dev-17,MEDIUM,55,60,HIGH,Kyber-512,1,0.747,64939,26,3,33,2,381,768,true
STATIC_512,dev-17,MEDIUM,55,60,HIGH,Kyber-512,1,0.747,64939,25,2,32,2,335,768,true
STATIC_512,dev-17,MEDIUM,55,60,HIGH,Kyber-512,1,0.747,64939,25,2,32,2,407,768,true
STATIC_512,dev-17,MEDIUM,55,60,HIGH,Kyber-512,1,0.747,64939,25,3,33,2,329,768,true
STATIC_512,dev-17,MEDIUM,55,60,HIGH,Kyber-512,1,0.747,64939,26,3,33,2,401,768,true
STATIC_512,dev-17,MEDIUM,55,60,HIGH,Kyber-512,1,0.747,64939,26,2,33,2,148,768,true
STATIC_512,dev-17,MEDIUM,55,60,HIGH,Kyber-512,1,0.747,64939,25,2,33,2,236,768,true
STATIC_512,dev-17,MEDIUM,55,60,HIGH,Kyber-512,1,0.747,64939,25,2,32,2,353,768,true
STATIC_512,dev-17,MEDIUM,55,60,HIGH,Kyber-512,1,0.747,64939,25,2,31,2,130,768,true
STATIC_512,dev-17,MEDIUM,55,60,HIGH,Kyber-512,1,0.747,64939,25,2,32,2,155,768,true
STATIC_512,dev-17,MEDIUM,55,60,HIGH,Kyber-512,1,0.747,64939,25,2,55,2,146,768,true
STATIC_512,dev-17,MEDIUM,55,60,HIGH,Kyber-512,1,0.747,64939,25,3,32,2,260,768,true
STATIC_512,dev-17,MEDIUM,55,60,HIGH,Kyber-512,1,0.747,64939,26,2,34,2,320,768,true
STATIC_768,dev-17,MEDIUM,55,60,HIGH,Kyber-768,2,0.747,2510,47,2,53,2,201,1088,true
STATIC_768,dev-17,MEDIUM,55,60,HIGH,Kyber-768,2,0.747,2510,41,2,50,2,185,1088,true
STATIC_768,dev-17,MEDIUM,55,60,HIGH,Kyber-768,2,0.747,2510,40,2,51,2,170,1088,true
STATIC_768,dev-17,MEDIUM,55,60,HIGH,Kyber-768,2,0.747,2510,40,2,53,2,278,1088,true
STATIC_768,dev-17,MEDIUM,55,60,HIGH,Kyber-768,2,0.747,2510,40,2,49,2,383,1088,true
STATIC_768,dev-17,MEDIUM,55,60,HIGH,Kyber-768,2,0.747,2510,39,2,48,2,274,1088,true
STATIC_768,dev-17,MEDIUM,55,60,HIGH,Kyber-768,2,0.747,2510,40,2,50,2,410,1088,true
STATIC_768,dev-17,MEDIUM,55,60,HIGH,Kyber-768,2,0.747,2510,39,2,49,2,219,1088,true
STATIC_768,dev-17,MEDIUM,55,60,HIGH,Kyber-768,2,0.747,2510,44,3,50,2,342,1088,true
STATIC_768,dev-17,MEDIUM,55,60,HIGH,Kyber-768,2,0.747,2510,41,2,49,2,130,1088,true
STATIC_768,dev-17,MEDIUM,55,60,HIGH,Kyber-768,2,0.747,2510,39,2,50,2,245,1088,true
STATIC_768,dev-17,MEDIUM,55,60,HIGH,Kyber-768,2,0.747,2510,40,2,49,2,336,1088,true
STATIC_768,dev-17,MEDIUM,55,60,HIGH,Kyber-768,2,0.747,2510,41,3,50,2,369,1088,true
STATIC_768,dev-17,MEDIUM,55,60,HIGH,Kyber-768,2,0.747,2510,41,3,81,3,266,1088,true
STATIC_768,dev-17,MEDIUM,55,60,HIGH,Kyber-768,2,0.747,2510,41,14,52,8,234,1088,true
STATIC_768,dev-17,MEDIUM,55,60,HIGH,Kyber-768,2,0.747,2510,42,3,51,33,371,1088,true
STATIC_768,dev-17,MEDIUM,55,60,HIGH,Kyber-768,2,0.747,2510,43,3,51,2,371,1088,true
STATIC_768,dev-17,MEDIUM,55,60,HIGH,Kyber-768,2,0.747,2510,105,28,129,11,381,1088,true
STATIC_768,dev-17,MEDIUM,55,60,HIGH,Kyber-768,2,0.747,2510,88,9,97,5,335,1088,true
STATIC_768,dev-17,MEDIUM,55,60,HIGH,Kyber-768,2,0.747,2510,77,6,94,5,407,1088,true
STATIC_768,dev-17,MEDIUM,55,60,HIGH,Kyber-768,2,0.747,2510,76,6,94,5,329,1088,true
STATIC_768,dev-17,MEDIUM,55,60,HIGH,Kyber-768,2,0.747,2510,76,6,94,5,401,1088,true
STATIC_768,dev-17,MEDIUM,55,60,HIGH,Kyber-768,2,0.747,2510,76,6,94,5,148,1088,true
STATIC_768,dev-17,MEDIUM,55,60,HIGH,Kyber-768,2,0.747,2510,87,25,96,6,236,1088,true
STATIC_768,dev-17,MEDIUM,55,60,HIGH,Kyber-768,2,0.747,2510,79,19,99,10,353,1088,true
STATIC_768,dev-17,MEDIUM,55,60,HIGH,Kyber-768,2,0.747,2510,98,10,100,8,130,1088,true
STATIC_768,dev-17,MEDIUM,55,60,HIGH,Kyber-768,2,0.747,2510,79,12,96,7,155,1088,true
STATIC_768,dev-17,MEDIUM,55,60,HIGH,Kyber-768,2,0.747,2510,79,9,98,8,146,1088,true
STATIC_768,dev-17,MEDIUM,55,60,HIGH,Kyber-768,2,0.747,2510,79,11,98,8,260,1088,true
STATIC_768,dev-17,MEDIUM,55,60,HIGH,Kyber-768,2,0.747,2510,81,12,100,9,320,1088,true
STATIC_1024,dev-17,MEDIUM,55,60,HIGH,Kyber-1024,3,0.747,3245,129,14,145,12,201,1568,true
STATIC_1024,dev-17,MEDIUM,55,60,HIGH,Kyber-1024,3,0.747,3245,120,21,146,47,185,1568,true
STATIC_1024,dev-17,MEDIUM,55,60,HIGH,Kyber-1024,3,0.747,3245,121,20,138,7,170,1568,true
STATIC_1024,dev-17,MEDIUM,55,60,HIGH,Kyber-1024,3,0.747,3245,128,10,138,8,278,1568,true
STATIC_1024,dev-17,MEDIUM,55,60,HIGH,Kyber-1024,3,0.747,3245,121,8,137,6,383,1568,true
STATIC_1024,dev-17,MEDIUM,55,60,HIGH,Kyber-1024,3,0.747,3245,114,7,136,7,274,1568,true
STATIC_1024,dev-17,MEDIUM,55,60,HIGH,Kyber-1024,3,0.747,3245,113,7,135,5,410,1568,true
STATIC_1024,dev-17,MEDIUM,55,60,HIGH,Kyber-1024,3,0.747,3245,112,7,135,6,219,1568,true
STATIC_1024,dev-17,MEDIUM,55,60,HIGH,Kyber-1024,3,0.747,3245,112,7,136,7,342,1568,true
STATIC_1024,dev-17,MEDIUM,55,60,HIGH,Kyber-1024,3,0.747,3245,113,7,137,6,130,1568,true
STATIC_1024,dev-17,MEDIUM,55,60,HIGH,Kyber-1024,3,0.747,3245,115,9,149,8,245,1568,true
STATIC_1024,dev-17,MEDIUM,55,60,HIGH,Kyber-1024,3,0.747,3245,115,10,137,9,336,1568,true
STATIC_1024,dev-17,MEDIUM,55,60,HIGH,Kyber-1024,3,0.747,3245,118,24,148,17,369,1568,true
STATIC_1024,dev-17,MEDIUM,55,60,HIGH,Kyber-1024,3,0.747,3245,128,17,142,27,266,1568,true
STATIC_1024,dev-17,MEDIUM,55,60,HIGH,Kyber-1024,3,0.747,3245,119,13,139,9,234,1568,true
STATIC_1024,dev-17,MEDIUM,55,60,HIGH,Kyber-1024,3,0.747,3245,113,7,136,5,371,1568,true
STATIC_1024,dev-17,MEDIUM,55,60,HIGH,Kyber-1024,3,0.747,3245,113,7,136,6,371,1568,true
STATIC_1024,dev-17,MEDIUM,55,60,HIGH,Kyber-1024,3,0.747,3245,113,7,152,6,381,1568,true
STATIC_1024,dev-17,MEDIUM,55,60,HIGH,Kyber-1024,3,0.747,3245,115,9,139,10,335,1568,true
STATIC_1024,dev-17,MEDIUM,55,60,HIGH,Kyber-1024,3,0.747,3245,116,8,136,5,407,1568,true
STATIC_1024,dev-17,MEDIUM,55,60,HIGH,Kyber-1024,3,0.747,3245,114,6,136,6,329,1568,true
STATIC_1024,dev-17,MEDIUM,55,60,HIGH,Kyber-1024,3,0.747,3245,113,8,135,5,401,1568,true
STATIC_1024,dev-17,MEDIUM,55,60,HIGH,Kyber-1024,3,0.747,3245,112,5,187,21,148,1568,true
STATIC_1024,dev-17,MEDIUM,55,60,HIGH,Kyber-1024,3,0.747,3245,79,6,93,3,236,1568,true
STATIC_1024,dev-17,MEDIUM,55,60,HIGH,Kyber-1024,3,0.747,3245,63,3,73,2,353,1568,true
STATIC_1024,dev-17,MEDIUM,55,60,HIGH,Kyber-1024,3,0.747,3245,65,2,74,2,130,1568,true
STATIC_1024,dev-17,MEDIUM,55,60,HIGH,Kyber-1024,3,0.747,3245,61,2,73,2,155,1568,true
STATIC_1024,dev-17,MEDIUM,55,60,HIGH,Kyber-1024,3,0.747,3245,61,2,73,2,146,1568,true
STATIC_1024,dev-17,MEDIUM,55,60,HIGH,Kyber-1024,3,0.747,3245,62,3,87,3,260,1568,true
STATIC_1024,dev-17,MEDIUM,55,60,HIGH,Kyber-1024,3,0.747,3245,61,3,74,2,320,1568,true
ADAPTIVE,dev-17,MEDIUM,55,60,HIGH,Kyber-1024,3,0.747,3245,61,3,75,3,201,1568,true
ADAPTIVE,dev-17,MEDIUM,55,60,HIGH,Kyber-1024,3,0.747,3245,61,3,74,3,185,1568,true
ADAPTIVE,dev-17,MEDIUM,55,60,HIGH,Kyber-1024,3,0.747,3245,60,4,73,3,170,1568,true
ADAPTIVE,dev-17,MEDIUM,55,60,HIGH,Kyber-1024,3,0.747,3245,74,4,74,2,278,1568,true
ADAPTIVE,dev-17,MEDIUM,55,60,HIGH,Kyber-1024,3,0.747,3245,69,4,75,3,383,1568,true
ADAPTIVE,dev-17,MEDIUM,55,60,HIGH,Kyber-1024,3,0.747,3245,62,4,74,2,274,1568,true
ADAPTIVE,dev-17,MEDIUM,55,60,HIGH,Kyber-1024,3,0.747,3245,61,4,74,3,410,1568,true
ADAPTIVE,dev-17,MEDIUM,55,60,HIGH,Kyber-1024,3,0.747,3245,61,3,74,3,219,1568,true
ADAPTIVE,dev-17,MEDIUM,55,60,HIGH,Kyber-1024,3,0.747,3245,61,5,75,3,342,1568,true
ADAPTIVE,dev-17,MEDIUM,55,60,HIGH,Kyber-1024,3,0.747,3245,61,4,73,4,130,1568,true
ADAPTIVE,dev-17,MEDIUM,55,60,HIGH,Kyber-1024,3,0.747,3245,62,5,73,4,245,1568,true
ADAPTIVE,dev-17,MEDIUM,55,60,HIGH,Kyber-1024,3,0.747,3245,61,4,75,3,336,1568,true
ADAPTIVE,dev-17,MEDIUM,55,60,HIGH,Kyber-1024,3,0.747,3245,61,3,75,3,369,1568,true
ADAPTIVE,dev-17,MEDIUM,55,60,HIGH,Kyber-1024,3,0.747,3245,61,3,73,4,266,1568,true
ADAPTIVE,dev-17,MEDIUM,55,60,HIGH,Kyber-1024,3,0.747,3245,61,6,76,3,234,1568,true
ADAPTIVE,dev-17,MEDIUM,55,60,HIGH,Kyber-1024,3,0.747,3245,61,4,75,5,371,1568,true
ADAPTIVE,dev-17,MEDIUM,55,60,HIGH,Kyber-1024,3,0.747,3245,63,4,75,3,371,1568,true
ADAPTIVE,dev-17,MEDIUM,55,60,HIGH,Kyber-1024,3,0.747,3245,63,5,76,11,381,1568,true
ADAPTIVE,dev-17,MEDIUM,55,60,HIGH,Kyber-1024,3,0.747,3245,64,5,75,5,335,1568,true
ADAPTIVE,dev-17,MEDIUM,55,60,HIGH,Kyber-1024,3,0.747,3245,63,8,77,5,407,1568,true
ADAPTIVE,dev-17,MEDIUM,55,60,HIGH,Kyber-1024,3,0.747,3245,62,5,76,5,329,1568,true
ADAPTIVE,dev-17,MEDIUM,55,60,HIGH,Kyber-1024,3,0.747,3245,64,6,74,4,401,1568,true
ADAPTIVE,dev-17,MEDIUM,55,60,HIGH,Kyber-1024,3,0.747,3245,62,6,80,4,148,1568,true
ADAPTIVE,dev-17,MEDIUM,55,60,HIGH,Kyber-1024,3,0.747,3245,63,6,76,5,236,1568,true
ADAPTIVE,dev-17,MEDIUM,55,60,HIGH,Kyber-1024,3,0.747,3245,62,5,75,7,353,1568,true
ADAPTIVE,dev-17,MEDIUM,55,60,HIGH,Kyber-1024,3,0.747,3245,173,45,155,13,130,1568,true
ADAPTIVE,dev-17,MEDIUM,55,60,HIGH,Kyber-1024,3,0.747,3245,122,13,146,9,155,1568,true
ADAPTIVE,dev-17,MEDIUM,55,60,HIGH,Kyber-1024,3,0.747,3245,118,10,138,9,146,1568,true
ADAPTIVE,dev-17,MEDIUM,55,60,HIGH,Kyber-1024,3,0.747,3245,120,89,148,21,260,1568,true
ADAPTIVE,dev-17,MEDIUM,55,60,HIGH,Kyber-1024,3,0.747,3245,122,16,143,11,320,1568,true
STATIC_512,dev-18,MEDIUM,90,95,HIGH,Kyber-512,1,0.863,64939,89,71,76,20,208,768,true
STATIC_512,dev-18,MEDIUM,90,95,HIGH,Kyber-512,1,0.863,64939,52,12,63,5,383,768,true
STATIC_512,dev-18,MEDIUM,90,95,HIGH,Kyber-512,1,0.863,64939,61,6,61,4,357,768,true
STATIC_512,dev-18,MEDIUM,90,95,HIGH,Kyber-512,1,0.863,64939,48,5,74,6,408,768,true
STATIC_512,dev-18,MEDIUM,90,95,HIGH,Kyber-512,1,0.863,64939,51,5,61,4,401,768,true
STATIC_512,dev-18,MEDIUM,90,95,HIGH,Kyber-512,1,0.863,64939,48,5,61,4,260,768,true
STATIC_512,dev-18,MEDIUM,90,95,HIGH,Kyber-512,1,0.863,64939,49,7,71,6,136,768,true
STATIC_512,dev-18,MEDIUM,90,95,HIGH,Kyber-512,1,0.863,64939,48,5,71,4,376,768,true
STATIC_512,dev-18,MEDIUM,90,95,HIGH,Kyber-512,1,0.863,64939,249,32,80,7,353,768,true
STATIC_512,dev-18,MEDIUM,90,95,HIGH,Kyber-512,1,0.863,64939,62,8,94,7,144,768,true
STATIC_512,dev-18,MEDIUM,90,95,HIGH,Kyber-512,1,0.863,64939,594,49,90,10,179,768,true
STATIC_512,dev-18,MEDIUM,90,95,HIGH,Kyber-512,1,0.863,64939,55,8,91,7,177,768,true
STATIC_512,dev-18,MEDIUM,90,95,HIGH,Kyber-512,1,0.863,64939,57,8,73,6,359,768,true
STATIC_512,dev-18,MEDIUM,90,95,HIGH,Kyber-512,1,0.863,64939,48,6,72,23,262,768,true
STATIC_512,dev-18,MEDIUM,90,95,HIGH,Kyber-512,1,0.863,64939,38,7,93,3,384,768,true
STATIC_512,dev-18,MEDIUM,90,95,HIGH,Kyber-512,1,0.863,64939,27,3,33,2,226,768,true
STATIC_512,dev-18,MEDIUM,90,95,HIGH,Kyber-512,1,0.863,64939,25,10,32,2,219,768,true
STATIC_512,dev-18,MEDIUM,90,95,HIGH,Kyber-512,1,0.863,64939,25,2,32,2,372,768,true
STATIC_512,dev-18,MEDIUM,90,95,HIGH,Kyber-512,1,0.863,64939,25,2,33,2,135,768,true
STATIC_512,dev-18,MEDIUM,90,95,HIGH,Kyber-512,1,0.863,64939,25,2,32,2,218,768,true
STATIC_512,dev-18,MEDIUM,90,95,HIGH,Kyber-512,1,0.863,64939,25,2,33,2,251,768,true
STATIC_512,dev-18,MEDIUM,90,95,HIGH,Kyber-512,1,0.863,64939,25,3,33,2,135,768,true
STATIC_512,dev-18,MEDIUM,90,95,HIGH,Kyber-512,1,0.863,64939,25,2,33,2,197,768,true
STATIC_512,dev-18,MEDIUM,90,95,HIGH,Kyber-512,1,0.863,64939,26,3,33,2,171,768,true
STATIC_512,dev-18,MEDIUM,90,95,HIGH,Kyber-512,1,0.863,64939,25,3,32,2,410,768,true
STATIC_512,dev-18,MEDIUM,90,95,HIGH,Kyber-512,1,0.863,64939,26,2,33,2,345,768,true
STATIC_512,dev-18,MEDIUM,90,95,HIGH,Kyber-512,1,0.863,64939,27,35,82,11,354,768,true
STATIC_512,dev-18,MEDIUM,90,95,HIGH,Kyber-512,1,0.863,64939,57,9,63,5,360,768,true
STATIC_512,dev-18,MEDIUM,90,95,HIGH,Kyber-512,1,0.863,64939,49,6,70,4,207,768,true
STATIC_512,dev-18,MEDIUM,90,95,HIGH,Kyber-512,1,0.863,64939,48,5,62,4,141,768,true
STATIC_768,dev-18,MEDIUM,90,95,HIGH,Kyber-768,2,0.863,2510,83,6,96,5,208,1088,true
STATIC_768,dev-18,MEDIUM,90,95,HIGH,Kyber-768,2,0.863,2510,76,6,94,6,383,1088,true
STATIC_768,dev-18,MEDIUM,90,95,HIGH,Kyber-768,2,0.863,2510,76,6,94,5,357,1088,true
STATIC_768,dev-18,MEDIUM,90,95,HIGH,Kyber-768,2,0.863,2510,76,6,93,5,408,1088,true
STATIC_768,dev-18,MEDIUM,90,95,HIGH,Kyber-768,2,0.863,2510,75,6,136,19,401,1088,true
STATIC_768,dev-18,MEDIUM,90,95,HIGH,Kyber-768,2,0.863,2510,118,26,89,6,260,1088,true
STATIC_768,dev-18,MEDIUM,90,95,HIGH,Kyber-768,2,0.863,2510,62,8,75,4,136,1088,true
STATIC_768,dev-18,MEDIUM,90,95,HIGH,Kyber-768,2,0.863,2510,57,6,75,4,376,1088,true
STATIC_768,dev-18,MEDIUM,90,95,HIGH,Kyber-768,2,0.863,2510,57,6,78,5,353,1088,true
STATIC_768,dev-18,MEDIUM,90,95,HIGH,Kyber-768,2,0.863,2510,58,6,71,5,144,1088,true
STATIC_768,dev-18,MEDIUM,90,95,HIGH,Kyber-768,2,0.863,2510,63,8,68,6,179,1088,true
STATIC_768,dev-18,MEDIUM,90,95,HIGH,Kyber-768,2,0.863,2510,80,10,68,6,177,1088,true
STATIC_768,dev-18,MEDIUM,90,95,HIGH,Kyber-768,2,0.863,2510,62,15,69,10,359,1088,true
STATIC_768,dev-18,MEDIUM,90,95,HIGH,Kyber-768,2,0.863,2510,62,14,73,11,262,1088,true
STATIC_768,dev-18,MEDIUM,90,95,HIGH,Kyber-768,2,0.863,2510,58,11,73,10,384,1088,true
STATIC_768,dev-18,MEDIUM,90,95,HIGH,Kyber-768,2,0.863,2510,59,12,94,14,226,1088,true
STATIC_768,dev-18,MEDIUM,90,95,HIGH,Kyber-768,2,0.863,2510,64,16,73,10,219,1088,true
STATIC_768,dev-18,MEDIUM,90,95,HIGH,Kyber-768,2,0.863,2510,63,15,76,13,372,1088,true
STATIC_768,dev-18,MEDIUM,90,95,HIGH,Kyber-768,2,0.863,2510,67,15,77,12,135,1088,true
STATIC_768,dev-18,MEDIUM,90,95,HIGH,Kyber-768,2,0.863,2510,59,13,74,8,218,1088,true
STATIC_768,dev-18,MEDIUM,90,95,HIGH,Kyber-768,2,0.863,2510,59,9,76,9,251,1088,true
STATIC_768,dev-18,MEDIUM,90,95,HIGH,Kyber-768,2,0.863,2510,59,12,77,9,135,1088,true
STATIC_768,dev-18,MEDIUM,90,95,HIGH,Kyber-768,2,0.863,2510,65,9,71,7,197,1088,true
STATIC_768,dev-18,MEDIUM,90,95,HIGH,Kyber-768,2,0.863,2510,57,7,81,6,171,1088,true
STATIC_768,dev-18,MEDIUM,90,95,HIGH,Kyber-768,2,0.863,2510,57,9,69,7,410,1088,true
STATIC_768,dev-18,MEDIUM,90,95,HIGH,Kyber-768,2,0.863,2510,56,9,68,5,345,1088,true
STATIC_768,dev-18,MEDIUM,90,95,HIGH,Kyber-768,2,0.863,2510,97,13,74,5,354,1088,true
STATIC_768,dev-18,MEDIUM,90,95,HIGH,Kyber-768,2,0.863,2510,62,8,113,13,360,1088,true
STATIC_768,dev-18,MEDIUM,90,95,HIGH,Kyber-768,2,0.863,2510,55,9,80,39,207,1088,true
STATIC_768,dev-18,MEDIUM,90,95,HIGH,Kyber-768,2,0.863,2510,102,23,105,10,141,1088,true
STATIC_1024,dev-18,MEDIUM,90,95,HIGH,Kyber-1024,3,0.863,3245,141,19,119,5,208,1568,true
STATIC_1024,dev-18,MEDIUM,90,95,HIGH,Kyber-1024,3,0.863,3245,82,7,93,4,383,1568,true
STATIC_1024,dev-18,MEDIUM,90,95,HIGH,Kyber-1024,3,0.863,3245,70,22,110,5,357,1568,true
STATIC_1024,dev-18,MEDIUM,90,95,HIGH,Kyber-1024,3,0.863,3245,82,6,103,6,408,1568,true
STATIC_1024,dev-18,MEDIUM,90,95,HIGH,Kyber-1024,3,0.863,3245,1095,64,467,44,401,1568,true
STATIC_1024,dev-18,MEDIUM,90,95,HIGH,Kyber-1024,3,0.863,3245,158,30,165,15,260,1568,true
STATIC_1024,dev-18,MEDIUM,90,95,HIGH,Kyber-1024,3,0.863,3245,130,15,144,11,136,1568,true
STATIC_1024,dev-18,MEDIUM,90,95,HIGH,Kyber-1024,3,0.863,3245,121,11,142,8,376,1568,true
STATIC_1024,dev-18,MEDIUM,90,95,HIGH,Kyber-1024,3,0.863,3245,118,44,173,19,353,1568,true
STATIC_1024,dev-18,MEDIUM,90,95,HIGH,Kyber-1024,3,0.863,3245,128,13,159,14,144,1568,true
STATIC_1024,dev-18,MEDIUM,90,95,HIGH,Kyber-1024,3,0.863,3245,205,17,96,4,179,1568,true
STATIC_1024,dev-18,MEDIUM,90,95,HIGH,Kyber-1024,3,0.863,3245,111,14,120,5,177,1568,true
STATIC_1024,dev-18,MEDIUM,90,95,HIGH,Kyber-1024,3,0.863,3245,144,535,144,13,359,1568,true
STATIC_1024,dev-18,MEDIUM,90,95,HIGH,Kyber-1024,3,0.863,3245,123,7,78,3,262,1568,true
STATIC_1024,dev-18,MEDIUM,90,95,HIGH,Kyber-1024,3,0.863,3245,62,4,132,22,384,1568,true
STATIC_1024,dev-18,MEDIUM,90,95,HIGH,Kyber-1024,3,0.863,3245,143,15,147,7,226,1568,true
STATIC_1024,dev-18,MEDIUM,90,95,HIGH,Kyber-1024,3,0.863,3245,117,7,139,5,219,1568,true
STATIC_1024,dev-18,MEDIUM,90,95,HIGH,Kyber-1024,3,0.863,3245,115,8,140,8,372,1568,true
STATIC_1024,dev-18,MEDIUM,90,95,HIGH,Kyber-1024,3,0.863,3245,132,26,145,8,135,1568,true
STATIC_1024,dev-18,MEDIUM,90,95,HIGH,Kyber-1024,3,0.863,3245,109,17,91,4,218,1568,true
STATIC_1024,dev-18,MEDIUM,90,95,HIGH,Kyber-1024,3,0.863,3245,68,3,77,2,251,1568,true
STATIC_1024,dev-18,MEDIUM,90,95,HIGH,Kyber-1024,3,0.863,3245,63,2,76,2,135,1568,true
STATIC_1024,dev-18,MEDIUM,90,95,HIGH,Kyber-1024,3,0.863,3245,72,2,75,2,197,1568,true
STATIC_1024,dev-18,MEDIUM,90,95,HIGH,Kyber-1024,3,0.863,3245,64,35,123,37,171,1568,true
STATIC_1024,dev-18,MEDIUM,90,95,HIGH,Kyber-1024,3,0.863,3245,145,13,147,8,410,1568,true
STATIC_1024,dev-18,MEDIUM,90,95,HIGH,Kyber-1024,3,0.863,3245,122,12,144,9,345,1568,true
STATIC_1024,dev-18,MEDIUM,90,95,HIGH,Kyber-1024,3,0.863,3245,119,13,146,12,354,1568,true
STATIC_1024,dev-18,MEDIUM,90,95,HIGH,Kyber-1024,3,0.863,3245,122,11,141,7,360,1568,true
STATIC_1024,dev-18,MEDIUM,90,95,HIGH,Kyber-1024,3,0.863,3245,116,8,139,6,207,1568,true
STATIC_1024,dev-18,MEDIUM,90,95,HIGH,Kyber-1024,3,0.863,3245,117,8,156,8,141,1568,true
ADAPTIVE,dev-18,MEDIUM,90,95,HIGH,Kyber-1024,3,0.863,3245,119,10,142,8,208,1568,true
ADAPTIVE,dev-18,MEDIUM,90,95,HIGH,Kyber-1024,3,0.863,3245,120,14,143,10,383,1568,true
ADAPTIVE,dev-18,MEDIUM,90,95,HIGH,Kyber-1024,3,0.863,3245,120,13,144,10,357,1568,true
ADAPTIVE,dev-18,MEDIUM,90,95,HIGH,Kyber-1024,3,0.863,3245,119,10,145,8,408,1568,true
ADAPTIVE,dev-18,MEDIUM,90,95,HIGH,Kyber-1024,3,0.863,3245,116,9,139,9,401,1568,true
ADAPTIVE,dev-18,MEDIUM,90,95,HIGH,Kyber-1024,3,0.863,3245,116,90,174,30,260,1568,true
ADAPTIVE,dev-18,MEDIUM,90,95,HIGH,Kyber-1024,3,0.863,3245,145,19,196,15,136,1568,true
ADAPTIVE,dev-18,MEDIUM,90,95,HIGH,Kyber-1024,3,0.863,3245,125,11,142,6,376,1568,true
ADAPTIVE,dev-18,MEDIUM,90,95,HIGH,Kyber-1024,3,0.863,3245,119,13,146,8,353,1568,true
ADAPTIVE,dev-18,MEDIUM,90,95,HIGH,Kyber-1024,3,0.863,3245,119,11,147,10,144,1568,true
ADAPTIVE,dev-18,MEDIUM,90,95,HIGH,Kyber-1024,3,0.863,3245,165,26,159,14,179,1568,true
ADAPTIVE,dev-18,MEDIUM,90,95,HIGH,Kyber-1024,3,0.863,3245,159,16,148,8,177,1568,true
ADAPTIVE,dev-18,MEDIUM,90,95,HIGH,Kyber-1024,3,0.863,3245,126,10,166,8,359,1568,true
ADAPTIVE,dev-18,MEDIUM,90,95,HIGH,Kyber-1024,3,0.863,3245,131,8,140,5,262,1568,true
ADAPTIVE,dev-18,MEDIUM,90,95,HIGH,Kyber-1024,3,0.863,3245,116,7,138,6,384,1568,true
ADAPTIVE,dev-18,MEDIUM,90,95,HIGH,Kyber-1024,3,0.863,3245,138,11,141,8,226,1568,true
ADAPTIVE,dev-18,MEDIUM,90,95,HIGH,Kyber-1024,3,0.863,3245,119,10,153,10,219,1568,true
ADAPTIVE,dev-18,MEDIUM,90,95,HIGH,Kyber-1024,3,0.863,3245,120,10,158,8,372,1568,true
ADAPTIVE,dev-18,MEDIUM,90,95,HIGH,Kyber-1024,3,0.863,3245,119,9,153,20,135,1568,true
ADAPTIVE,dev-18,MEDIUM,90,95,HIGH,Kyber-1024,3,0.863,3245,253,32,159,11,218,1568,true
ADAPTIVE,dev-18,MEDIUM,90,95,HIGH,Kyber-1024,3,0.863,3245,126,12,192,21,251,1568,true
ADAPTIVE,dev-18,MEDIUM,90,95,HIGH,Kyber-1024,3,0.863,3245,135,16,148,8,135,1568,true
ADAPTIVE,dev-18,MEDIUM,90,95,HIGH,Kyber-1024,3,0.863,3245,120,9,141,16,197,1568,true
ADAPTIVE,dev-18,MEDIUM,90,95,HIGH,Kyber-1024,3,0.863,3245,121,13,147,10,171,1568,true
ADAPTIVE,dev-18,MEDIUM,90,95,HIGH,Kyber-1024,3,0.863,3245,120,10,150,10,410,1568,true
ADAPTIVE,dev-18,MEDIUM,90,95,HIGH,Kyber-1024,3,0.863,3245,145,14,145,10,345,1568,true
ADAPTIVE,dev-18,MEDIUM,90,95,HIGH,Kyber-1024,3,0.863,3245,139,13,146,11,354,1568,true
ADAPTIVE,dev-18,MEDIUM,90,95,HIGH,Kyber-1024,3,0.863,3245,1641,63,184,13,360,1568,true
ADAPTIVE,dev-18,MEDIUM,90,95,HIGH,Kyber-1024,3,0.863,3245,148,27,152,10,207,1568,true
ADAPTIVE,dev-18,MEDIUM,90,95,HIGH,Kyber-1024,3,0.863,3245,119,8,139,6,141,1568,true
STATIC_512,dev-19,HIGH,15,30,LOW,Kyber-512,1,0.286,64939,110,49,86,22,346,768,true
STATIC_512,dev-19,HIGH,15,30,LOW,Kyber-512,1,0.286,64939,60,15,68,6,198,768,true
STATIC_512,dev-19,HIGH,15,30,LOW,Kyber-512,1,0.286,64939,50,6,63,4,237,768,true
STATIC_512,dev-19,HIGH,15,30,LOW,Kyber-512,1,0.286,64939,49,5,62,4,243,768,true
STATIC_512,dev-19,HIGH,15,30,LOW,Kyber-512,1,0.286,64939,49,5,62,4,243,768,true
STATIC_512,dev-19,HIGH,15,30,LOW,Kyber-512,1,0.286,64939,48,5,63,4,175,768,true
STATIC_512,dev-19,HIGH,15,30,LOW,Kyber-512,1,0.286,64939,49,5,62,4,248,768,true
STATIC_512,dev-19,HIGH,15,30,LOW,Kyber-512,1,0.286,64939,49,5,62,4,321,768,true
STATIC_512,dev-19,HIGH,15,30,LOW,Kyber-512,1,0.286,64939,49,5,62,4,290,768,true
STATIC_512,dev-19,HIGH,15,30,LOW,Kyber-512,1,0.286,64939,49,5,62,4,294,768,true
STATIC_512,dev-19,HIGH,15,30,LOW,Kyber-512,1,0.286,64939,48,5,62,4,280,768,true
STATIC_512,dev-19,HIGH,15,30,LOW,Kyber-512,1,0.286,64939,48,5,62,4,289,768,true
STATIC_512,dev-19,HIGH,15,30,LOW,Kyber-512,1,0.286,64939,64,7,70,5,356,768,true
STATIC_512,dev-19,HIGH,15,30,LOW,Kyber-512,1,0.286,64939,49,5,62,4,207,768,true
STATIC_512,dev-19,HIGH,15,30,LOW,Kyber-512,1,0.286,64939,49,5,63,4,299,768,true
STATIC_512,dev-19,HIGH,15,30,LOW,Kyber-512,1,0.286,64939,48,5,62,4,261,768,true
STATIC_512,dev-19,HIGH,15,30,LOW,Kyber-512,1,0.286,64939,49,6,62,4,185,768,true
STATIC_512,dev-19,HIGH,15,30,LOW,Kyber-512,1,0.286,64939,49,5,62,5,166,768,true
STATIC_512,dev-19,HIGH,15,30,LOW,Kyber-512,1,0.286,64939,50,6,63,5,328,768,true
STATIC_512,dev-19,HIGH,15,30,LOW,Kyber-512,1,0.286,64939,50,5,62,4,187,768,true
STATIC_512,dev-19,HIGH,15,30,LOW,Kyber-512,1,0.286,64939,48,5,62,4,162,768,true
STATIC_512,dev-19,HIGH,15,30,LOW,Kyber-512,1,0.286,64939,49,5,63,5,344,768,true
STATIC_512,dev-19,HIGH,15,30,LOW,Kyber-512,1,0.286,64939,50,6,64,6,207,768,true
STATIC_512,dev-19,HIGH,15,30,LOW,Kyber-512,1,0.286,64939,51,8,65,6,332,768,true
STATIC_512,dev-19,HIGH,15,30,LOW,Kyber-512,1,0.286,64939,51,7,64,6,261,768,true
STATIC_512,dev-19,HIGH,15,30,LOW,Kyber-512,1,0.286,64939,51,7,65,7,237,768,true
STATIC_512,dev-19,HIGH,15,30,LOW,Kyber-512,1,0.286,64939,51,9,66,6,223,768,true
STATIC_512,dev-19,HIGH,15,30,LOW,Kyber-512,1,0.286,64939,51,9,84,13,392,768,true
STATIC_512,dev-19,HIGH,15,30,LOW,Kyber-512,1,0.286,64939,55,12,67,7,421,768,true
STATIC_512,dev-19,HIGH,15,30,LOW,Kyber-512,1,0.286,64939,66,10,66,8,389,768,true
STATIC_768,dev-19,HIGH,15,30,LOW,Kyber-768,2,0.286,2510,162,37,114,20,346,1088,true
STATIC_768,dev-19,HIGH,15,30,LOW,Kyber-768,2,0.286,2510,88,14,132,18,198,1088,true
STATIC_768,dev-19,HIGH,15,30,LOW,Kyber-768,2,0.286,2510,58,6,55,2,237,1088,true
STATIC_768,dev-19,HIGH,15,30,LOW,Kyber-768,2,0.286,2510,43,3,52,2,243,1088,true
STATIC_768,dev-19,HIGH,15,30,LOW,Kyber-768,2,0.286,2510,41,2,51,2,243,1088,true
STATIC_768,dev-19,HIGH,15,30,LOW,Kyber-768,2,0.286,2510,57,3,51,2,175,1088,true
STATIC_768,dev-19,HIGH,15,30,LOW,Kyber-768,2,0.286,2510,41,2,50,2,248,1088,true
STATIC_768,dev-19,HIGH,15,30,LOW,Kyber-768,2,0.286,2510,41,2,49,2,321,1088,true
STATIC_768,dev-19,HIGH,15,30,LOW,Kyber-768,2,0.286,2510,41,2,50,2,290,1088,true
STATIC_768,dev-19,HIGH,15,30,LOW,Kyber-768,2,0.286,2510,41,2,50,2,294,1088,true
STATIC_768,dev-19,HIGH,15,30,LOW,Kyber-768,2,0.286,2510,41,3,50,2,280,1088,true
STATIC_768,dev-19,HIGH,15,30,LOW,Kyber-768,2,0.286,2510,41,3,50,13,289,1088,true
STATIC_768,dev-19,HIGH,15,30,LOW,Kyber-768,2,0.286,2510,42,3,50,2,356,1088,true
STATIC_768,dev-19,HIGH,15,30,LOW,Kyber-768,2,0.286,2510,41,4,51,2,207,1088,true
STATIC_768,dev-19,HIGH,15,30,LOW,Kyber-768,2,0.286,2510,41,2,57,4,299,1088,true
STATIC_768,dev-19,HIGH,15,30,LOW,Kyber-768,2,0.286,2510,41,3,50,2,261,1088,true
STATIC_768,dev-19,HIGH,15,30,LOW,Kyber-768,2,0.286,2510,41,3,50,2,185,1088,true
STATIC_768,dev-19,HIGH,15,30,LOW,Kyber-768,2,0.286,2510,40,3,50,2,166,1088,true
STATIC_768,dev-19,HIGH,15,30,LOW,Kyber-768,2,0.286,2510,41,3,51,2,328,1088,true
STATIC_768,dev-19,HIGH,15,30,LOW,Kyber-768,2,0.286,2510,41,2,49,2,187,1088,true
STATIC_768,dev-19,HIGH,15,30,LOW,Kyber-768,2,0.286,2510,42,3,50,2,162,1088,true
STATIC_768,dev-19,HIGH,15,30,LOW,Kyber-768,2,0.286,2510,41,3,50,2,344,1088,true
STATIC_768,dev-19,HIGH,15,30,LOW,Kyber-768,2,0.286,2510,41,3,50,2,207,1088,true
STATIC_768,dev-19,HIGH,15,30,LOW,Kyber-768,2,0.286,2510,40,3,50,2,332,1088,true
STATIC_768,dev-19,HIGH,15,30,LOW,Kyber-768,2,0.286,2510,41,3,64,4,261,1088,true
STATIC_768,dev-19,HIGH,15,30,LOW,Kyber-768,2,0.286,2510,42,4,51,2,237,1088,true
STATIC_768,dev-19,HIGH,15,30,LOW,Kyber-768,2,0.286,2510,41,3,51,2,223,1088,true
STATIC_768,dev-19,HIGH,15,30,LOW,Kyber-768,2,0.286,2510,85,29,112,8,392,1088,true
STATIC_768,dev-19,HIGH,15,30,LOW,Kyber-768,2,0.286,2510,82,7,96,5,421,1088,true
STATIC_768,dev-19,HIGH,15,30,LOW,Kyber-768,2,0.286,2510,78,6,95,5,389,1088,true
STATIC_1024,dev-19,HIGH,15,30,LOW,Kyber-1024,3,0.286,3245,124,8,143,8,346,1568,true
STATIC_1024,dev-19,HIGH,15,30,LOW,Kyber-1024,3,0.286,3245,117,11,142,8,198,1568,true
STATIC_1024,dev-19,HIGH,15,30,LOW,Kyber-1024,3,0.286,3245,120,12,147,12,237,1568,true
STATIC_1024,dev-19,HIGH,15,30,LOW,Kyber-1024,3,0.286,3245,122,12,164,15,243,1568,true
STATIC_1024,dev-19,HIGH,15,30,LOW,Kyber-1024,3,0.286,3245,125,17,148,15,243,1568,true
STATIC_1024,dev-19,HIGH,15,30,LOW,Kyber-1024,3,0.286,3245,136,14,140,6,175,1568,true
STATIC_1024,dev-19,HIGH,15,30,LOW,Kyber-1024,3,0.286,3245,115,7,135,5,248,1568,true
STATIC_1024,dev-19,HIGH,15,30,LOW,Kyber-1024,3,0.286,3245,114,6,136,6,321,1568,true
STATIC_1024,dev-19,HIGH,15,30,LOW,Kyber-1024,3,0.286,3245,115,9,137,5,290,1568,true
STATIC_1024,dev-19,HIGH,15,30,LOW,Kyber-1024,3,0.286,3245,115,6,137,7,294,1568,true
STATIC_1024,dev-19,HIGH,15,30,LOW,Kyber-1024,3,0.286,3245,114,8,150,7,280,1568,true
STATIC_1024,dev-19,HIGH,15,30,LOW,Kyber-1024,3,0.286,3245,117,8,138,6,289,1568,true
STATIC_1024,dev-19,HIGH,15,30,LOW,Kyber-1024,3,0.286,3245,114,8,137,6,356,1568,true
STATIC_1024,dev-19,HIGH,15,30,LOW,Kyber-1024,3,0.286,3245,114,7,136,6,207,1568,true
STATIC_1024,dev-19,HIGH,15,30,LOW,Kyber-1024,3,0.286,3245,115,8,137,19,299,1568,true
STATIC_1024,dev-19,HIGH,15,30,LOW,Kyber-1024,3,0.286,3245,115,8,140,8,261,1568,true
STATIC_1024,dev-19,HIGH,15,30,LOW,Kyber-1024,3,0.286,3245,116,449,307,12,185,1568,true
STATIC_1024,dev-19,HIGH,15,30,LOW,Kyber-1024,3,0.286,3245,129,15,86,3,166,1568,true
STATIC_1024,dev-19,HIGH,15,30,LOW,Kyber-1024,3,0.286,3245,64,3,74,2,328,1568,true
STATIC_1024,dev-19,HIGH,15,30,LOW,Kyber-1024,3,0.286,3245,60,2,73,2,187,1568,true
STATIC_1024,dev-19,HIGH,15,30,LOW,Kyber-1024,3,0.286,3245,60,2,73,2,162,1568,true
STATIC_1024,dev-19,HIGH,15,30,LOW,Kyber-1024,3,0.286,3245,121,24,150,8,344,1568,true
STATIC_1024,dev-19,HIGH,15,30,LOW,Kyber-1024,3,0.286,3245,120,8,138,5,207,1568,true
STATIC_1024,dev-19,HIGH,15,30,LOW,Kyber-1024,3,0.286,3245,116,8,141,8,332,1568,true
STATIC_1024,dev-19,HIGH,15,30,LOW,Kyber-1024,3,0.286,3245,119,11,156,12,261,1568,true
STATIC_1024,dev-19,HIGH,15,30,LOW,Kyber-1024,3,0.286,3245,120,13,148,15,237,1568,true
STATIC_1024,dev-19,HIGH,15,30,LOW,Kyber-1024,3,0.286,3245,124,16,146,13,223,1568,true
STATIC_1024,dev-19,HIGH,15,30,LOW,Kyber-1024,3,0.286,3245,140,16,145,49,392,1568,true
STATIC_1024,dev-19,HIGH,15,30,LOW,Kyber-1024,3,0.286,3245,146,19,151,9,421,1568,true
STATIC_1024,dev-19,HIGH,15,30,LOW,Kyber-1024,3,0.286,3245,120,8,139,5,389,1568,true
ADAPTIVE,dev-19,HIGH,15,30,LOW,Kyber-512,1,0.286,64939,68,18,43,4,346,768,true
ADAPTIVE,dev-19,HIGH,15,30,LOW,Kyber-512,1,0.286,64939,29,3,34,2,198,768,true
ADAPTIVE,dev-19,HIGH,15,30,LOW,Kyber-512,1,0.286,64939,26,2,33,21,237,768,true
ADAPTIVE,dev-19,HIGH,15,30,LOW,Kyber-512,1,0.286,64939,27,3,34,2,243,768,true
ADAPTIVE,dev-19,HIGH,15,30,LOW,Kyber-512,1,0.286,64939,26,3,33,2,243,768,true
ADAPTIVE,dev-19,HIGH,15,30,LOW,Kyber-512,1,0.286,64939,26,3,33,2,175,768,true
ADAPTIVE,dev-19,HIGH,15,30,LOW,Kyber-512,1,0.286,64939,26,3,33,2,248,768,true
ADAPTIVE,dev-19,HIGH,15,30,LOW,Kyber-512,1,0.286,64939,43,4,33,2,321,768,true
ADAPTIVE,dev-19,HIGH,15,30,LOW,Kyber-512,1,0.286,64939,27,4,34,3,290,768,true
ADAPTIVE,dev-19,HIGH,15,30,LOW,Kyber-512,1,0.286,64939,29,4,34,3,294,768,true
ADAPTIVE,dev-19,HIGH,15,30,LOW,Kyber-512,1,0.286,64939,28,4,34,3,280,768,true
ADAPTIVE,dev-19,HIGH,15,30,LOW,Kyber-512,1,0.286,64939,28,3,35,2,289,768,true
ADAPTIVE,dev-19,HIGH,15,30,LOW,Kyber-512,1,0.286,64939,27,3,35,3,356,768,true
ADAPTIVE,dev-19,HIGH,15,30,LOW,Kyber-512,1,0.286,64939,28,4,35,3,207,768,true
ADAPTIVE,dev-19,HIGH,15,30,LOW,Kyber-512,1,0.286,64939,28,4,34,3,299,768,true
ADAPTIVE,dev-19,HIGH,15,30,LOW,Kyber-512,1,0.286,64939,27,3,34,4,261,768,true
ADAPTIVE,dev-19,HIGH,15,30,LOW,Kyber-512,1,0.286,64939,26,3,39,3,185,768,true
ADAPTIVE,dev-19,HIGH,15,30,LOW,Kyber-512,1,0.286,64939,27,4,34,3,166,768,true
ADAPTIVE,dev-19,HIGH,15,30,LOW,Kyber-512,1,0.286,64939,27,4,35,4,328,768,true
ADAPTIVE,dev-19,HIGH,15,30,LOW,Kyber-512,1,0.286,64939,28,4,34,3,187,768,true
ADAPTIVE,dev-19,HIGH,15,30,LOW,Kyber-512,1,0.286,64939,27,4,33,3,162,768,true
ADAPTIVE,dev-19,HIGH,15,30,LOW,Kyber-512,1,0.286,64939,27,4,33,3,344,768,true
ADAPTIVE,dev-19,HIGH,15,30,LOW,Kyber-512,1,0.286,64939,28,4,34,3,207,768,true
ADAPTIVE,dev-19,HIGH,15,30,LOW,Kyber-512,1,0.286,64939,26,4,34,5,332,768,true
ADAPTIVE,dev-19,HIGH,15,30,LOW,Kyber-512,1,0.286,64939,27,5,35,3,261,768,true
ADAPTIVE,dev-19,HIGH,15,30,LOW,Kyber-512,1,0.286,64939,26,3,33,4,237,768,true
ADAPTIVE,dev-19,HIGH,15,30,LOW,Kyber-512,1,0.286,64939,28,5,35,3,223,768,true
ADAPTIVE,dev-19,HIGH,15,30,LOW,Kyber-512,1,0.286,64939,30,9,38,6,392,768,true
ADAPTIVE,dev-19,HIGH,15,30,LOW,Kyber-512,1,0.286,64939,29,4,34,4,421,768,true
ADAPTIVE,dev-19,HIGH,15,30,LOW,Kyber-512,1,0.286,64939,27,3,34,2,389,768,true
STATIC_512,dev-20,HIGH,55,60,LOW,Kyber-512,1,0.407,64939,87,44,106,57,280,768,true
STATIC_512,dev-20,HIGH,55,60,LOW,Kyber-512,1,0.407,64939,111,25,78,13,384,768,true
STATIC_512,dev-20,HIGH,55,60,LOW,Kyber-512,1,0.407,64939,55,9,67,44,364,768,true
STATIC_512,dev-20,HIGH,55,60,LOW,Kyber-512,1,0.407,64939,54,10,66,6,291,768,true
STATIC_512,dev-20,HIGH,55,60,LOW,Kyber-512,1,0.407,64939,51,6,63,6,390,768,true
STATIC_512,dev-20,HIGH,55,60,LOW,Kyber-512,1,0.407,64939,49,6,64,6,136,768,true
STATIC_512,dev-20,HIGH,55,60,LOW,Kyber-512,1,0.407,64939,72,9,67,6,301,768,true
STATIC_512,dev-20,HIGH,55,60,LOW,Kyber-512,1,0.407,64939,54,7,65,6,337,768,true
STATIC_512,dev-20,HIGH,55,60,LOW,Kyber-512,1,0.407,64939,51,8,64,6,347,768,true
STATIC_512,dev-20,HIGH,55,60,LOW,Kyber-512,1,0.407,64939,50,28,66,14,394,768,true
STATIC_512,dev-20,HIGH,55,60,LOW,Kyber-512,1,0.407,64939,53,8,63,5,213,768,true
STATIC_512,dev-20,HIGH,55,60,LOW,Kyber-512,1,0.407,64939,49,21,64,5,383,768,true
STATIC_512,dev-20,HIGH,55,60,LOW,Kyber-512,1,0.407,64939,51,6,63,5,261,768,true
STATIC_512,dev-20,HIGH,55,60,LOW,Kyber-512,1,0.407,64939,50,7,64,6,244,768,true
STATIC_512,dev-20,HIGH,55,60,LOW,Kyber-512,1,0.407,64939,50,6,63,5,310,768,true
STATIC_512,dev-20,HIGH,55,60,LOW,Kyber-512,1,0.407,64939,51,6,64,6,335,768,true
STATIC_512,dev-20,HIGH,55,60,LOW,Kyber-512,1,0.407,64939,51,5,64,5,405,768,true
STATIC_512,dev-20,HIGH,55,60,LOW,Kyber-512,1,0.407,64939,50,6,68,5,283,768,true
STATIC_512,dev-20,HIGH,55,60,LOW,Kyber-512,1,0.407,64939,50,6,62,5,395,768,true
STATIC_512,dev-20,HIGH,55,60,LOW,Kyber-512,1,0.407,64939,49,6,65,6,194,768,true
STATIC_512,dev-20,HIGH,55,60,LOW,Kyber-512,1,0.407,64939,50,6,64,5,347,768,true
STATIC_512,dev-20,HIGH,55,60,LOW,Kyber-512,1,0.407,64939,49,7,63,4,283,768,true
STATIC_512,dev-20,HIGH,55,60,LOW,Kyber-512,1,0.407,64939,49,6,63,5,342,768,true
STATIC_512,dev-20,HIGH,55,60,LOW,Kyber-512,1,0.407,64939,49,6,63,5,404,768,true
STATIC_512,dev-20,HIGH,55,60,LOW,Kyber-512,1,0.407,64939,50,7,77,20,160,768,true
STATIC_512,dev-20,HIGH,55,60,LOW,Kyber-512,1,0.407,64939,37,6,240,5,226,768,true
STATIC_512,dev-20,HIGH,55,60,LOW,Kyber-512,1,0.407,64939,29,3,342,23,141,768,true
STATIC_512,dev-20,HIGH,55,60,LOW,Kyber-512,1,0.407,64939,122,23,77,9,160,768,true
STATIC_512,dev-20,HIGH,55,60,LOW,Kyber-512,1,0.407,64939,55,9,65,5,310,768,true
STATIC_512,dev-20,HIGH,55,60,LOW,Kyber-512,1,0.407,64939,50,6,64,5,187,768,true
STATIC_768,dev-20,HIGH,55,60,LOW,Kyber-768,2,0.407,2510,85,7,101,7,280,1088,true
STATIC_768,dev-20,HIGH,55,60,LOW,Kyber-768,2,0.407,2510,83,11,100,12,384,1088,true
STATIC_768,dev-20,HIGH,55,60,LOW,Kyber-768,2,0.407,2510,85,12,101,10,364,1088,true
STATIC_768,dev-20,HIGH,55,60,LOW,Kyber-768,2,0.407,2510,103,14,134,16,291,1088,true
STATIC_768,dev-20,HIGH,55,60,LOW,Kyber-768,2,0.407,2510,88,17,104,12,390,1088,true
STATIC_768,dev-20,HIGH,55,60,LOW,Kyber-768,2,0.407,2510,83,11,116,10,136,1088,true
STATIC_768,dev-20,HIGH,55,60,LOW,Kyber-768,2,0.407,2510,83,10,97,5,301,1088,true
STATIC_768,dev-20,HIGH,55,60,LOW,Kyber-768,2,0.407,2510,78,6,97,5,337,1088,true
STATIC_768,dev-20,HIGH,55,60,LOW,Kyber-768,2,0.407,2510,79,7,97,7,347,1088,true
STATIC_768,dev-20,HIGH,55,60,LOW,Kyber-768,2,0.407,2510,79,7,96,5,394,1088,true
STATIC_768,dev-20,HIGH,55,60,LOW,Kyber-768,2,0.407,2510,79,7,98,7,213,1088,true
STATIC_768,dev-20,HIGH,55,60,LOW,Kyber-768,2,0.407,2510,80,10,99,9,383,1088,true
STATIC_768,dev-20,HIGH,55,60,LOW,Kyber-768,2,0.407,2510,85,16,108,14,261,1088,true
STATIC_768,dev-20,HIGH,55,60,LOW,Kyber-768,2,0.407,2510,106,183,92,17,244,1088,true
STATIC_768,dev-20,HIGH,55,60,LOW,Kyber-768,2,0.407,2510,112,28,116,11,310,1088,true
STATIC_768,dev-20,HIGH,55,60,LOW,Kyber-768,2,0.407,2510,87,10,113,11,335,1088,true
STATIC_768,dev-20,HIGH,55,60,LOW,Kyber-768,2,0.407,2510,86,14,104,11,405,1088,true
STATIC_768,dev-20,HIGH,55,60,LOW,Kyber-768,2,0.407,2510,86,17,152,28,283,1088,true
STATIC_768,dev-20,HIGH,55,60,LOW,Kyber-768,2,0.407,2510,99,19,107,10,395,1088,true
STATIC_768,dev-20,HIGH,55,60,LOW,Kyber-768,2,0.407,2510,81,8,100,7,194,1088,true
STATIC_768,dev-20,HIGH,55,60,LOW,Kyber-768,2,0.407,2510,79,6,96,6,347,1088,true
STATIC_768,dev-20,HIGH,55,60,LOW,Kyber-768,2,0.407,2510,78,7,95,5,283,1088,true
STATIC_768,dev-20,HIGH,55,60,LOW,Kyber-768,2,0.407,2510,77,6,94,5,342,1088,true
STATIC_768,dev-20,HIGH,55,60,LOW,Kyber-768,2,0.407,2510,77,5,96,6,404,1088,true
STATIC_768,dev-20,HIGH,55,60,LOW,Kyber-768,2,0.407,2510,78,6,95,5,160,1088,true
STATIC_768,dev-20,HIGH,55,60,LOW,Kyber-768,2,0.407,2510,78,5,117,6,226,1088,true
STATIC_768,dev-20,HIGH,55,60,LOW,Kyber-768,2,0.407,2510,80,6,97,5,141,1088,true
STATIC_768,dev-20,HIGH,55,60,LOW,Kyber-768,2,0.407,2510,78,7,95,5,160,1088,true
STATIC_768,dev-20,HIGH,55,60,LOW,Kyber-768,2,0.407,2510,97,8,96,5,310,1088,true
STATIC_768,dev-20,HIGH,55,60,LOW,Kyber-768,2,0.407,2510,77,6,96,4,187,1088,true
STATIC_1024,dev-20,HIGH,55,60,LOW,Kyber-1024,3,0.407,3245,125,9,145,6,280,1568,true
STATIC_1024,dev-20,HIGH,55,60,LOW,Kyber-1024,3,0.407,3245,115,7,139,5,384,1568,true
STATIC_1024,dev-20,HIGH,55,60,LOW,Kyber-1024,3,0.407,3245,117,9,137,6,364,1568,true
STATIC_1024,dev-20,HIGH,55,60,LOW,Kyber-1024,3,0.407,3245,114,9,138,7,291,1568,true
STATIC_1024,dev-20,HIGH,55,60,LOW,Kyber-1024,3,0.407,3245,129,11,140,7,390,1568,true
STATIC_1024,dev-20,HIGH,55,60,LOW,Kyber-1024,3,0.407,3245,116,8,138,7,136,1568,true
STATIC_1024,dev-20,HIGH,55,60,LOW,Kyber-1024,3,0.407,3245,116,9,138,6,301,1568,true
STATIC_1024,dev-20,HIGH,55,60,LOW,Kyber-1024,3,0.407,3245,114,8,137,6,337,1568,true
STATIC_1024,dev-20,HIGH,55,60,LOW,Kyber-1024,3,0.407,3245,117,8,137,6,347,1568,true
STATIC_1024,dev-20,HIGH,55,60,LOW,Kyber-1024,3,0.407,3245,115,10,140,7,394,1568,true
STATIC_1024,dev-20,HIGH,55,60,LOW,Kyber-1024,3,0.407,3245,117,9,139,7,213,1568,true
STATIC_1024,dev-20,HIGH,55,60,LOW,Kyber-1024,3,0.407,3245,127,14,143,9,383,1568,true
STATIC_1024,dev-20,HIGH,55,60,LOW,Kyber-1024,3,0.407,3245,120,11,142,10,261,1568,true
STATIC_1024,dev-20,HIGH,55,60,LOW,Kyber-1024,3,0.407,3245,123,17,148,14,244,1568,true
STATIC_1024,dev-20,HIGH,55,60,LOW,Kyber-1024,3,0.407,3245,121,24,185,26,310,1568,true
STATIC_1024,dev-20,HIGH,55,60,LOW,Kyber-1024,3,0.407,3245,138,17,148,8,335,1568,true
STATIC_1024,dev-20,HIGH,55,60,LOW,Kyber-1024,3,0.407,3245,117,8,147,7,405,1568,true
STATIC_1024,dev-20,HIGH,55,60,LOW,Kyber-1024,3,0.407,3245,139,7,188,6,283,1568,true
STATIC_1024,dev-20,HIGH,55,60,LOW,Kyber-1024,3,0.407,3245,139,7,186,18,395,1568,true
STATIC_1024,dev-20,HIGH,55,60,LOW,Kyber-1024,3,0.407,3245,81,7,82,2,194,1568,true
STATIC_1024,dev-20,HIGH,55,60,LOW,Kyber-1024,3,0.407,3245,63,3,75,2,347,1568,true
STATIC_1024,dev-20,HIGH,55,60,LOW,Kyber-1024,3,0.407,3245,61,2,75,2,283,1568,true
STATIC_1024,dev-20,HIGH,55,60,LOW,Kyber-1024,3,0.407,3245,60,2,71,2,342,1568,true
STATIC_1024,dev-20,HIGH,55,60,LOW,Kyber-1024,3,0.407,3245,60,2,71,2,404,1568,true
STATIC_1024,dev-20,HIGH,55,60,LOW,Kyber-1024,3,0.407,3245,60,2,71,2,160,1568,true
STATIC_1024,dev-20,HIGH,55,60,LOW,Kyber-1024,3,0.407,3245,59,2,72,2,226,1568,true
STATIC_1024,dev-20,HIGH,55,60,LOW,Kyber-1024,3,0.407,3245,60,2,72,2,141,1568,true
STATIC_1024,dev-20,HIGH,55,60,LOW,Kyber-1024,3,0.407,3245,60,2,73,2,160,1568,true
STATIC_1024,dev-20,HIGH,55,60,LOW,Kyber-1024,3,0.407,3245,61,3,74,2,310,1568,true
STATIC_1024,dev-20,HIGH,55,60,LOW,Kyber-1024,3,0.407,3245,61,2,73,2,187,1568,true
ADAPTIVE,dev-20,HIGH,55,60,LOW,Kyber-768,2,0.407,2510,47,3,66,2,280,1088,true
ADAPTIVE,dev-20,HIGH,55,60,LOW,Kyber-768,2,0.407,2510,44,2,51,2,384,1088,true
ADAPTIVE,dev-20,HIGH,55,60,LOW,Kyber-768,2,0.407,2510,41,2,51,2,364,1088,true
ADAPTIVE,dev-20,HIGH,55,60,LOW,Kyber-768,2,0.407,2510,41,2,92,20,291,1088,true
ADAPTIVE,dev-20,HIGH,55,60,LOW,Kyber-768,2,0.407,2510,66,6,52,2,390,1088,true
ADAPTIVE,dev-20,HIGH,55,60,LOW,Kyber-768,2,0.407,2510,42,3,51,2,136,1088,true
ADAPTIVE,dev-20,HIGH,55,60,LOW,Kyber-768,2,0.407,2510,42,3,51,2,301,1088,true
ADAPTIVE,dev-20,HIGH,55,60,LOW,Kyber-768,2,0.407,2510,41,2,51,2,337,1088,true
ADAPTIVE,dev-20,HIGH,55,60,LOW,Kyber-768,2,0.407,2510,100,20,82,4,347,1088,true
ADAPTIVE,dev-20,HIGH,55,60,LOW,Kyber-768,2,0.407,2510,53,14,55,2,394,1088,true
ADAPTIVE,dev-20,HIGH,55,60,LOW,Kyber-768,2,0.407,2510,42,3,51,2,213,1088,true
ADAPTIVE,dev-20,HIGH,55,60,LOW,Kyber-768,2,0.407,2510,41,3,128,16,383,1088,true
ADAPTIVE,dev-20,HIGH,55,60,LOW,Kyber-768,2,0.407,2510,90,13,105,6,261,1088,true
ADAPTIVE,dev-20,HIGH,55,60,LOW,Kyber-768,2,0.407,2510,82,7,97,5,244,1088,true
ADAPTIVE,dev-20,HIGH,55,60,LOW,Kyber-768,2,0.407,2510,73,11,149,19,310,1088,true
ADAPTIVE,dev-20,HIGH,55,60,LOW,Kyber-768,2,0.407,2510,91,15,105,8,335,1088,true
ADAPTIVE,dev-20,HIGH,55,60,LOW,Kyber-768,2,0.407,2510,83,9,101,7,405,1088,true
ADAPTIVE,dev-20,HIGH,55,60,LOW,Kyber-768,2,0.407,2510,82,7,103,6,283,1088,true
ADAPTIVE,dev-20,HIGH,55,60,LOW,Kyber-768,2,0.407,2510,82,9,101,10,395,1088,true
ADAPTIVE,dev-20,HIGH,55,60,LOW,Kyber-768,2,0.407,2510,85,12,100,7,194,1088,true
ADAPTIVE,dev-20,HIGH,55,60,LOW,Kyber-768,2,0.407,2510,82,11,120,9,347,1088,true
ADAPTIVE,dev-20,HIGH,55,60,LOW,Kyber-768,2,0.407,2510,81,9,113,9,283,1088,true
ADAPTIVE,dev-20,HIGH,55,60,LOW,Kyber-768,2,0.407,2510,86,13,104,11,342,1088,true
ADAPTIVE,dev-20,HIGH,55,60,LOW,Kyber-768,2,0.407,2510,84,14,102,10,404,1088,true
ADAPTIVE,dev-20,HIGH,55,60,LOW,Kyber-768,2,0.407,2510,82,12,99,8,160,1088,true
ADAPTIVE,dev-20,HIGH,55,60,LOW,Kyber-768,2,0.407,2510,81,10,99,10,226,1088,true
ADAPTIVE,dev-20,HIGH,55,60,LOW,Kyber-768,2,0.407,2510,81,12,101,9,141,1088,true
ADAPTIVE,dev-20,HIGH,55,60,LOW,Kyber-768,2,0.407,2510,82,10,99,9,160,1088,true
ADAPTIVE,dev-20,HIGH,55,60,LOW,Kyber-768,2,0.407,2510,79,10,99,10,310,1088,true
ADAPTIVE,dev-20,HIGH,55,60,LOW,Kyber-768,2,0.407,2510,83,10,101,10,187,1088,true
STATIC_512,dev-21,HIGH,90,95,LOW,Kyber-512,1,0.523,64939,118,61,94,35,287,768,true
STATIC_512,dev-21,HIGH,90,95,LOW,Kyber-512,1,0.523,64939,69,21,74,8,277,768,true
STATIC_512,dev-21,HIGH,90,95,LOW,Kyber-512,1,0.523,64939,51,7,64,5,396,768,true
STATIC_512,dev-21,HIGH,90,95,LOW,Kyber-512,1,0.523,64939,50,7,63,5,227,768,true
STATIC_512,dev-21,HIGH,90,95,LOW,Kyber-512,1,0.523,64939,50,8,65,6,332,768,true
STATIC_512,dev-21,HIGH,90,95,LOW,Kyber-512,1,0.523,64939,51,7,68,7,270,768,true
STATIC_512,dev-21,HIGH,90,95,LOW,Kyber-512,1,0.523,64939,52,7,65,5,260,768,true
STATIC_512,dev-21,HIGH,90,95,LOW,Kyber-512,1,0.523,64939,50,6,63,83,266,768,true
STATIC_512,dev-21,HIGH,90,95,LOW,Kyber-512,1,0.523,64939,56,11,66,5,340,768,true
STATIC_512,dev-21,HIGH,90,95,LOW,Kyber-512,1,0.523,64939,50,6,63,4,349,768,true
STATIC_512,dev-21,HIGH,90,95,LOW,Kyber-512,1,0.523,64939,64,7,64,5,296,768,true
STATIC_512,dev-21,HIGH,90,95,LOW,Kyber-512,1,0.523,64939,50,5,63,4,277,768,true
STATIC_512,dev-21,HIGH,90,95,LOW,Kyber-512,1,0.523,64939,208,18,81,7,353,768,true
STATIC_512,dev-21,HIGH,90,95,LOW,Kyber-512,1,0.523,64939,51,6,62,4,279,768,true
STATIC_512,dev-21,HIGH,90,95,LOW,Kyber-512,1,0.523,64939,49,6,62,4,269,768,true
STATIC_512,dev-21,HIGH,90,95,LOW,Kyber-512,1,0.523,64939,49,5,62,4,314,768,true
STATIC_512,dev-21,HIGH,90,95,LOW,Kyber-512,1,0.523,64939,49,5,62,4,356,768,true
STATIC_512,dev-21,HIGH,90,95,LOW,Kyber-512,1,0.523,64939,50,5,62,4,229,768,true
STATIC_512,dev-21,HIGH,90,95,LOW,Kyber-512,1,0.523,64939,49,5,62,4,131,768,true
STATIC_512,dev-21,HIGH,90,95,LOW,Kyber-512,1,0.523,64939,49,5,62,5,377,768,true
STATIC_512,dev-21,HIGH,90,95,LOW,Kyber-512,1,0.523,64939,49,5,62,4,362,768,true
STATIC_512,dev-21,HIGH,90,95,LOW,Kyber-512,1,0.523,64939,49,5,62,4,230,768,true
STATIC_512,dev-21,HIGH,90,95,LOW,Kyber-512,1,0.523,64939,48,5,62,4,141,768,true
STATIC_512,dev-21,HIGH,90,95,LOW,Kyber-512,1,0.523,64939,48,5,62,4,355,768,true
STATIC_512,dev-21,HIGH,90,95,LOW,Kyber-512,1,0.523,64939,48,5,73,5,301,768,true
STATIC_512,dev-21,HIGH,90,95,LOW,Kyber-512,1,0.523,64939,50,5,62,4,358,768,true
STATIC_512,dev-21,HIGH,90,95,LOW,Kyber-512,1,0.523,64939,49,5,62,4,335,768,true
STATIC_512,dev-21,HIGH,90,95,LOW,Kyber-512,1,0.523,64939,50,6,62,4,352,768,true
STATIC_512,dev-21,HIGH,90,95,LOW,Kyber-512,1,0.523,64939,49,5,62,4,332,768,true
STATIC_512,dev-21,HIGH,90,95,LOW,Kyber-512,1,0.523,64939,63,6,63,5,155,768,true
STATIC_768,dev-21,HIGH,90,95,LOW,Kyber-768,2,0.523,2510,89,13,101,9,287,1088,true
STATIC_768,dev-21,HIGH,90,95,LOW,Kyber-768,2,0.523,2510,83,12,101,8,277,1088,true
STATIC_768,dev-21,HIGH,90,95,LOW,Kyber-768,2,0.523,2510,376,128,321,17,396,1088,true
STATIC_768,dev-21,HIGH,90,95,LOW,Kyber-768,2,0.523,2510,53,8,120,121,227,1088,true
STATIC_768,dev-21,HIGH,90,95,LOW,Kyber-768,2,0.523,2510,80,8,84,4,332,1088,true
STATIC_768,dev-21,HIGH,90,95,LOW,Kyber-768,2,0.523,2510,62,6,80,5,270,1088,true
STATIC_768,dev-21,HIGH,90,95,LOW,Kyber-768,2,0.523,2510,68,8,154,14,260,1088,true
STATIC_768,dev-21,HIGH,90,95,LOW,Kyber-768,2,0.523,2510,75,15,91,13,266,1088,true
STATIC_768,dev-21,HIGH,90,95,LOW,Kyber-768,2,0.523,2510,73,16,98,11,340,1088,true
STATIC_768,dev-21,HIGH,90,95,LOW,Kyber-768,2,0.523,2510,77,16,212,31,349,1088,true
STATIC_768,dev-21,HIGH,90,95,LOW,Kyber-768,2,0.523,2510,128,33,114,14,296,1088,true
STATIC_768,dev-21,HIGH,90,95,LOW,Kyber-768,2,0.523,2510,90,16,156,21,277,1088,true
STATIC_768,dev-21,HIGH,90,95,LOW,Kyber-768,2,0.523,2510,286,31,816,34,353,1088,true
STATIC_768,dev-21,HIGH,90,95,LOW,Kyber-768,2,0.523,2510,139,32,197,13,279,1088,true
STATIC_768,dev-21,HIGH,90,95,LOW,Kyber-768,2,0.523,2510,79,11,82,5,269,1088,true
STATIC_768,dev-21,HIGH,90,95,LOW,Kyber-768,2,0.523,2510,101,7,95,6,314,1088,true
STATIC_768,dev-21,HIGH,90,95,LOW,Kyber-768,2,0.523,2510,46,4,64,4,356,1088,true
STATIC_768,dev-21,HIGH,90,95,LOW,Kyber-768,2,0.523,2510,44,3,56,4,229,1088,true
STATIC_768,dev-21,HIGH,90,95,LOW,Kyber-768,2,0.523,2510,45,5,64,5,131,1088,true
STATIC_768,dev-21,HIGH,90,95,LOW,Kyber-768,2,0.523,2510,49,6,57,7,377,1088,true
STATIC_768,dev-21,HIGH,90,95,LOW,Kyber-768,2,0.523,2510,87,32,118,15,362,1088,true
STATIC_768,dev-21,HIGH,90,95,LOW,Kyber-768,2,0.523,2510,89,13,102,8,230,1088,true
STATIC_768,dev-21,HIGH,90,95,LOW,Kyber-768,2,0.523,2510,110,19,100,9,141,1088,true
STATIC_768,dev-21,HIGH,90,95,LOW,Kyber-768,2,0.523,2510,81,9,100,8,355,1088,true
STATIC_768,dev-21,HIGH,90,95,LOW,Kyber-768,2,0.523,2510,97,12,99,9,301,1088,true
STATIC_768,dev-21,HIGH,90,95,LOW,Kyber-768,2,0.523,2510,104,25,129,18,358,1088,true
STATIC_768,dev-21,HIGH,90,95,LOW,Kyber-768,2,0.523,2510,86,13,116,11,335,1088,true
STATIC_768,dev-21,HIGH,90,95,LOW,Kyber-768,2,0.523,2510,84,11,101,7,352,1088,true
STATIC_768,dev-21,HIGH,90,95,LOW,Kyber-768,2,0.523,2510,81,9,100,7,332,1088,true
STATIC_768,dev-21,HIGH,90,95,LOW,Kyber-768,2,0.523,2510,83,8,100,9,155,1088,true
STATIC_1024,dev-21,HIGH,90,95,LOW,Kyber-1024,3,0.523,3245,130,13,149,11,287,1568,true
STATIC_1024,dev-21,HIGH,90,95,LOW,Kyber-1024,3,0.523,3245,121,12,143,7,277,1568,true
STATIC_1024,dev-21,HIGH,90,95,LOW,Kyber-1024,3,0.523,3245,136,12,141,7,396,1568,true
STATIC_1024,dev-21,HIGH,90,95,LOW,Kyber-1024,3,0.523,3245,118,9,140,9,227,1568,true
STATIC_1024,dev-21,HIGH,90,95,LOW,Kyber-1024,3,0.523,3245,119,11,141,8,332,1568,true
STATIC_1024,dev-21,HIGH,90,95,LOW,Kyber-1024,3,0.523,3245,131,13,143,11,270,1568,true
STATIC_1024,dev-21,HIGH,90,95,LOW,Kyber-1024,3,0.523,3245,120,12,145,11,260,1568,true
STATIC_1024,dev-21,HIGH,90,95,LOW,Kyber-1024,3,0.523,3245,122,17,149,15,266,1568,true
STATIC_1024,dev-21,HIGH,90,95,LOW,Kyber-1024,3,0.523,3245,124,16,1220,99,340,1568,true
STATIC_1024,dev-21,HIGH,90,95,LOW,Kyber-1024,3,0.523,3245,225,48,169,25,349,1568,true
STATIC_1024,dev-21,HIGH,90,95,LOW,Kyber-1024,3,0.523,3245,132,17,188,27,296,1568,true
STATIC_1024,dev-21,HIGH,90,95,LOW,Kyber-1024,3,0.523,3245,134,21,153,13,277,1568,true
STATIC_1024,dev-21,HIGH,90,95,LOW,Kyber-1024,3,0.523,3245,122,11,142,8,353,1568,true
STATIC_1024,dev-21,HIGH,90,95,LOW,Kyber-1024,3,0.523,3245,117,8,138,5,279,1568,true
STATIC_1024,dev-21,HIGH,90,95,LOW,Kyber-1024,3,0.523,3245,116,8,162,7,269,1568,true
STATIC_1024,dev-21,HIGH,90,95,LOW,Kyber-1024,3,0.523,3245,117,8,138,37,314,1568,true
STATIC_1024,dev-21,HIGH,90,95,LOW,Kyber-1024,3,0.523,3245,119,9,140,6,356,1568,true
STATIC_1024,dev-21,HIGH,90,95,LOW,Kyber-1024,3,0.523,3245,116,6,137,5,229,1568,true
STATIC_1024,dev-21,HIGH,90,95,LOW,Kyber-1024,3,0.523,3245,117,6,139,4,131,1568,true
STATIC_1024,dev-21,HIGH,90,95,LOW,Kyber-1024,3,0.523,3245,115,6,146,6,377,1568,true
STATIC_1024,dev-21,HIGH,90,95,LOW,Kyber-1024,3,0.523,3245,121,8,141,7,362,1568,true
STATIC_1024,dev-21,HIGH,90,95,LOW,Kyber-1024,3,0.523,3245,117,7,136,4,230,1568,true
STATIC_1024,dev-21,HIGH,90,95,LOW,Kyber-1024,3,0.523,3245,112,5,135,4,141,1568,true
STATIC_1024,dev-21,HIGH,90,95,LOW,Kyber-1024,3,0.523,3245,128,6,137,5,355,1568,true
STATIC_1024,dev-21,HIGH,90,95,LOW,Kyber-1024,3,0.523,3245,115,7,143,5,301,1568,true
STATIC_1024,dev-21,HIGH,90,95,LOW,Kyber-1024,3,0.523,3245,113,6,138,6,358,1568,true
STATIC_1024,dev-21,HIGH,90,95,LOW,Kyber-1024,3,0.523,3245,117,9,149,60,335,1568,true
STATIC_1024,dev-21,HIGH,90,95,LOW,Kyber-1024,3,0.523,3245,124,13,146,11,352,1568,true
STATIC_1024,dev-21,HIGH,90,95,LOW,Kyber-1024,3,0.523,3245,121,58,144,13,332,1568,true
STATIC_1024,dev-21,HIGH,90,95,LOW,Kyber-1024,3,0.523,3245,120,12,141,22,155,1568,true
ADAPTIVE,dev-21,HIGH,90,95,LOW,Kyber-768,2,0.523,2510,91,12,103,5,287,1088,true
ADAPTIVE,dev-21,HIGH,90,95,LOW,Kyber-768,2,0.523,2510,80,7,98,6,277,1088,true
ADAPTIVE,dev-21,HIGH,90,95,LOW,Kyber-768,2,0.523,2510,80,7,96,43,396,1088,true
ADAPTIVE,dev-21,HIGH,90,95,LOW,Kyber-768,2,0.523,2510,80,60,75,5,227,1088,true
ADAPTIVE,dev-21,HIGH,90,95,LOW,Kyber-768,2,0.523,2510,51,4,54,2,332,1088,true
ADAPTIVE,dev-21,HIGH,90,95,LOW,Kyber-768,2,0.523,2510,56,3,51,2,270,1088,true
ADAPTIVE,dev-21,HIGH,90,95,LOW,Kyber-768,2,0.523,2510,42,2,52,2,260,1088,true
ADAPTIVE,dev-21,HIGH,90,95,LOW,Kyber-768,2,0.523,2510,42,2,51,2,266,1088,true
ADAPTIVE,dev-21,HIGH,90,95,LOW,Kyber-768,2,0.523,2510,41,2,51,2,340,1088,true
ADAPTIVE,dev-21,HIGH,90,95,LOW,Kyber-768,2,0.523,2510,42,2,50,2,349,1088,true
ADAPTIVE,dev-21,HIGH,90,95,LOW,Kyber-768,2,0.523,2510,40,2,50,2,296,1088,true
ADAPTIVE,dev-21,HIGH,90,95,LOW,Kyber-768,2,0.523,2510,41,2,50,2,277,1088,true
ADAPTIVE,dev-21,HIGH,90,95,LOW,Kyber-768,2,0.523,2510,40,2,50,2,353,1088,true
ADAPTIVE,dev-21,HIGH,90,95,LOW,Kyber-768,2,0.523,2510,41,3,51,2,279,1088,true
ADAPTIVE,dev-21,HIGH,90,95,LOW,Kyber-768,2,0.523,2510,42,56,53,3,269,1088,true
ADAPTIVE,dev-21,HIGH,90,95,LOW,Kyber-768,2,0.523,2510,91,10,68,695,314,1088,true
ADAPTIVE,dev-21,HIGH,90,95,LOW,Kyber-768,2,0.523,2510,119,24,134,19,356,1088,true
ADAPTIVE,dev-21,HIGH,90,95,LOW,Kyber-768,2,0.523,2510,91,13,109,6,229,1088,true
ADAPTIVE,dev-21,HIGH,90,95,LOW,Kyber-768,2,0.523,2510,84,7,97,5,131,1088,true
ADAPTIVE,dev-21,HIGH,90,95,LOW,Kyber-768,2,0.523,2510,148,18,103,8,377,1088,true
ADAPTIVE,dev-21,HIGH,90,95,LOW,Kyber-768,2,0.523,2510,81,7,97,5,362,1088,true
ADAPTIVE,dev-21,HIGH,90,95,LOW,Kyber-768,2,0.523,2510,78,7,98,7,230,1088,true
ADAPTIVE,dev-21,HIGH,90,95,LOW,Kyber-768,2,0.523,2510,79,9,98,7,141,1088,true
ADAPTIVE,dev-21,HIGH,90,95,LOW,Kyber-768,2,0.523,2510,79,7,99,7,355,1088,true
ADAPTIVE,dev-21,HIGH,90,95,LOW,Kyber-768,2,0.523,2510,81,10,99,7,301,1088,true
ADAPTIVE,dev-21,HIGH,90,95,LOW,Kyber-768,2,0.523,2510,82,10,101,7,358,1088,true
ADAPTIVE,dev-21,HIGH,90,95,LOW,Kyber-768,2,0.523,2510,80,8,100,9,335,1088,true
ADAPTIVE,dev-21,HIGH,90,95,LOW,Kyber-768,2,0.523,2510,133,19,107,16,352,1088,true
ADAPTIVE,dev-21,HIGH,90,95,LOW,Kyber-768,2,0.523,2510,86,15,104,14,332,1088,true
ADAPTIVE,dev-21,HIGH,90,95,LOW,Kyber-768,2,0.523,2510,86,11,103,11,155,1088,true
STATIC_512,dev-22,HIGH,15,30,MEDIUM,Kyber-512,1,0.511,64939,99,56,94,30,313,768,true
STATIC_512,dev-22,HIGH,15,30,MEDIUM,Kyber-512,1,0.511,64939,67,23,73,10,244,768,true
STATIC_512,dev-22,HIGH,15,30,MEDIUM,Kyber-512,1,0.511,64939,52,13,66,6,163,768,true
STATIC_512,dev-22,HIGH,15,30,MEDIUM,Kyber-512,1,0.511,64939,52,6,64,5,167,768,true
STATIC_512,dev-22,HIGH,15,30,MEDIUM,Kyber-512,1,0.511,64939,50,6,64,6,279,768,true
STATIC_512,dev-22,HIGH,15,30,MEDIUM,Kyber-512,1,0.511,64939,51,9,66,7,399,768,true
STATIC_512,dev-22,HIGH,15,30,MEDIUM,Kyber-512,1,0.511,64939,53,8,66,5,395,768,true
STATIC_512,dev-22,HIGH,15,30,MEDIUM,Kyber-512,1,0.511,64939,50,9,65,6,314,768,true
STATIC_512,dev-22,HIGH,15,30,MEDIUM,Kyber-512,1,0.511,64939,52,16,126,26,285,768,true
STATIC_512,dev-22,HIGH,15,30,MEDIUM,Kyber-512,1,0.511,64939,70,19,93,22,230,768,true
STATIC_512,dev-22,HIGH,15,30,MEDIUM,Kyber-512,1,0.511,64939,53,9,55,4,279,768,true
STATIC_512,dev-22,HIGH,15,30,MEDIUM,Kyber-512,1,0.511,64939,42,5,51,3,401,768,true
STATIC_512,dev-22,HIGH,15,30,MEDIUM,Kyber-512,1,0.511,64939,40,4,52,3,130,768,true
STATIC_512,dev-22,HIGH,15,30,MEDIUM,Kyber-512,1,0.511,64939,40,4,56,4,301,768,true
STATIC_512,dev-22,HIGH,15,30,MEDIUM,Kyber-512,1,0.511,64939,41,5,52,4,188,768,true
STATIC_512,dev-22,HIGH,15,30,MEDIUM,Kyber-512,1,0.511,64939,42,7,54,5,388,768,true
STATIC_512,dev-22,HIGH,15,30,MEDIUM,Kyber-512,1,0.511,64939,136,23,40,4,247,768,true
STATIC_512,dev-22,HIGH,15,30,MEDIUM,Kyber-512,1,0.511,64939,28,3,34,2,286,768,true
STATIC_512,dev-22,HIGH,15,30,MEDIUM,Kyber-512,1,0.511,64939,27,2,33,2,343,768,true
STATIC_512,dev-22,HIGH,15,30,MEDIUM,Kyber-512,1,0.511,64939,25,2,33,2,361,768,true
STATIC_512,dev-22,HIGH,15,30,MEDIUM,Kyber-512,1,0.511,64939,26,2,33,2,274,768,true
STATIC_512,dev-22,HIGH,15,30,MEDIUM,Kyber-512,1,0.511,64939,26,2,33,2,248,768,true
STATIC_512,dev-22,HIGH,15,30,MEDIUM,Kyber-512,1,0.511,64939,26,3,56,3,232,768,true
STATIC_512,dev-22,HIGH,15,30,MEDIUM,Kyber-512,1,0.511,64939,27,3,34,2,205,768,true
STATIC_512,dev-22,HIGH,15,30,MEDIUM,Kyber-512,1,0.511,64939,27,3,34,2,224,768,true
STATIC_512,dev-22,HIGH,15,30,MEDIUM,Kyber-512,1,0.511,64939,41,4,34,2,302,768,true
STATIC_512,dev-22,HIGH,15,30,MEDIUM,Kyber-512,1,0.511,64939,27,3,34,3,404,768,true
STATIC_512,dev-22,HIGH,15,30,MEDIUM,Kyber-512,1,0.511,64939,28,5,74,23,263,768,true
STATIC_512,dev-22,HIGH,15,30,MEDIUM,Kyber-512,1,0.511,64939,71,13,74,7,135,768,true
STATIC_512,dev-22,HIGH,15,30,MEDIUM,Kyber-512,1,0.511,64939,53,8,66,5,172,768,true
STATIC_768,dev-22,HIGH,15,30,MEDIUM,Kyber-768,2,0.511,2510,89,10,103,6,313,1088,true
STATIC_768,dev-22,HIGH,15,30,MEDIUM,Kyber-768,2,0.511,2510,81,7,100,7,244,1088,true
STATIC_768,dev-22,HIGH,15,30,MEDIUM,Kyber-768,2,0.511,2510,82,6,102,8,163,1088,true
STATIC_768,dev-22,HIGH,15,30,MEDIUM,Kyber-768,2,0.511,2510,84,12,102,9,167,1088,true
STATIC_768,dev-22,HIGH,15,30,MEDIUM,Kyber-768,2,0.511,2510,84,12,102,10,279,1088,true
STATIC_768,dev-22,HIGH,15,30,MEDIUM,Kyber-768,2,0.511,2510,84,14,102,13,399,1088,true
STATIC_768,dev-22,HIGH,15,30,MEDIUM,Kyber-768,2,0.511,2510,107,15,103,13,395,1088,true
STATIC_768,dev-22,HIGH,15,30,MEDIUM,Kyber-768,2,0.511,2510,520,117,129,29,314,1088,true
STATIC_768,dev-22,HIGH,15,30,MEDIUM,Kyber-768,2,0.511,2510,112,39,123,20,285,1088,true
STATIC_768,dev-22,HIGH,15,30,MEDIUM,Kyber-768,2,0.511,2510,87,14,103,11,230,1088,true
STATIC_768,dev-22,HIGH,15,30,MEDIUM,Kyber-768,2,0.511,2510,82,10,99,9,279,1088,true
STATIC_768,dev-22,HIGH,15,30,MEDIUM,Kyber-768,2,0.511,2510,80,8,97,6,401,1088,true
STATIC_768,dev-22,HIGH,15,30,MEDIUM,Kyber-768,2,0.511,2510,78,6,96,4,130,1088,true
STATIC_768,dev-22,HIGH,15,30,MEDIUM,Kyber-768,2,0.511,2510,78,6,96,4,301,1088,true
STATIC_768,dev-22,HIGH,15,30,MEDIUM,Kyber-768,2,0.511,2510,78,5,98,7,188,1088,true
STATIC_768,dev-22,HIGH,15,30,MEDIUM,Kyber-768,2,0.511,2510,82,10,125,10,388,1088,true
STATIC_768,dev-22,HIGH,15,30,MEDIUM,Kyber-768,2,0.511,2510,85,11,100,8,247,1088,true
STATIC_768,dev-22,HIGH,15,30,MEDIUM,Kyber-768,2,0.511,2510,82,9,100,7,286,1088,true
STATIC_768,dev-22,HIGH,15,30,MEDIUM,Kyber-768,2,0.511,2510,82,65,128,218,343,1088,true
STATIC_768,dev-22,HIGH,15,30,MEDIUM,Kyber-768,2,0.511,2510,117,19,107,10,361,1088,true
STATIC_768,dev-22,HIGH,15,30,MEDIUM,Kyber-768,2,0.511,2510,84,10,102,8,274,1088,true
STATIC_768,dev-22,HIGH,15,30,MEDIUM,Kyber-768,2,0.511,2510,310,29,115,15,248,1088,true
STATIC_768,dev-22,HIGH,15,30,MEDIUM,Kyber-768,2,0.511,2510,90,13,116,10,232,1088,true
STATIC_768,dev-22,HIGH,15,30,MEDIUM,Kyber-768,2,0.511,2510,119,24,148,20,205,1088,true
STATIC_768,dev-22,HIGH,15,30,MEDIUM,Kyber-768,2,0.511,2510,209,25,175,18,224,1088,true
STATIC_768,dev-22,HIGH,15,30,MEDIUM,Kyber-768,2,0.511,2510,176,24,465,21,302,1088,true
STATIC_768,dev-22,HIGH,15,30,MEDIUM,Kyber-768,2,0.511,2510,94,15,103,9,404,1088,true
STATIC_768,dev-22,HIGH,15,30,MEDIUM,Kyber-768,2,0.511,2510,84,8,99,5,263,1088,true
STATIC_768,dev-22,HIGH,15,30,MEDIUM,Kyber-768,2,0.511,2510,131,31,215,19,135,1088,true
STATIC_768,dev-22,HIGH,15,30,MEDIUM,Kyber-768,2,0.511,2510,95,14,105,8,172,1088,true
STATIC_1024,dev-22,HIGH,15,30,MEDIUM,Kyber-1024,3,0.511,3245,304,26,158,14,313,1568,true
STATIC_1024,dev-22,HIGH,15,30,MEDIUM,Kyber-1024,3,0.511,3245,127,13,202,15,244,1568,true
STATIC_1024,dev-22,HIGH,15,30,MEDIUM,Kyber-1024,3,0.511,3245,104,9,331,14,163,1568,true
STATIC_1024,dev-22,HIGH,15,30,MEDIUM,Kyber-1024,3,0.511,3245,141,29,337,18,167,1568,true
STATIC_1024,dev-22,HIGH,15,30,MEDIUM,Kyber-1024,3,0.511,3245,135,36,117,7,279,1568,true
STATIC_1024,dev-22,HIGH,15,30,MEDIUM,Kyber-1024,3,0.511,3245,128,10,142,16,399,1568,true
STATIC_1024,dev-22,HIGH,15,30,MEDIUM,Kyber-1024,3,0.511,3245,119,11,118,182,395,1568,true
STATIC_1024,dev-22,HIGH,15,30,MEDIUM,Kyber-1024,3,0.511,3245,102,22,111,5,314,1568,true
STATIC_1024,dev-22,HIGH,15,30,MEDIUM,Kyber-1024,3,0.511,3245,67,4,1283,42,285,1568,true
STATIC_1024,dev-22,HIGH,15,30,MEDIUM,Kyber-1024,3,0.511,3245,162,15,203,19,230,1568,true
STATIC_1024,dev-22,HIGH,15,30,MEDIUM,Kyber-1024,3,0.511,3245,136,17,320,21,279,1568,true
STATIC_1024,dev-22,HIGH,15,30,MEDIUM,Kyber-1024,3,0.511,3245,139,18,277,20,401,1568,true
STATIC_1024,dev-22,HIGH,15,30,MEDIUM,Kyber-1024,3,0.511,3245,132,14,171,9,130,1568,true
STATIC_1024,dev-22,HIGH,15,30,MEDIUM,Kyber-1024,3,0.511,3245,240,20,196,20,301,1568,true
STATIC_1024,dev-22,HIGH,15,30,MEDIUM,Kyber-1024,3,0.511,3245,170,39,288,26,188,1568,true
STATIC_1024,dev-22,HIGH,15,30,MEDIUM,Kyber-1024,3,0.511,3245,140,29,1400,102,388,1568,true
STATIC_1024,dev-22,HIGH,15,30,MEDIUM,Kyber-1024,3,0.511,3245,214,265,165,20,247,1568,true
STATIC_1024,dev-22,HIGH,15,30,MEDIUM,Kyber-1024,3,0.511,3245,75,8,78,2,286,1568,true
STATIC_1024,dev-22,HIGH,15,30,MEDIUM,Kyber-1024,3,0.511,3245,64,3,243,24,343,1568,true
STATIC_1024,dev-22,HIGH,15,30,MEDIUM,Kyber-1024,3,0.511,3245,152,21,155,11,361,1568,true
STATIC_1024,dev-22,HIGH,15,30,MEDIUM,Kyber-1024,3,0.511,3245,194,18,149,11,274,1568,true
STATIC_1024,dev-22,HIGH,15,30,MEDIUM,Kyber-1024,3,0.511,3245,102,15,204,10,248,1568,true
STATIC_1024,dev-22,HIGH,15,30,MEDIUM,Kyber-1024,3,0.511,3245,147,35,164,19,232,1568,true
STATIC_1024,dev-22,HIGH,15,30,MEDIUM,Kyber-1024,3,0.511,3245,157,17,104,6,205,1568,true
STATIC_1024,dev-22,HIGH,15,30,MEDIUM,Kyber-1024,3,0.511,3245,145,27,234,19,224,1568,true
STATIC_1024,dev-22,HIGH,15,30,MEDIUM,Kyber-1024,3,0.511,3245,190,27,162,14,302,1568,true
STATIC_1024,dev-22,HIGH,15,30,MEDIUM,Kyber-1024,3,0.511,3245,136,12,146,10,404,1568,true
STATIC_1024,dev-22,HIGH,15,30,MEDIUM,Kyber-1024,3,0.511,3245,119,11,144,13,263,1568,true
STATIC_1024,dev-22,HIGH,15,30,MEDIUM,Kyber-1024,3,0.511,3245,122,14,145,13,135,1568,true
STATIC_1024,dev-22,HIGH,15,30,MEDIUM,Kyber-1024,3,0.511,3245,150,31,185,21,172,1568,true
ADAPTIVE,dev-22,HIGH,15,30,MEDIUM,Kyber-768,2,0.511,2510,99,17,107,10,313,1088,true
ADAPTIVE,dev-22,HIGH,15,30,MEDIUM,Kyber-768,2,0.511,2510,84,131,121,33,244,1088,true
ADAPTIVE,dev-22,HIGH,15,30,MEDIUM,Kyber-768,2,0.511,2510,136,24,102,13,163,1088,true
ADAPTIVE,dev-22,HIGH,15,30,MEDIUM,Kyber-768,2,0.511,2510,81,6,99,6,167,1088,true
ADAPTIVE,dev-22,HIGH,15,30,MEDIUM,Kyber-768,2,0.511,2510,82,14,124,12,279,1088,true
ADAPTIVE,dev-22,HIGH,15,30,MEDIUM,Kyber-768,2,0.511,2510,100,9,98,5,399,1088,true
ADAPTIVE,dev-22,HIGH,15,30,MEDIUM,Kyber-768,2,0.511,2510,80,7,121,6,395,1088,true
ADAPTIVE,dev-22,HIGH,15,30,MEDIUM,Kyber-768,2,0.511,2510,85,6,96,5,314,1088,true
ADAPTIVE,dev-22,HIGH,15,30,MEDIUM,Kyber-768,2,0.511,2510,79,5,96,4,285,1088,true
ADAPTIVE,dev-22,HIGH,15,30,MEDIUM,Kyber-768,2,0.511,2510,77,5,97,5,230,1088,true
ADAPTIVE,dev-22,HIGH,15,30,MEDIUM,Kyber-768,2,0.511,2510,79,6,107,4,279,1088,true
ADAPTIVE,dev-22,HIGH,15,30,MEDIUM,Kyber-768,2,0.511,2510,79,5,97,5,401,1088,true
ADAPTIVE,dev-22,HIGH,15,30,MEDIUM,Kyber-768,2,0.511,2510,79,6,97,5,130,1088,true
ADAPTIVE,dev-22,HIGH,15,30,MEDIUM,Kyber-768,2,0.511,2510,78,6,96,4,301,1088,true
ADAPTIVE,dev-22,HIGH,15,30,MEDIUM,Kyber-768,2,0.511,2510,78,6,108,9,188,1088,true
ADAPTIVE,dev-22,HIGH,15,30,MEDIUM,Kyber-768,2,0.511,2510,84,10,102,8,388,1088,true
ADAPTIVE,dev-22,HIGH,15,30,MEDIUM,Kyber-768,2,0.511,2510,96,10,100,7,247,1088,true
ADAPTIVE,dev-22,HIGH,15,30,MEDIUM,Kyber-768,2,0.511,2510,81,7,98,4,286,1088,true
ADAPTIVE,dev-22,HIGH,15,30,MEDIUM,Kyber-768,2,0.511,2510,78,7,96,4,343,1088,true
ADAPTIVE,dev-22,HIGH,15,30,MEDIUM,Kyber-768,2,0.511,2510,78,6,95,4,361,1088,true
ADAPTIVE,dev-22,HIGH,15,30,MEDIUM,Kyber-768,2,0.511,2510,78,7,97,5,274,1088,true
ADAPTIVE,dev-22,HIGH,15,30,MEDIUM,Kyber-768,2,0.511,2510,80,6,96,5,248,1088,true
ADAPTIVE,dev-22,HIGH,15,30,MEDIUM,Kyber-768,2,0.511,2510,81,10,98,7,232,1088,true
ADAPTIVE,dev-22,HIGH,15,30,MEDIUM,Kyber-768,2,0.511,2510,80,6,97,5,205,1088,true
ADAPTIVE,dev-22,HIGH,15,30,MEDIUM,Kyber-768,2,0.511,2510,110,8,98,7,224,1088,true
ADAPTIVE,dev-22,HIGH,15,30,MEDIUM,Kyber-768,2,0.511,2510,86,10,103,25,302,1088,true
ADAPTIVE,dev-22,HIGH,15,30,MEDIUM,Kyber-768,2,0.511,2510,95,9,100,7,404,1088,true
ADAPTIVE,dev-22,HIGH,15,30,MEDIUM,Kyber-768,2,0.511,2510,107,24,66,4,263,1088,true
ADAPTIVE,dev-22,HIGH,15,30,MEDIUM,Kyber-768,2,0.511,2510,82,3,123,17,135,1088,true
ADAPTIVE,dev-22,HIGH,15,30,MEDIUM,Kyber-768,2,0.511,2510,103,11,107,6,172,1088,true
STATIC_512,dev-23,HIGH,55,60,MEDIUM,Kyber-512,1,0.632,64939,110,46,74,7,308,768,true
STATIC_512,dev-23,HIGH,55,60,MEDIUM,Kyber-512,1,0.632,64939,44,6,50,3,337,768,true
STATIC_512,dev-23,HIGH,55,60,MEDIUM,Kyber-512,1,0.632,64939,39,4,51,3,248,768,true
STATIC_512,dev-23,HIGH,55,60,MEDIUM,Kyber-512,1,0.632,64939,39,4,65,3,343,768,true
STATIC_512,dev-23,HIGH,55,60,MEDIUM,Kyber-512,1,0.632,64939,35,4,46,3,399,768,true
STATIC_512,dev-23,HIGH,55,60,MEDIUM,Kyber-512,1,0.632,64939,43,3,50,4,189,768,true
STATIC_512,dev-23,HIGH,55,60,MEDIUM,Kyber-512,1,0.632,64939,41,3,51,2,243,768,true
STATIC_512,dev-23,HIGH,55,60,MEDIUM,Kyber-512,1,0.632,64939,37,4,49,2,416,768,true
STATIC_512,dev-23,HIGH,55,60,MEDIUM,Kyber-512,1,0.632,64939,40,3,49,3,225,768,true
STATIC_512,dev-23,HIGH,55,60,MEDIUM,Kyber-512,1,0.632,64939,40,4,53,3,230,768,true
STATIC_512,dev-23,HIGH,55,60,MEDIUM,Kyber-512,1,0.632,64939,41,3,51,2,153,768,true
STATIC_512,dev-23,HIGH,55,60,MEDIUM,Kyber-512,1,0.632,64939,41,4,47,2,159,768,true
STATIC_512,dev-23,HIGH,55,60,MEDIUM,Kyber-512,1,0.632,64939,39,6,49,3,182,768,true
STATIC_512,dev-23,HIGH,55,60,MEDIUM,Kyber-512,1,0.632,64939,39,4,49,3,334,768,true
STATIC_512,dev-23,HIGH,55,60,MEDIUM,Kyber-512,1,0.632,64939,121,10,56,4,167,768,true
STATIC_512,dev-23,HIGH,55,60,MEDIUM,Kyber-512,1,0.632,64939,42,12,52,3,254,768,true
STATIC_512,dev-23,HIGH,55,60,MEDIUM,Kyber-512,1,0.632,64939,41,5,48,3,279,768,true
STATIC_512,dev-23,HIGH,55,60,MEDIUM,Kyber-512,1,0.632,64939,37,4,48,2,415,768,true
STATIC_512,dev-23,HIGH,55,60,MEDIUM,Kyber-512,1,0.632,64939,41,3,48,3,358,768,true
STATIC_512,dev-23,HIGH,55,60,MEDIUM,Kyber-512,1,0.632,64939,40,3,51,3,336,768,true
STATIC_512,dev-23,HIGH,55,60,MEDIUM,Kyber-512,1,0.632,64939,42,4,65,4,330,768,true
STATIC_512,dev-23,HIGH,55,60,MEDIUM,Kyber-512,1,0.632,64939,43,11,55,4,146,768,true
STATIC_512,dev-23,HIGH,55,60,MEDIUM,Kyber-512,1,0.632,64939,44,4,53,3,256,768,true
STATIC_512,dev-23,HIGH,55,60,MEDIUM,Kyber-512,1,0.632,64939,45,4,58,3,352,768,true
STATIC_512,dev-23,HIGH,55,60,MEDIUM,Kyber-512,1,0.632,64939,43,4,52,2,305,768,true
STATIC_512,dev-23,HIGH,55,60,MEDIUM,Kyber-512,1,0.632,64939,43,3,51,3,344,768,true
STATIC_512,dev-23,HIGH,55,60,MEDIUM,Kyber-512,1,0.632,64939,40,4,42,2,421,768,true
STATIC_512,dev-23,HIGH,55,60,MEDIUM,Kyber-512,1,0.632,64939,29,4,35,2,339,768,true
STATIC_512,dev-23,HIGH,55,60,MEDIUM,Kyber-512,1,0.632,64939,28,3,34,1,307,768,true
STATIC_512,dev-23,HIGH,55,60,MEDIUM,Kyber-512,1,0.632,64939,26,2,34,1,338,768,true
STATIC_768,dev-23,HIGH,55,60,MEDIUM,Kyber-768,2,0.632,2510,48,2,54,2,308,1088,true
STATIC_768,dev-23,HIGH,55,60,MEDIUM,Kyber-768,2,0.632,2510,42,45,111,17,337,1088,true
STATIC_768,dev-23,HIGH,55,60,MEDIUM,Kyber-768,2,0.632,2510,99,11,104,5,248,1088,true
STATIC_768,dev-23,HIGH,55,60,MEDIUM,Kyber-768,2,0.632,2510,80,7,97,4,343,1088,true
STATIC_768,dev-23,HIGH,55,60,MEDIUM,Kyber-768,2,0.632,2510,80,8,99,7,399,1088,true
STATIC_768,dev-23,HIGH,55,60,MEDIUM,Kyber-768,2,0.632,2510,82,14,100,7,189,1088,true
STATIC_768,dev-23,HIGH,55,60,MEDIUM,Kyber-768,2,0.632,2510,80,9,99,8,243,1088,true
STATIC_768,dev-23,HIGH,55,60,MEDIUM,Kyber-768,2,0.632,2510,84,10,100,7,416,1088,true
STATIC_768,dev-23,HIGH,55,60,MEDIUM,Kyber-768,2,0.632,2510,86,14,111,7,225,1088,true
STATIC_768,dev-23,HIGH,55,60,MEDIUM,Kyber-768,2,0.632,2510,83,13,101,6,230,1088,true
STATIC_768,dev-23,HIGH,55,60,MEDIUM,Kyber-768,2,0.632,2510,100,9,101,6,153,1088,true
STATIC_768,dev-23,HIGH,55,60,MEDIUM,Kyber-768,2,0.632,2510,82,9,103,14,159,1088,true
STATIC_768,dev-23,HIGH,55,60,MEDIUM,Kyber-768,2,0.632,2510,240,16,354,7,182,1088,true
STATIC_768,dev-23,HIGH,55,60,MEDIUM,Kyber-768,2,0.632,2510,49,5,54,2,334,1088,true
STATIC_768,dev-23,HIGH,55,60,MEDIUM,Kyber-768,2,0.632,2510,42,2,51,2,167,1088,true
STATIC_768,dev-23,HIGH,55,60,MEDIUM,Kyber-768,2,0.632,2510,69,4,54,2,254,1088,true
STATIC_768,dev-23,HIGH,55,60,MEDIUM,Kyber-768,2,0.632,2510,41,3,51,2,279,1088,true
STATIC_768,dev-23,HIGH,55,60,MEDIUM,Kyber-768,2,0.632,2510,42,3,51,18,415,1088,true
STATIC_768,dev-23,HIGH,55,60,MEDIUM,Kyber-768,2,0.632,2510,42,2,51,2,358,1088,true
STATIC_768,dev-23,HIGH,55,60,MEDIUM,Kyber-768,2,0.632,2510,42,3,52,2,336,1088,true
STATIC_768,dev-23,HIGH,55,60,MEDIUM,Kyber-768,2,0.632,2510,42,3,51,2,330,1088,true
STATIC_768,dev-23,HIGH,55,60,MEDIUM,Kyber-768,2,0.632,2510,42,3,53,2,146,1088,true
STATIC_768,dev-23,HIGH,55,60,MEDIUM,Kyber-768,2,0.632,2510,43,3,52,3,256,1088,true
STATIC_768,dev-23,HIGH,55,60,MEDIUM,Kyber-768,2,0.632,2510,42,3,53,2,352,1088,true
STATIC_768,dev-23,HIGH,55,60,MEDIUM,Kyber-768,2,0.632,2510,107,25,187,6,305,1088,true
STATIC_768,dev-23,HIGH,55,60,MEDIUM,Kyber-768,2,0.632,2510,44,3,51,2,344,1088,true
STATIC_768,dev-23,HIGH,55,60,MEDIUM,Kyber-768,2,0.632,2510,107,20,107,8,421,1088,true
STATIC_768,dev-23,HIGH,55,60,MEDIUM,Kyber-768,2,0.632,2510,83,7,98,5,339,1088,true
STATIC_768,dev-23,HIGH,55,60,MEDIUM,Kyber-768,2,0.632,2510,79,5,97,4,307,1088,true
STATIC_768,dev-23,HIGH,55,60,MEDIUM,Kyber-768,2,0.632,2510,79,6,95,4,338,1088,true
STATIC_1024,dev-23,HIGH,55,60,MEDIUM,Kyber-1024,3,0.632,3245,133,26,181,14,308,1568,true
STATIC_1024,dev-23,HIGH,55,60,MEDIUM,Kyber-1024,3,0.632,3245,125,8,138,4,337,1568,true
STATIC_1024,dev-23,HIGH,55,60,MEDIUM,Kyber-1024,3,0.632,3245,113,5,136,3,248,1568,true
STATIC_1024,dev-23,HIGH,55,60,MEDIUM,Kyber-1024,3,0.632,3245,113,5,135,4,343,1568,true
STATIC_1024,dev-23,HIGH,55,60,MEDIUM,Kyber-1024,3,0.632,3245,114,5,138,4,399,1568,true
STATIC_1024,dev-23,HIGH,55,60,MEDIUM,Kyber-1024,3,0.632,3245,116,6,142,6,189,1568,true
STATIC_1024,dev-23,HIGH,55,60,MEDIUM,Kyber-1024,3,0.632,3245,116,9,154,10,243,1568,true
STATIC_1024,dev-23,HIGH,55,60,MEDIUM,Kyber-1024,3,0.632,3245,125,14,145,8,416,1568,true
STATIC_1024,dev-23,HIGH,55,60,MEDIUM,Kyber-1024,3,0.632,3245,118,10,140,6,225,1568,true
STATIC_1024,dev-23,HIGH,55,60,MEDIUM,Kyber-1024,3,0.632,3245,123,17,148,11,230,1568,true
STATIC_1024,dev-23,HIGH,55,60,MEDIUM,Kyber-1024,3,0.632,3245,161,16,204,14,153,1568,true
STATIC_1024,dev-23,HIGH,55,60,MEDIUM,Kyber-1024,3,0.632,3245,133,13,153,10,159,1568,true
STATIC_1024,dev-23,HIGH,55,60,MEDIUM,Kyber-1024,3,0.632,3245,123,12,148,5,182,1568,true
STATIC_1024,dev-23,HIGH,55,60,MEDIUM,Kyber-1024,3,0.632,3245,135,7,142,4,334,1568,true
STATIC_1024,dev-23,HIGH,55,60,MEDIUM,Kyber-1024,3,0.632,3245,119,5,145,5,167,1568,true
STATIC_1024,dev-23,HIGH,55,60,MEDIUM,Kyber-1024,3,0.632,3245,115,6,142,3,254,1568,true
STATIC_1024,dev-23,HIGH,55,60,MEDIUM,Kyber-1024,3,0.632,3245,119,5,141,3,279,1568,true
STATIC_1024,dev-23,HIGH,55,60,MEDIUM,Kyber-1024,3,0.632,3245,119,5,141,4,415,1568,true
STATIC_1024,dev-23,HIGH,55,60,MEDIUM,Kyber-1024,3,0.632,3245,114,5,141,4,358,1568,true
STATIC_1024,dev-23,HIGH,55,60,MEDIUM,Kyber-1024,3,0.632,3245,118,5,154,4,336,1568,true
STATIC_1024,dev-23,HIGH,55,60,MEDIUM,Kyber-1024,3,0.632,3245,129,6,143,4,330,1568,true
STATIC_1024,dev-23,HIGH,55,60,MEDIUM,Kyber-1024,3,0.632,3245,116,6,144,7,146,1568,true
STATIC_1024,dev-23,HIGH,55,60,MEDIUM,Kyber-1024,3,0.632,3245,120,6,144,5,256,1568,true
STATIC_1024,dev-23,HIGH,55,60,MEDIUM,Kyber-1024,3,0.632,3245,122,7,141,10,352,1568,true
STATIC_1024,dev-23,HIGH,55,60,MEDIUM,Kyber-1024,3,0.632,3245,125,12,152,10,305,1568,true
STATIC_1024,dev-23,HIGH,55,60,MEDIUM,Kyber-1024,3,0.632,3245,128,10,149,8,344,1568,true
STATIC_1024,dev-23,HIGH,55,60,MEDIUM,Kyber-1024,3,0.632,3245,122,7,185,16,421,1568,true
STATIC_1024,dev-23,HIGH,55,60,MEDIUM,Kyber-1024,3,0.632,3245,148,12,167,9,339,1568,true
STATIC_1024,dev-23,HIGH,55,60,MEDIUM,Kyber-1024,3,0.632,3245,129,9,146,6,307,1568,true
STATIC_1024,dev-23,HIGH,55,60,MEDIUM,Kyber-1024,3,0.632,3245,118,27,161,9,338,1568,true
ADAPTIVE,dev-23,HIGH,55,60,MEDIUM,Kyber-768,2,0.632,2510,93,9,109,6,308,1088,true
ADAPTIVE,dev-23,HIGH,55,60,MEDIUM,Kyber-768,2,0.632,2510,82,7,123,9,337,1088,true
ADAPTIVE,dev-23,HIGH,55,60,MEDIUM,Kyber-768,2,0.632,2510,95,11,111,7,248,1088,true
ADAPTIVE,dev-23,HIGH,55,60,MEDIUM,Kyber-768,2,0.632,2510,93,12,133,15,343,1088,true
ADAPTIVE,dev-23,HIGH,55,60,MEDIUM,Kyber-768,2,0.632,2510,104,10,121,7,399,1088,true
ADAPTIVE,dev-23,HIGH,55,60,MEDIUM,Kyber-768,2,0.632,2510,81,7,106,5,189,1088,true
ADAPTIVE,dev-23,HIGH,55,60,MEDIUM,Kyber-768,2,0.632,2510,277,15,1655,57,243,1088,true
ADAPTIVE,dev-23,HIGH,55,60,MEDIUM,Kyber-768,2,0.632,2510,172,29,125,40,416,1088,true
ADAPTIVE,dev-23,HIGH,55,60,MEDIUM,Kyber-768,2,0.632,2510,82,10,69,3,225,1088,true
ADAPTIVE,dev-23,HIGH,55,60,MEDIUM,Kyber-768,2,0.632,2510,55,8,71,3,230,1088,true
ADAPTIVE,dev-23,HIGH,55,60,MEDIUM,Kyber-768,2,0.632,2510,65,5,76,8,153,1088,true
ADAPTIVE,dev-23,HIGH,55,60,MEDIUM,Kyber-768,2,0.632,2510,63,4,88,5,159,1088,true
ADAPTIVE,dev-23,HIGH,55,60,MEDIUM,Kyber-768,2,0.632,2510,61,4,76,3,182,1088,true
ADAPTIVE,dev-23,HIGH,55,60,MEDIUM,Kyber-768,2,0.632,2510,60,5,74,4,334,1088,true
ADAPTIVE,dev-23,HIGH,55,60,MEDIUM,Kyber-768,2,0.632,2510,64,5,84,4,167,1088,true
ADAPTIVE,dev-23,HIGH,55,60,MEDIUM,Kyber-768,2,0.632,2510,62,6,78,5,254,1088,true
ADAPTIVE,dev-23,HIGH,55,60,MEDIUM,Kyber-768,2,0.632,2510,46,3,59,3,279,1088,true
ADAPTIVE,dev-23,HIGH,55,60,MEDIUM,Kyber-768,2,0.632,2510,47,3,62,4,415,1088,true
ADAPTIVE,dev-23,HIGH,55,60,MEDIUM,Kyber-768,2,0.632,2510,47,3,58,3,358,1088,true
ADAPTIVE,dev-23,HIGH,55,60,MEDIUM,Kyber-768,2,0.632,2510,102,28,121,14,336,1088,true
ADAPTIVE,dev-23,HIGH,55,60,MEDIUM,Kyber-768,2,0.632,2510,85,14,99,4,330,1088,true
ADAPTIVE,dev-23,HIGH,55,60,MEDIUM,Kyber-768,2,0.632,2510,84,10,56,7,146,1088,true
ADAPTIVE,dev-23,HIGH,55,60,MEDIUM,Kyber-768,2,0.632,2510,43,3,58,2,256,1088,true
ADAPTIVE,dev-23,HIGH,55,60,MEDIUM,Kyber-768,2,0.632,2510,43,3,56,2,352,1088,true
ADAPTIVE,dev-23,HIGH,55,60,MEDIUM,Kyber-768,2,0.632,2510,60,3,64,3,305,1088,true
ADAPTIVE,dev-23,HIGH,55,60,MEDIUM,Kyber-768,2,0.632,2510,47,3,57,2,344,1088,true
ADAPTIVE,dev-23,HIGH,55,60,MEDIUM,Kyber-768,2,0.632,2510,45,3,56,3,421,1088,true
ADAPTIVE,dev-23,HIGH,55,60,MEDIUM,Kyber-768,2,0.632,2510,43,6,54,2,339,1088,true
ADAPTIVE,dev-23,HIGH,55,60,MEDIUM,Kyber-768,2,0.632,2510,47,2,56,2,307,1088,true
ADAPTIVE,dev-23,HIGH,55,60,MEDIUM,Kyber-768,2,0.632,2510,46,2,57,2,338,1088,true
STATIC_512,dev-24,HIGH,90,95,MEDIUM,Kyber-512,1,0.747,64939,97,41,83,13,300,768,true
STATIC_512,dev-24,HIGH,90,95,MEDIUM,Kyber-512,1,0.747,64939,35,14,37,2,279,768,true
STATIC_512,dev-24,HIGH,90,95,MEDIUM,Kyber-512,1,0.747,64939,28,2,39,2,238,768,true
STATIC_512,dev-24,HIGH,90,95,MEDIUM,Kyber-512,1,0.747,64939,27,3,38,2,149,768,true
STATIC_512,dev-24,HIGH,90,95,MEDIUM,Kyber-512,1,0.747,64939,27,2,37,2,275,768,true
STATIC_512,dev-24,HIGH,90,95,MEDIUM,Kyber-512,1,0.747,64939,27,2,37,2,197,768,true
STATIC_512,dev-24,HIGH,90,95,MEDIUM,Kyber-512,1,0.747,64939,27,2,38,2,220,768,true
STATIC_512,dev-24,HIGH,90,95,MEDIUM,Kyber-512,1,0.747,64939,27,2,38,2,237,768,true
STATIC_512,dev-24,HIGH,90,95,MEDIUM,Kyber-512,1,0.747,64939,27,2,37,2,191,768,true
STATIC_512,dev-24,HIGH,90,95,MEDIUM,Kyber-512,1,0.747,64939,27,2,48,2,348,768,true
STATIC_512,dev-24,HIGH,90,95,MEDIUM,Kyber-512,1,0.747,64939,27,3,38,2,357,768,true
STATIC_512,dev-24,HIGH,90,95,MEDIUM,Kyber-512,1,0.747,64939,27,3,37,2,358,768,true
STATIC_512,dev-24,HIGH,90,95,MEDIUM,Kyber-512,1,0.747,64939,27,3,35,5,402,768,true
STATIC_512,dev-24,HIGH,90,95,MEDIUM,Kyber-512,1,0.747,64939,28,3,35,5,342,768,true
STATIC_512,dev-24,HIGH,90,95,MEDIUM,Kyber-512,1,0.747,64939,28,4,36,2,365,768,true
STATIC_512,dev-24,HIGH,90,95,MEDIUM,Kyber-512,1,0.747,64939,31,4,36,3,414,768,true
STATIC_512,dev-24,HIGH,90,95,MEDIUM,Kyber-512,1,0.747,64939,46,4,43,4,351,768,true
STATIC_512,dev-24,HIGH,90,95,MEDIUM,Kyber-512,1,0.747,64939,33,6,48,4,421,768,true
STATIC_512,dev-24,HIGH,90,95,MEDIUM,Kyber-512,1,0.747,64939,31,4,38,7,378,768,true
STATIC_512,dev-24,HIGH,90,95,MEDIUM,Kyber-512,1,0.747,64939,29,4,37,6,407,768,true
STATIC_512,dev-24,HIGH,90,95,MEDIUM,Kyber-512,1,0.747,64939,30,7,38,4,207,768,true
STATIC_512,dev-24,HIGH,90,95,MEDIUM,Kyber-512,1,0.747,64939,33,5,42,4,160,768,true
STATIC_512,dev-24,HIGH,90,95,MEDIUM,Kyber-512,1,0.747,64939,32,4,38,4,379,768,true
STATIC_512,dev-24,HIGH,90,95,MEDIUM,Kyber-512,1,0.747,64939,34,5,38,4,252,768,true
STATIC_512,dev-24,HIGH,90,95,MEDIUM,Kyber-512,1,0.747,64939,33,5,38,5,298,768,true
STATIC_512,dev-24,HIGH,90,95,MEDIUM,Kyber-512,1,0.747,64939,37,9,41,5,408,768,true
STATIC_512,dev-24,HIGH,90,95,MEDIUM,Kyber-512,1,0.747,64939,35,6,40,4,231,768,true
STATIC_512,dev-24,HIGH,90,95,MEDIUM,Kyber-512,1,0.747,64939,33,6,38,4,413,768,true
STATIC_512,dev-24,HIGH,90,95,MEDIUM,Kyber-512,1,0.747,64939,30,10,38,3,201,768,true
STATIC_512,dev-24,HIGH,90,95,MEDIUM,Kyber-512,1,0.747,64939,30,10,38,4,189,768,true
STATIC_768,dev-24,HIGH,90,95,MEDIUM,Kyber-768,2,0.747,2510,133,32,109,8,300,1088,true
STATIC_768,dev-24,HIGH,90,95,MEDIUM,Kyber-768,2,0.747,2510,134,26,130,12,279,1088,true
STATIC_768,dev-24,HIGH,90,95,MEDIUM,Kyber-768,2,0.747,2510,88,10,107,5,238,1088,true
STATIC_768,dev-24,HIGH,90,95,MEDIUM,Kyber-768,2,0.747,2510,81,7,104,5,149,1088,true
STATIC_768,dev-24,HIGH,90,95,MEDIUM,Kyber-768,2,0.747,2510,97,10,109,10,275,1088,true
STATIC_768,dev-24,HIGH,90,95,MEDIUM,Kyber-768,2,0.747,2510,122,12,111,7,197,1088,true
STATIC_768,dev-24,HIGH,90,95,MEDIUM,Kyber-768,2,0.747,2510,82,8,105,5,220,1088,true
STATIC_768,dev-24,HIGH,90,95,MEDIUM,Kyber-768,2,0.747,2510,80,11,99,5,237,1088,true
STATIC_768,dev-24,HIGH,90,95,MEDIUM,Kyber-768,2,0.747,2510,85,6,114,11,191,1088,true
STATIC_768,dev-24,HIGH,90,95,MEDIUM,Kyber-768,2,0.747,2510,82,6,104,6,348,1088,true
STATIC_768,dev-24,HIGH,90,95,MEDIUM,Kyber-768,2,0.747,2510,81,9,105,6,357,1088,true
STATIC_768,dev-24,HIGH,90,95,MEDIUM,Kyber-768,2,0.747,2510,84,7,99,7,358,1088,true
STATIC_768,dev-24,HIGH,90,95,MEDIUM,Kyber-768,2,0.747,2510,83,6,104,7,402,1088,true
STATIC_768,dev-24,HIGH,90,95,MEDIUM,Kyber-768,2,0.747,2510,82,10,109,10,342,1088,true
STATIC_768,dev-24,HIGH,90,95,MEDIUM,Kyber-768,2,0.747,2510,87,14,142,14,365,1088,true
STATIC_768,dev-24,HIGH,90,95,MEDIUM,Kyber-768,2,0.747,2510,102,14,107,12,414,1088,true
STATIC_768,dev-24,HIGH,90,95,MEDIUM,Kyber-768,2,0.747,2510,150,28,124,14,351,1088,true
STATIC_768,dev-24,HIGH,90,95,MEDIUM,Kyber-768,2,0.747,2510,124,21,120,10,421,1088,true
STATIC_768,dev-24,HIGH,90,95,MEDIUM,Kyber-768,2,0.747,2510,117,26,110,9,378,1088,true
STATIC_768,dev-24,HIGH,90,95,MEDIUM,Kyber-768,2,0.747,2510,89,8,113,7,407,1088,true
STATIC_768,dev-24,HIGH,90,95,MEDIUM,Kyber-768,2,0.747,2510,83,9,108,8,207,1088,true
STATIC_768,dev-24,HIGH,90,95,MEDIUM,Kyber-768,2,0.747,2510,85,12,114,11,160,1088,true
STATIC_768,dev-24,HIGH,90,95,MEDIUM,Kyber-768,2,0.747,2510,95,10,106,10,379,1088,true
STATIC_768,dev-24,HIGH,90,95,MEDIUM,Kyber-768,2,0.747,2510,96,13,166,21,252,1088,true
STATIC_768,dev-24,HIGH,90,95,MEDIUM,Kyber-768,2,0.747,2510,96,57,107,7,298,1088,true
STATIC_768,dev-24,HIGH,90,95,MEDIUM,Kyber-768,2,0.747,2510,72,11,82,4,408,1088,true
STATIC_768,dev-24,HIGH,90,95,MEDIUM,Kyber-768,2,0.747,2510,69,4,81,20,231,1088,true
STATIC_768,dev-24,HIGH,90,95,MEDIUM,Kyber-768,2,0.747,2510,69,6,86,3,413,1088,true
STATIC_768,dev-24,HIGH,90,95,MEDIUM,Kyber-768,2,0.747,2510,64,4,87,4,201,1088,true
STATIC_768,dev-24,HIGH,90,95,MEDIUM,Kyber-768,2,0.747,2510,74,17,193,22,189,1088,true
STATIC_1024,dev-24,HIGH,90,95,MEDIUM,Kyber-1024,3,0.747,3245,156,20,214,15,300,1568,true
STATIC_1024,dev-24,HIGH,90,95,MEDIUM,Kyber-1024,3,0.747,3245,169,16,160,7,279,1568,true
STATIC_1024,dev-24,HIGH,90,95,MEDIUM,Kyber-1024,3,0.747,3245,121,10,153,6,238,1568,true
STATIC_1024,dev-24,HIGH,90,95,MEDIUM,Kyber-1024,3,0.747,3245,124,8,148,6,149,1568,true
STATIC_1024,dev-24,HIGH,90,95,MEDIUM,Kyber-1024,3,0.747,3245,127,10,150,7,275,1568,true
STATIC_1024,dev-24,HIGH,90,95,MEDIUM,Kyber-1024,3,0.747,3245,120,9,148,8,197,1568,true
STATIC_1024,dev-24,HIGH,90,95,MEDIUM,Kyber-1024,3,0.747,3245,187,21,161,9,220,1568,true
STATIC_1024,dev-24,HIGH,90,95,MEDIUM,Kyber-1024,3,0.747,3245,145,10,162,5,237,1568,true
STATIC_1024,dev-24,HIGH,90,95,MEDIUM,Kyber-1024,3,0.747,3245,118,8,147,8,191,1568,true
STATIC_1024,dev-24,HIGH,90,95,MEDIUM,Kyber-1024,3,0.747,3245,125,9,149,7,348,1568,true
STATIC_1024,dev-24,HIGH,90,95,MEDIUM,Kyber-1024,3,0.747,3245,125,9,143,10,357,1568,true
STATIC_1024,dev-24,HIGH,90,95,MEDIUM,Kyber-1024,3,0.747,3245,117,8,161,8,358,1568,true
STATIC_1024,dev-24,HIGH,90,95,MEDIUM,Kyber-1024,3,0.747,3245,124,11,147,6,402,1568,true
STATIC_1024,dev-24,HIGH,90,95,MEDIUM,Kyber-1024,3,0.747,3245,125,9,143,15,342,1568,true
STATIC_1024,dev-24,HIGH,90,95,MEDIUM,Kyber-1024,3,0.747,3245,124,13,154,9,365,1568,true
STATIC_1024,dev-24,HIGH,90,95,MEDIUM,Kyber-1024,3,0.747,3245,126,10,149,8,414,1568,true
STATIC_1024,dev-24,HIGH,90,95,MEDIUM,Kyber-1024,3,0.747,3245,133,22,146,9,351,1568,true
STATIC_1024,dev-24,HIGH,90,95,MEDIUM,Kyber-1024,3,0.747,3245,140,188,458,43,421,1568,true
STATIC_1024,dev-24,HIGH,90,95,MEDIUM,Kyber-1024,3,0.747,3245,115,19,148,7,378,1568,true
STATIC_1024,dev-24,HIGH,90,95,MEDIUM,Kyber-1024,3,0.747,3245,72,8,92,4,407,1568,true
STATIC_1024,dev-24,HIGH,90,95,MEDIUM,Kyber-1024,3,0.747,3245,129,24,628,21,207,1568,true
STATIC_1024,dev-24,HIGH,90,95,MEDIUM,Kyber-1024,3,0.747,3245,198,216,183,15,160,1568,true
STATIC_1024,dev-24,HIGH,90,95,MEDIUM,Kyber-1024,3,0.747,3245,1603,54,1511,87,379,1568,true
STATIC_1024,dev-24,HIGH,90,95,MEDIUM,Kyber-1024,3,0.747,3245,290,72,666,32,252,1568,true
STATIC_1024,dev-24,HIGH,90,95,MEDIUM,Kyber-1024,3,0.747,3245,161,26,197,16,298,1568,true
STATIC_1024,dev-24,HIGH,90,95,MEDIUM,Kyber-1024,3,0.747,3245,129,15,158,8,408,1568,true
STATIC_1024,dev-24,HIGH,90,95,MEDIUM,Kyber-1024,3,0.747,3245,142,9,177,7,231,1568,true
STATIC_1024,dev-24,HIGH,90,95,MEDIUM,Kyber-1024,3,0.747,3245,137,45,223,20,413,1568,true
STATIC_1024,dev-24,HIGH,90,95,MEDIUM,Kyber-1024,3,0.747,3245,136,19,166,9,201,1568,true
STATIC_1024,dev-24,HIGH,90,95,MEDIUM,Kyber-1024,3,0.747,3245,131,11,149,7,189,1568,true
ADAPTIVE,dev-24,HIGH,90,95,MEDIUM,Kyber-1024,3,0.747,3245,157,20,159,9,300,1568,true
ADAPTIVE,dev-24,HIGH,90,95,MEDIUM,Kyber-1024,3,0.747,3245,124,10,154,8,279,1568,true
ADAPTIVE,dev-24,HIGH,90,95,MEDIUM,Kyber-1024,3,0.747,3245,153,17,108,4,238,1568,true
ADAPTIVE,dev-24,HIGH,90,95,MEDIUM,Kyber-1024,3,0.747,3245,80,5,113,8,149,1568,true
ADAPTIVE,dev-24,HIGH,90,95,MEDIUM,Kyber-1024,3,0.747,3245,101,7,139,8,275,1568,true
ADAPTIVE,dev-24,HIGH,90,95,MEDIUM,Kyber-1024,3,0.747,3245,106,8,119,7,197,1568,true
ADAPTIVE,dev-24,HIGH,90,95,MEDIUM,Kyber-1024,3,0.747,3245,110,10,2702,38,220,1568,true
ADAPTIVE,dev-24,HIGH,90,95,MEDIUM,Kyber-1024,3,0.747,3245,241,28,182,12,237,1568,true
ADAPTIVE,dev-24,HIGH,90,95,MEDIUM,Kyber-1024,3,0.747,3245,143,13,182,11,191,1568,true
ADAPTIVE,dev-24,HIGH,90,95,MEDIUM,Kyber-1024,3,0.747,3245,151,14,254,26,348,1568,true
ADAPTIVE,dev-24,HIGH,90,95,MEDIUM,Kyber-1024,3,0.747,3245,140,16,163,9,357,1568,true
ADAPTIVE,dev-24,HIGH,90,95,MEDIUM,Kyber-1024,3,0.747,3245,128,10,152,8,358,1568,true
ADAPTIVE,dev-24,HIGH,90,95,MEDIUM,Kyber-1024,3,0.747,3245,170,33,155,10,402,1568,true
ADAPTIVE,dev-24,HIGH,90,95,MEDIUM,Kyber-1024,3,0.747,3245,131,11,153,7,342,1568,true
ADAPTIVE,dev-24,HIGH,90,95,MEDIUM,Kyber-1024,3,0.747,3245,124,8,147,5,365,1568,true
ADAPTIVE,dev-24,HIGH,90,95,MEDIUM,Kyber-1024,3,0.747,3245,119,15,146,12,414,1568,true
ADAPTIVE,dev-24,HIGH,90,95,MEDIUM,Kyber-1024,3,0.747,3245,167,17,158,10,351,1568,true
ADAPTIVE,dev-24,HIGH,90,95,MEDIUM,Kyber-1024,3,0.747,3245,128,31,157,11,421,1568,true
ADAPTIVE,dev-24,HIGH,90,95,MEDIUM,Kyber-1024,3,0.747,3245,121,17,143,7,378,1568,true
ADAPTIVE,dev-24,HIGH,90,95,MEDIUM,Kyber-1024,3,0.747,3245,127,9,186,12,407,1568,true
ADAPTIVE,dev-24,HIGH,90,95,MEDIUM,Kyber-1024,3,0.747,3245,127,9,147,6,207,1568,true
ADAPTIVE,dev-24,HIGH,90,95,MEDIUM,Kyber-1024,3,0.747,3245,117,7,143,5,160,1568,true
ADAPTIVE,dev-24,HIGH,90,95,MEDIUM,Kyber-1024,3,0.747,3245,121,6,144,5,379,1568,true
ADAPTIVE,dev-24,HIGH,90,95,MEDIUM,Kyber-1024,3,0.747,3245,124,7,148,8,252,1568,true
ADAPTIVE,dev-24,HIGH,90,95,MEDIUM,Kyber-1024,3,0.747,3245,137,13,149,9,298,1568,true
ADAPTIVE,dev-24,HIGH,90,95,MEDIUM,Kyber-1024,3,0.747,3245,126,11,159,8,408,1568,true
ADAPTIVE,dev-24,HIGH,90,95,MEDIUM,Kyber-1024,3,0.747,3245,125,10,147,7,231,1568,true
ADAPTIVE,dev-24,HIGH,90,95,MEDIUM,Kyber-1024,3,0.747,3245,119,9,144,7,413,1568,true
ADAPTIVE,dev-24,HIGH,90,95,MEDIUM,Kyber-1024,3,0.747,3245,122,8,145,5,201,1568,true
ADAPTIVE,dev-24,HIGH,90,95,MEDIUM,Kyber-1024,3,0.747,3245,119,6,145,7,189,1568,true
STATIC_512,dev-25,HIGH,15,30,HIGH,Kyber-512,1,0.736,64939,113,54,108,23,306,768,true
STATIC_512,dev-25,HIGH,15,30,HIGH,Kyber-512,1,0.736,64939,73,14,71,8,159,768,true
STATIC_512,dev-25,HIGH,15,30,HIGH,Kyber-512,1,0.736,64939,61,9,66,5,227,768,true
STATIC_512,dev-25,HIGH,15,30,HIGH,Kyber-512,1,0.736,64939,57,6,66,5,346,768,true
STATIC_512,dev-25,HIGH,15,30,HIGH,Kyber-512,1,0.736,64939,60,8,68,6,355,768,true
STATIC_512,dev-25,HIGH,15,30,HIGH,Kyber-512,1,0.736,64939,72,13,68,5,192,768,true
STATIC_512,dev-25,HIGH,15,30,HIGH,Kyber-512,1,0.736,64939,62,9,67,5,252,768,true
STATIC_512,dev-25,HIGH,15,30,HIGH,Kyber-512,1,0.736,64939,79,12,65,5,302,768,true
STATIC_512,dev-25,HIGH,15,30,HIGH,Kyber-512,1,0.736,64939,52,12,65,4,334,768,true
STATIC_512,dev-25,HIGH,15,30,HIGH,Kyber-512,1,0.736,64939,51,12,83,6,304,768,true
STATIC_512,dev-25,HIGH,15,30,HIGH,Kyber-512,1,0.736,64939,54,7,73,7,185,768,true
STATIC_512,dev-25,HIGH,15,30,HIGH,Kyber-512,1,0.736,64939,53,8,72,6,175,768,true
STATIC_512,dev-25,HIGH,15,30,HIGH,Kyber-512,1,0.736,64939,54,7,72,5,370,768,true
STATIC_512,dev-25,HIGH,15,30,HIGH,Kyber-512,1,0.736,64939,51,5,70,4,406,768,true
STATIC_512,dev-25,HIGH,15,30,HIGH,Kyber-512,1,0.736,64939,50,5,68,4,265,768,true
STATIC_512,dev-25,HIGH,15,30,HIGH,Kyber-512,1,0.736,64939,50,5,68,4,375,768,true
STATIC_512,dev-25,HIGH,15,30,HIGH,Kyber-512,1,0.736,64939,50,5,82,4,332,768,true
STATIC_512,dev-25,HIGH,15,30,HIGH,Kyber-512,1,0.736,64939,51,6,80,6,281,768,true
STATIC_512,dev-25,HIGH,15,30,HIGH,Kyber-512,1,0.736,64939,57,8,78,9,166,768,true
STATIC_512,dev-25,HIGH,15,30,HIGH,Kyber-512,1,0.736,64939,57,11,79,6,394,768,true
STATIC_512,dev-25,HIGH,15,30,HIGH,Kyber-512,1,0.736,64939,57,6,70,12,250,768,true
STATIC_512,dev-25,HIGH,15,30,HIGH,Kyber-512,1,0.736,64939,53,6,68,10,137,768,true
STATIC_512,dev-25,HIGH,15,30,HIGH,Kyber-512,1,0.736,64939,62,8,70,5,313,768,true
STATIC_512,dev-25,HIGH,15,30,HIGH,Kyber-512,1,0.736,64939,58,6,81,5,399,768,true
STATIC_512,dev-25,HIGH,15,30,HIGH,Kyber-512,1,0.736,64939,58,6,66,4,366,768,true
STATIC_512,dev-25,HIGH,15,30,HIGH,Kyber-512,1,0.736,64939,107,28,82,7,312,768,true
STATIC_512,dev-25,HIGH,15,30,HIGH,Kyber-512,1,0.736,64939,75,19,75,9,291,768,true
STATIC_512,dev-25,HIGH,15,30,HIGH,Kyber-512,1,0.736,64939,74,11,76,6,285,768,true
STATIC_512,dev-25,HIGH,15,30,HIGH,Kyber-512,1,0.736,64939,59,6,66,5,263,768,true
STATIC_512,dev-25,HIGH,15,30,HIGH,Kyber-512,1,0.736,64939,58,6,89,15,269,768,true
STATIC_768,dev-25,HIGH,15,30,HIGH,Kyber-768,2,0.736,2510,63,6,62,2,306,1088,true
STATIC_768,dev-25,HIGH,15,30,HIGH,Kyber-768,2,0.736,2510,103,16,106,8,159,1088,true
STATIC_768,dev-25,HIGH,15,30,HIGH,Kyber-768,2,0.736,2510,91,5,125,6,227,1088,true
STATIC_768,dev-25,HIGH,15,30,HIGH,Kyber-768,2,0.736,2510,101,14,97,18,346,1088,true
STATIC_768,dev-25,HIGH,15,30,HIGH,Kyber-768,2,0.736,2510,109,14,107,12,355,1088,true
STATIC_768,dev-25,HIGH,15,30,HIGH,Kyber-768,2,0.736,2510,83,7,105,5,192,1088,true
STATIC_768,dev-25,HIGH,15,30,HIGH,Kyber-768,2,0.736,2510,79,6,103,6,252,1088,true
STATIC_768,dev-25,HIGH,15,30,HIGH,Kyber-768,2,0.736,2510,88,8,100,7,302,1088,true
STATIC_768,dev-25,HIGH,15,30,HIGH,Kyber-768,2,0.736,2510,91,9,107,8,334,1088,true
STATIC_768,dev-25,HIGH,15,30,HIGH,Kyber-768,2,0.736,2510,81,6,103,6,304,1088,true
STATIC_768,dev-25,HIGH,15,30,HIGH,Kyber-768,2,0.736,2510,80,8,106,6,185,1088,true
STATIC_768,dev-25,HIGH,15,30,HIGH,Kyber-768,2,0.736,2510,86,8,101,7,175,1088,true
STATIC_768,dev-25,HIGH,15,30,HIGH,Kyber-768,2,0.736,2510,114,15,147,19,370,1088,true
STATIC_768,dev-25,HIGH,15,30,HIGH,Kyber-768,2,0.736,2510,66,7,74,3,406,1088,true
STATIC_768,dev-25,HIGH,15,30,HIGH,Kyber-768,2,0.736,2510,54,9,102,16,265,1088,true
STATIC_768,dev-25,HIGH,15,30,HIGH,Kyber-768,2,0.736,2510,88,11,60,7,375,1088,true
STATIC_768,dev-25,HIGH,15,30,HIGH,Kyber-768,2,0.736,2510,46,3,58,2,332,1088,true
STATIC_768,dev-25,HIGH,15,30,HIGH,Kyber-768,2,0.736,2510,44,2,56,2,281,1088,true
STATIC_768,dev-25,HIGH,15,30,HIGH,Kyber-768,2,0.736,2510,46,2,67,3,166,1088,true
STATIC_768,dev-25,HIGH,15,30,HIGH,Kyber-768,2,0.736,2510,62,4,77,4,394,1088,true
STATIC_768,dev-25,HIGH,15,30,HIGH,Kyber-768,2,0.736,2510,59,4,76,3,250,1088,true
STATIC_768,dev-25,HIGH,15,30,HIGH,Kyber-768,2,0.736,2510,65,4,69,2,137,1088,true
STATIC_768,dev-25,HIGH,15,30,HIGH,Kyber-768,2,0.736,2510,64,4,63,2,313,1088,true
STATIC_768,dev-25,HIGH,15,30,HIGH,Kyber-768,2,0.736,2510,44,2,54,2,399,1088,true
STATIC_768,dev-25,HIGH,15,30,HIGH,Kyber-768,2,0.736,2510,42,2,55,2,366,1088,true
STATIC_768,dev-25,HIGH,15,30,HIGH,Kyber-768,2,0.736,2510,42,5,53,1,312,1088,true
STATIC_768,dev-25,HIGH,15,30,HIGH,Kyber-768,2,0.736,2510,46,2,52,5,291,1088,true
STATIC_768,dev-25,HIGH,15,30,HIGH,Kyber-768,2,0.736,2510,42,2,1748,14,285,1088,true
STATIC_768,dev-25,HIGH,15,30,HIGH,Kyber-768,2,0.736,2510,44,5,51,1,263,1088,true
STATIC_768,dev-25,HIGH,15,30,HIGH,Kyber-768,2,0.736,2510,40,2,49,1,269,1088,true
STATIC_1024,dev-25,HIGH,15,30,HIGH,Kyber-1024,3,0.736,3245,69,2,76,2,306,1568,true
STATIC_1024,dev-25,HIGH,15,30,HIGH,Kyber-1024,3,0.736,3245,62,2,74,1,159,1568,true
STATIC_1024,dev-25,HIGH,15,30,HIGH,Kyber-1024,3,0.736,3245,62,2,74,1,227,1568,true
STATIC_1024,dev-25,HIGH,15,30,HIGH,Kyber-1024,3,0.736,3245,59,2,72,1,346,1568,true
STATIC_1024,dev-25,HIGH,15,30,HIGH,Kyber-1024,3,0.736,3245,60,2,71,1,355,1568,true
STATIC_1024,dev-25,HIGH,15,30,HIGH,Kyber-1024,3,0.736,3245,59,2,72,1,192,1568,true
STATIC_1024,dev-25,HIGH,15,30,HIGH,Kyber-1024,3,0.736,3245,59,2,71,1,252,1568,true
STATIC_1024,dev-25,HIGH,15,30,HIGH,Kyber-1024,3,0.736,3245,60,2,87,2,302,1568,true
STATIC_1024,dev-25,HIGH,15,30,HIGH,Kyber-1024,3,0.736,3245,60,2,71,1,334,1568,true
STATIC_1024,dev-25,HIGH,15,30,HIGH,Kyber-1024,3,0.736,3245,59,2,71,1,304,1568,true
STATIC_1024,dev-25,HIGH,15,30,HIGH,Kyber-1024,3,0.736,3245,60,2,71,1,185,1568,true
STATIC_1024,dev-25,HIGH,15,30,HIGH,Kyber-1024,3,0.736,3245,60,2,71,1,175,1568,true
STATIC_1024,dev-25,HIGH,15,30,HIGH,Kyber-1024,3,0.736,3245,59,2,71,2,370,1568,true
STATIC_1024,dev-25,HIGH,15,30,HIGH,Kyber-1024,3,0.736,3245,60,2,71,1,406,1568,true
STATIC_1024,dev-25,HIGH,15,30,HIGH,Kyber-1024,3,0.736,3245,59,2,71,1,265,1568,true
STATIC_1024,dev-25,HIGH,15,30,HIGH,Kyber-1024,3,0.736,3245,59,2,71,2,375,1568,true
STATIC_1024,dev-25,HIGH,15,30,HIGH,Kyber-1024,3,0.736,3245,60,2,71,2,332,1568,true
STATIC_1024,dev-25,HIGH,15,30,HIGH,Kyber-1024,3,0.736,3245,60,2,79,1,281,1568,true
STATIC_1024,dev-25,HIGH,15,30,HIGH,Kyber-1024,3,0.736,3245,60,2,82,2,166,1568,true
STATIC_1024,dev-25,HIGH,15,30,HIGH,Kyber-1024,3,0.736,3245,59,2,72,2,394,1568,true
STATIC_1024,dev-25,HIGH,15,30,HIGH,Kyber-1024,3,0.736,3245,60,2,72,2,250,1568,true
STATIC_1024,dev-25,HIGH,15,30,HIGH,Kyber-1024,3,0.736,3245,59,2,72,2,137,1568,true
STATIC_1024,dev-25,HIGH,15,30,HIGH,Kyber-1024,3,0.736,3245,59,2,71,2,313,1568,true
STATIC_1024,dev-25,HIGH,15,30,HIGH,Kyber-1024,3,0.736,3245,61,2,72,2,399,1568,true
STATIC_1024,dev-25,HIGH,15,30,HIGH,Kyber-1024,3,0.736,3245,60,2,72,2,366,1568,true
STATIC_1024,dev-25,HIGH,15,30,HIGH,Kyber-1024,3,0.736,3245,59,2,71,2,312,1568,true
STATIC_1024,dev-25,HIGH,15,30,HIGH,Kyber-1024,3,0.736,3245,60,3,130,19,291,1568,true
STATIC_1024,dev-25,HIGH,15,30,HIGH,Kyber-1024,3,0.736,3245,85,13,85,3,285,1568,true
STATIC_1024,dev-25,HIGH,15,30,HIGH,Kyber-1024,3,0.736,3245,65,3,79,2,263,1568,true
STATIC_1024,dev-25,HIGH,15,30,HIGH,Kyber-1024,3,0.736,3245,175,18,156,8,269,1568,true
ADAPTIVE,dev-25,HIGH,15,30,HIGH,Kyber-1024,3,0.736,3245,122,20,152,7,306,1568,true
ADAPTIVE,dev-25,HIGH,15,30,HIGH,Kyber-1024,3,0.736,3245,116,7,139,5,159,1568,true
ADAPTIVE,dev-25,HIGH,15,30,HIGH,Kyber-1024,3,0.736,3245,116,6,142,10,227,1568,true
ADAPTIVE,dev-25,HIGH,15,30,HIGH,Kyber-1024,3,0.736,3245,131,16,92,3,346,1568,true
ADAPTIVE,dev-25,HIGH,15,30,HIGH,Kyber-1024,3,0.736,3245,64,3,74,1,355,1568,true
ADAPTIVE,dev-25,HIGH,15,30,HIGH,Kyber-1024,3,0.736,3245,60,2,73,1,192,1568,true
ADAPTIVE,dev-25,HIGH,15,30,HIGH,Kyber-1024,3,0.736,3245,61,2,73,1,252,1568,true
ADAPTIVE,dev-25,HIGH,15,30,HIGH,Kyber-1024,3,0.736,3245,72,2,73,1,302,1568,true
ADAPTIVE,dev-25,HIGH,15,30,HIGH,Kyber-1024,3,0.736,3245,60,2,73,1,334,1568,true
ADAPTIVE,dev-25,HIGH,15,30,HIGH,Kyber-1024,3,0.736,3245,60,2,72,1,304,1568,true
ADAPTIVE,dev-25,HIGH,15,30,HIGH,Kyber-1024,3,0.736,3245,60,2,73,1,185,1568,true
ADAPTIVE,dev-25,HIGH,15,30,HIGH,Kyber-1024,3,0.736,3245,60,2,73,1,175,1568,true
ADAPTIVE,dev-25,HIGH,15,30,HIGH,Kyber-1024,3,0.736,3245,59,2,72,1,370,1568,true
ADAPTIVE,dev-25,HIGH,15,30,HIGH,Kyber-1024,3,0.736,3245,60,2,73,1,406,1568,true
ADAPTIVE,dev-25,HIGH,15,30,HIGH,Kyber-1024,3,0.736,3245,59,2,72,2,265,1568,true
ADAPTIVE,dev-25,HIGH,15,30,HIGH,Kyber-1024,3,0.736,3245,98,4,73,2,375,1568,true
ADAPTIVE,dev-25,HIGH,15,30,HIGH,Kyber-1024,3,0.736,3245,60,2,74,2,332,1568,true
ADAPTIVE,dev-25,HIGH,15,30,HIGH,Kyber-1024,3,0.736,3245,60,2,89,3,281,1568,true
ADAPTIVE,dev-25,HIGH,15,30,HIGH,Kyber-1024,3,0.736,3245,81,3,88,3,166,1568,true
ADAPTIVE,dev-25,HIGH,15,30,HIGH,Kyber-1024,3,0.736,3245,74,3,88,2,394,1568,true
ADAPTIVE,dev-25,HIGH,15,30,HIGH,Kyber-1024,3,0.736,3245,74,3,89,3,250,1568,true
ADAPTIVE,dev-25,HIGH,15,30,HIGH,Kyber-1024,3,0.736,3245,61,2,71,2,137,1568,true
ADAPTIVE,dev-25,HIGH,15,30,HIGH,Kyber-1024,3,0.736,3245,59,2,72,2,313,1568,true
ADAPTIVE,dev-25,HIGH,15,30,HIGH,Kyber-1024,3,0.736,3245,61,2,71,2,399,1568,true
ADAPTIVE,dev-25,HIGH,15,30,HIGH,Kyber-1024,3,0.736,3245,59,3,72,2,366,1568,true
ADAPTIVE,dev-25,HIGH,15,30,HIGH,Kyber-1024,3,0.736,3245,60,2,71,2,312,1568,true
ADAPTIVE,dev-25,HIGH,15,30,HIGH,Kyber-1024,3,0.736,3245,63,2,81,2,291,1568,true
ADAPTIVE,dev-25,HIGH,15,30,HIGH,Kyber-1024,3,0.736,3245,60,3,73,3,285,1568,true
ADAPTIVE,dev-25,HIGH,15,30,HIGH,Kyber-1024,3,0.736,3245,60,3,72,3,263,1568,true
ADAPTIVE,dev-25,HIGH,15,30,HIGH,Kyber-1024,3,0.736,3245,61,2,73,2,269,1568,true
STATIC_512,dev-26,HIGH,55,60,HIGH,Kyber-512,1,0.857,64939,77,31,71,7,329,768,true
STATIC_512,dev-26,HIGH,55,60,HIGH,Kyber-512,1,0.857,64939,51,5,67,4,325,768,true
STATIC_512,dev-26,HIGH,55,60,HIGH,Kyber-512,1,0.857,64939,49,4,62,3,135,768,true
STATIC_512,dev-26,HIGH,55,60,HIGH,Kyber-512,1,0.857,64939,48,4,63,3,202,768,true
STATIC_512,dev-26,HIGH,55,60,HIGH,Kyber-512,1,0.857,64939,48,4,62,3,218,768,true
STATIC_512,dev-26,HIGH,55,60,HIGH,Kyber-512,1,0.857,64939,48,4,62,3,188,768,true
STATIC_512,dev-26,HIGH,55,60,HIGH,Kyber-512,1,0.857,64939,48,4,62,3,172,768,true
STATIC_512,dev-26,HIGH,55,60,HIGH,Kyber-512,1,0.857,64939,48,4,62,3,262,768,true
STATIC_512,dev-26,HIGH,55,60,HIGH,Kyber-512,1,0.857,64939,48,4,62,3,167,768,true
STATIC_512,dev-26,HIGH,55,60,HIGH,Kyber-512,1,0.857,64939,48,4,62,3,369,768,true
STATIC_512,dev-26,HIGH,55,60,HIGH,Kyber-512,1,0.857,64939,49,4,62,3,182,768,true
STATIC_512,dev-26,HIGH,55,60,HIGH,Kyber-512,1,0.857,64939,48,4,62,3,394,768,true
STATIC_512,dev-26,HIGH,55,60,HIGH,Kyber-512,1,0.857,64939,48,4,62,3,329,768,true
STATIC_512,dev-26,HIGH,55,60,HIGH,Kyber-512,1,0.857,64939,48,17,64,4,359,768,true
STATIC_512,dev-26,HIGH,55,60,HIGH,Kyber-512,1,0.857,64939,49,4,63,3,248,768,true
STATIC_512,dev-26,HIGH,55,60,HIGH,Kyber-512,1,0.857,64939,49,4,103,25,399,768,true
STATIC_512,dev-26,HIGH,55,60,HIGH,Kyber-512,1,0.857,64939,81,15,107,12,329,768,true
STATIC_512,dev-26,HIGH,55,60,HIGH,Kyber-512,1,0.857,64939,34,6,38,2,290,768,true
STATIC_512,dev-26,HIGH,55,60,HIGH,Kyber-512,1,0.857,64939,27,2,42,2,319,768,true
STATIC_512,dev-26,HIGH,55,60,HIGH,Kyber-512,1,0.857,64939,27,2,33,1,153,768,true
STATIC_512,dev-26,HIGH,55,60,HIGH,Kyber-512,1,0.857,64939,26,2,33,1,241,768,true
STATIC_512,dev-26,HIGH,55,60,HIGH,Kyber-512,1,0.857,64939,25,2,32,1,297,768,true
STATIC_512,dev-26,HIGH,55,60,HIGH,Kyber-512,1,0.857,64939,25,2,32,1,389,768,true
STATIC_512,dev-26,HIGH,55,60,HIGH,Kyber-512,1,0.857,64939,26,2,34,1,335,768,true
STATIC_512,dev-26,HIGH,55,60,HIGH,Kyber-512,1,0.857,64939,25,2,32,1,264,768,true
STATIC_512,dev-26,HIGH,55,60,HIGH,Kyber-512,1,0.857,64939,25,2,44,2,187,768,true
STATIC_512,dev-26,HIGH,55,60,HIGH,Kyber-512,1,0.857,64939,30,2,33,1,296,768,true
STATIC_512,dev-26,HIGH,55,60,HIGH,Kyber-512,1,0.857,64939,25,2,32,1,245,768,true
STATIC_512,dev-26,HIGH,55,60,HIGH,Kyber-512,1,0.857,64939,25,2,32,1,212,768,true
STATIC_512,dev-26,HIGH,55,60,HIGH,Kyber-512,1,0.857,64939,25,2,32,1,333,768,true
STATIC_768,dev-26,HIGH,55,60,HIGH,Kyber-768,2,0.857,2510,46,2,54,1,329,1088,true
STATIC_768,dev-26,HIGH,55,60,HIGH,Kyber-768,2,0.857,2510,42,2,50,1,325,1088,true
STATIC_768,dev-26,HIGH,55,60,HIGH,Kyber-768,2,0.857,2510,41,2,136,11,135,1088,true
STATIC_768,dev-26,HIGH,55,60,HIGH,Kyber-768,2,0.857,2510,118,9,136,6,202,1088,true
STATIC_768,dev-26,HIGH,55,60,HIGH,Kyber-768,2,0.857,2510,111,6,132,5,218,1088,true
STATIC_768,dev-26,HIGH,55,60,HIGH,Kyber-768,2,0.857,2510,105,6,131,5,188,1088,true
STATIC_768,dev-26,HIGH,55,60,HIGH,Kyber-768,2,0.857,2510,125,7,133,6,172,1088,true
STATIC_768,dev-26,HIGH,55,60,HIGH,Kyber-768,2,0.857,2510,106,7,131,6,262,1088,true
STATIC_768,dev-26,HIGH,55,60,HIGH,Kyber-768,2,0.857,2510,97,5,97,5,167,1088,true
STATIC_768,dev-26,HIGH,55,60,HIGH,Kyber-768,2,0.857,2510,119,12,64,3,369,1088,true
STATIC_768,dev-26,HIGH,55,60,HIGH,Kyber-768,2,0.857,2510,45,3,52,1,182,1088,true
STATIC_768,dev-26,HIGH,55,60,HIGH,Kyber-768,2,0.857,2510,42,2,51,1,394,1088,true
STATIC_768,dev-26,HIGH,55,60,HIGH,Kyber-768,2,0.857,2510,40,2,50,1,329,1088,true
STATIC_768,dev-26,HIGH,55,60,HIGH,Kyber-768,2,0.857,2510,40,2,50,1,359,1088,true
STATIC_768,dev-26,HIGH,55,60,HIGH,Kyber-768,2,0.857,2510,40,2,49,1,248,1088,true
STATIC_768,dev-26,HIGH,55,60,HIGH,Kyber-768,2,0.857,2510,40,2,50,1,399,1088,true
STATIC_768,dev-26,HIGH,55,60,HIGH,Kyber-768,2,0.857,2510,40,2,74,2,329,1088,true
STATIC_768,dev-26,HIGH,55,60,HIGH,Kyber-768,2,0.857,2510,41,2,49,1,290,1088,true
STATIC_768,dev-26,HIGH,55,60,HIGH,Kyber-768,2,0.857,2510,41,2,51,1,319,1088,true
STATIC_768,dev-26,HIGH,55,60,HIGH,Kyber-768,2,0.857,2510,41,2,51,1,153,1088,true
STATIC_768,dev-26,HIGH,55,60,HIGH,Kyber-768,2,0.857,2510,53,3,61,3,241,1088,true
STATIC_768,dev-26,HIGH,55,60,HIGH,Kyber-768,2,0.857,2510,53,3,60,2,297,1088,true
STATIC_768,dev-26,HIGH,55,60,HIGH,Kyber-768,2,0.857,2510,49,3,58,3,389,1088,true
STATIC_768,dev-26,HIGH,55,60,HIGH,Kyber-768,2,0.857,2510,51,3,57,3,335,1088,true
STATIC_768,dev-26,HIGH,55,60,HIGH,Kyber-768,2,0.857,2510,47,3,56,3,264,1088,true
STATIC_768,dev-26,HIGH,55,60,HIGH,Kyber-768,2,0.857,2510,47,3,59,2,187,1088,true
STATIC_768,dev-26,HIGH,55,60,HIGH,Kyber-768,2,0.857,2510,48,3,58,2,296,1088,true
STATIC_768,dev-26,HIGH,55,60,HIGH,Kyber-768,2,0.857,2510,51,4,58,4,245,1088,true
STATIC_768,dev-26,HIGH,55,60,HIGH,Kyber-768,2,0.857,2510,48,3,57,2,212,1088,true
STATIC_768,dev-26,HIGH,55,60,HIGH,Kyber-768,2,0.857,2510,46,3,58,3,333,1088,true
STATIC_1024,dev-26,HIGH,55,60,HIGH,Kyber-1024,3,0.857,3245,92,4,77,2,329,1568,true
STATIC_1024,dev-26,HIGH,55,60,HIGH,Kyber-1024,3,0.857,3245,61,5,73,2,325,1568,true
STATIC_1024,dev-26,HIGH,55,60,HIGH,Kyber-1024,3,0.857,3245,71,2,85,2,135,1568,true
STATIC_1024,dev-26,HIGH,55,60,HIGH,Kyber-1024,3,0.857,3245,69,4,81,2,202,1568,true
STATIC_1024,dev-26,HIGH,55,60,HIGH,Kyber-1024,3,0.857,3245,67,3,79,3,218,1568,true
STATIC_1024,dev-26,HIGH,55,60,HIGH,Kyber-1024,3,0.857,3245,66,3,80,2,188,1568,true
STATIC_1024,dev-26,HIGH,55,60,HIGH,Kyber-1024,3,0.857,3245,63,3,84,3,172,1568,true
STATIC_1024,dev-26,HIGH,55,60,HIGH,Kyber-1024,3,0.857,3245,82,3,86,4,262,1568,true
STATIC_1024,dev-26,HIGH,55,60,HIGH,Kyber-1024,3,0.857,3245,80,4,94,3,167,1568,true
STATIC_1024,dev-26,HIGH,55,60,HIGH,Kyber-1024,3,0.857,3245,375,33,157,16,369,1568,true
STATIC_1024,dev-26,HIGH,55,60,HIGH,Kyber-1024,3,0.857,3245,147,27,252,20,182,1568,true
STATIC_1024,dev-26,HIGH,55,60,HIGH,Kyber-1024,3,0.857,3245,199,20,105,9,394,1568,true
STATIC_1024,dev-26,HIGH,55,60,HIGH,Kyber-1024,3,0.857,3245,65,4,73,2,329,1568,true
STATIC_1024,dev-26,HIGH,55,60,HIGH,Kyber-1024,3,0.857,3245,60,2,74,3,359,1568,true
STATIC_1024,dev-26,HIGH,55,60,HIGH,Kyber-1024,3,0.857,3245,129,21,147,8,248,1568,true
STATIC_1024,dev-26,HIGH,55,60,HIGH,Kyber-1024,3,0.857,3245,118,9,140,5,399,1568,true
STATIC_1024,dev-26,HIGH,55,60,HIGH,Kyber-1024,3,0.857,3245,118,10,140,6,329,1568,true
STATIC_1024,dev-26,HIGH,55,60,HIGH,Kyber-1024,3,0.857,3245,117,9,141,8,290,1568,true
STATIC_1024,dev-26,HIGH,55,60,HIGH,Kyber-1024,3,0.857,3245,118,10,151,9,319,1568,true
STATIC_1024,dev-26,HIGH,55,60,HIGH,Kyber-1024,3,0.857,3245,116,9,140,7,153,1568,true
STATIC_1024,dev-26,HIGH,55,60,HIGH,Kyber-1024,3,0.857,3245,133,7,139,5,241,1568,true
STATIC_1024,dev-26,HIGH,55,60,HIGH,Kyber-1024,3,0.857,3245,114,7,139,6,297,1568,true
STATIC_1024,dev-26,HIGH,55,60,HIGH,Kyber-1024,3,0.857,3245,132,16,149,11,389,1568,true
STATIC_1024,dev-26,HIGH,55,60,HIGH,Kyber-1024,3,0.857,3245,124,15,149,15,335,1568,true
STATIC_1024,dev-26,HIGH,55,60,HIGH,Kyber-1024,3,0.857,3245,126,16,178,23,264,1568,true
STATIC_1024,dev-26,HIGH,55,60,HIGH,Kyber-1024,3,0.857,3245,137,20,193,16,187,1568,true
STATIC_1024,dev-26,HIGH,55,60,HIGH,Kyber-1024,3,0.857,3245,99,6,123,17,296,1568,true
STATIC_1024,dev-26,HIGH,55,60,HIGH,Kyber-1024,3,0.857,3245,131,11,183,15,245,1568,true
STATIC_1024,dev-26,HIGH,55,60,HIGH,Kyber-1024,3,0.857,3245,162,21,197,15,212,1568,true
STATIC_1024,dev-26,HIGH,55,60,HIGH,Kyber-1024,3,0.857,3245,121,12,92,3,333,1568,true
ADAPTIVE,dev-26,HIGH,55,60,HIGH,Kyber-1024,3,0.857,3245,72,4,80,2,329,1568,true
ADAPTIVE,dev-26,HIGH,55,60,HIGH,Kyber-1024,3,0.857,3245,65,3,78,2,325,1568,true
ADAPTIVE,dev-26,HIGH,55,60,HIGH,Kyber-1024,3,0.857,3245,63,2,75,1,135,1568,true
ADAPTIVE,dev-26,HIGH,55,60,HIGH,Kyber-1024,3,0.857,3245,61,2,72,1,202,1568,true
ADAPTIVE,dev-26,HIGH,55,60,HIGH,Kyber-1024,3,0.857,3245,60,2,72,1,218,1568,true
ADAPTIVE,dev-26,HIGH,55,60,HIGH,Kyber-1024,3,0.857,3245,60,2,71,1,188,1568,true
ADAPTIVE,dev-26,HIGH,55,60,HIGH,Kyber-1024,3,0.857,3245,59,2,71,1,172,1568,true
ADAPTIVE,dev-26,HIGH,55,60,HIGH,Kyber-1024,3,0.857,3245,59,2,72,1,262,1568,true
ADAPTIVE,dev-26,HIGH,55,60,HIGH,Kyber-1024,3,0.857,3245,66,3,72,1,167,1568,true
ADAPTIVE,dev-26,HIGH,55,60,HIGH,Kyber-1024,3,0.857,3245,60,2,75,3,369,1568,true
ADAPTIVE,dev-26,HIGH,55,60,HIGH,Kyber-1024,3,0.857,3245,63,3,85,3,182,1568,true
ADAPTIVE,dev-26,HIGH,55,60,HIGH,Kyber-1024,3,0.857,3245,113,20,147,6,394,1568,true
ADAPTIVE,dev-26,HIGH,55,60,HIGH,Kyber-1024,3,0.857,3245,117,6,138,5,329,1568,true
ADAPTIVE,dev-26,HIGH,55,60,HIGH,Kyber-1024,3,0.857,3245,116,7,141,6,359,1568,true
ADAPTIVE,dev-26,HIGH,55,60,HIGH,Kyber-1024,3,0.857,3245,115,8,139,7,248,1568,true
ADAPTIVE,dev-26,HIGH,55,60,HIGH,Kyber-1024,3,0.857,3245,116,9,140,8,399,1568,true
ADAPTIVE,dev-26,HIGH,55,60,HIGH,Kyber-1024,3,0.857,3245,118,9,156,14,329,1568,true
ADAPTIVE,dev-26,HIGH,55,60,HIGH,Kyber-1024,3,0.857,3245,69,5,92,2,290,1568,true
ADAPTIVE,dev-26,HIGH,55,60,HIGH,Kyber-1024,3,0.857,3245,62,2,74,1,319,1568,true
ADAPTIVE,dev-26,HIGH,55,60,HIGH,Kyber-1024,3,0.857,3245,61,2,73,1,153,1568,true
ADAPTIVE,dev-26,HIGH,55,60,HIGH,Kyber-1024,3,0.857,3245,61,2,71,2,241,1568,true
ADAPTIVE,dev-26,HIGH,55,60,HIGH,Kyber-1024,3,0.857,3245,59,2,72,2,297,1568,true
ADAPTIVE,dev-26,HIGH,55,60,HIGH,Kyber-1024,3,0.857,3245,60,2,72,2,389,1568,true
ADAPTIVE,dev-26,HIGH,55,60,HIGH,Kyber-1024,3,0.857,3245,60,3,73,3,335,1568,true
ADAPTIVE,dev-26,HIGH,55,60,HIGH,Kyber-1024,3,0.857,3245,60,2,72,2,264,1568,true
ADAPTIVE,dev-26,HIGH,55,60,HIGH,Kyber-1024,3,0.857,3245,61,3,1779,43,187,1568,true
ADAPTIVE,dev-26,HIGH,55,60,HIGH,Kyber-1024,3,0.857,3245,224,22,99,4,296,1568,true
ADAPTIVE,dev-26,HIGH,55,60,HIGH,Kyber-1024,3,0.857,3245,67,3,81,2,245,1568,true
ADAPTIVE,dev-26,HIGH,55,60,HIGH,Kyber-1024,3,0.857,3245,120,20,156,7,212,1568,true
ADAPTIVE,dev-26,HIGH,55,60,HIGH,Kyber-1024,3,0.857,3245,122,6,139,5,333,1568,true
STATIC_512,dev-27,HIGH,90,95,HIGH,Kyber-512,1,0.972,64939,83,36,91,11,327,768,true
STATIC_512,dev-27,HIGH,90,95,HIGH,Kyber-512,1,0.972,64939,66,7,82,4,294,768,true
STATIC_512,dev-27,HIGH,90,95,HIGH,Kyber-512,1,0.972,64939,62,6,80,4,351,768,true
STATIC_512,dev-27,HIGH,90,95,HIGH,Kyber-512,1,0.972,64939,62,5,98,5,155,768,true
STATIC_512,dev-27,HIGH,90,95,HIGH,Kyber-512,1,0.972,64939,63,6,77,4,166,768,true
STATIC_512,dev-27,HIGH,90,95,HIGH,Kyber-512,1,0.972,64939,59,5,76,4,278,768,true
STATIC_512,dev-27,HIGH,90,95,HIGH,Kyber-512,1,0.972,64939,59,5,76,4,348,768,true
STATIC_512,dev-27,HIGH,90,95,HIGH,Kyber-512,1,0.972,64939,59,5,74,3,388,768,true
STATIC_512,dev-27,HIGH,90,95,HIGH,Kyber-512,1,0.972,64939,48,4,76,4,299,768,true
STATIC_512,dev-27,HIGH,90,95,HIGH,Kyber-512,1,0.972,64939,58,5,74,4,300,768,true
STATIC_512,dev-27,HIGH,90,95,HIGH,Kyber-512,1,0.972,64939,57,5,91,7,167,768,true
STATIC_512,dev-27,HIGH,90,95,HIGH,Kyber-512,1,0.972,64939,59,6,73,4,422,768,true
STATIC_512,dev-27,HIGH,90,95,HIGH,Kyber-512,1,0.972,64939,50,5,69,5,276,768,true
STATIC_512,dev-27,HIGH,90,95,HIGH,Kyber-512,1,0.972,64939,50,7,66,5,363,768,true
STATIC_512,dev-27,HIGH,90,95,HIGH,Kyber-512,1,0.972,64939,51,6,67,6,233,768,true
STATIC_512,dev-27,HIGH,90,95,HIGH,Kyber-512,1,0.972,64939,52,7,64,4,183,768,true
STATIC_512,dev-27,HIGH,90,95,HIGH,Kyber-512,1,0.972,64939,51,6,65,5,366,768,true
STATIC_512,dev-27,HIGH,90,95,HIGH,Kyber-512,1,0.972,64939,50,6,65,7,329,768,true
STATIC_512,dev-27,HIGH,90,95,HIGH,Kyber-512,1,0.972,64939,52,10,70,9,269,768,true
STATIC_512,dev-27,HIGH,90,95,HIGH,Kyber-512,1,0.972,64939,54,6,68,7,184,768,true
STATIC_512,dev-27,HIGH,90,95,HIGH,Kyber-512,1,0.972,64939,55,10,132,26,407,768,true
STATIC_512,dev-27,HIGH,90,95,HIGH,Kyber-512,1,0.972,64939,97,36,117,23,285,768,true
STATIC_512,dev-27,HIGH,90,95,HIGH,Kyber-512,1,0.972,64939,64,14,72,8,141,768,true
STATIC_512,dev-27,HIGH,90,95,HIGH,Kyber-512,1,0.972,64939,53,8,68,8,195,768,true
STATIC_512,dev-27,HIGH,90,95,HIGH,Kyber-512,1,0.972,64939,52,7,68,6,206,768,true
STATIC_512,dev-27,HIGH,90,95,HIGH,Kyber-512,1,0.972,64939,50,6,91,13,219,768,true
STATIC_512,dev-27,HIGH,90,95,HIGH,Kyber-512,1,0.972,64939,156,15,71,7,383,768,true
STATIC_512,dev-27,HIGH,90,95,HIGH,Kyber-512,1,0.972,64939,65,8,67,20,269,768,true
STATIC_512,dev-27,HIGH,90,95,HIGH,Kyber-512,1,0.972,64939,51,6,66,4,190,768,true
STATIC_512,dev-27,HIGH,90,95,HIGH,Kyber-512,1,0.972,64939,50,5,82,5,218,768,true
STATIC_768,dev-27,HIGH,90,95,HIGH,Kyber-768,2,0.972,2510,85,6,99,4,327,1088,true
STATIC_768,dev-27,HIGH,90,95,HIGH,Kyber-768,2,0.972,2510,90,19,119,15,294,1088,true
STATIC_768,dev-27,HIGH,90,95,HIGH,Kyber-768,2,0.972,2510,89,9,101,4,351,1088,true
STATIC_768,dev-27,HIGH,90,95,HIGH,Kyber-768,2,0.972,2510,78,5,95,4,155,1088,true
STATIC_768,dev-27,HIGH,90,95,HIGH,Kyber-768,2,0.972,2510,79,6,100,5,166,1088,true
STATIC_768,dev-27,HIGH,90,95,HIGH,Kyber-768,2,0.972,2510,79,6,113,6,278,1088,true
STATIC_768,dev-27,HIGH,90,95,HIGH,Kyber-768,2,0.972,2510,76,6,90,4,348,1088,true
STATIC_768,dev-27,HIGH,90,95,HIGH,Kyber-768,2,0.972,2510,78,7,133,11,388,1088,true
STATIC_768,dev-27,HIGH,90,95,HIGH,Kyber-768,2,0.972,2510,93,13,104,10,299,1088,true
STATIC_768,dev-27,HIGH,90,95,HIGH,Kyber-768,2,0.972,2510,119,24,144,15,300,1088,true
STATIC_768,dev-27,HIGH,90,95,HIGH,Kyber-768,2,0.972,2510,98,11,101,6,167,1088,true
STATIC_768,dev-27,HIGH,90,95,HIGH,Kyber-768,2,0.972,2510,81,8,99,5,422,1088,true
STATIC_768,dev-27,HIGH,90,95,HIGH,Kyber-768,2,0.972,2510,184,16,153,16,276,1088,true
STATIC_768,dev-27,HIGH,90,95,HIGH,Kyber-768,2,0.972,2510,129,13,121,13,363,1088,true
STATIC_768,dev-27,HIGH,90,95,HIGH,Kyber-768,2,0.972,2510,82,9,98,4,233,1088,true
STATIC_768,dev-27,HIGH,90,95,HIGH,Kyber-768,2,0.972,2510,79,6,100,6,183,1088,true
STATIC_768,dev-27,HIGH,90,95,HIGH,Kyber-768,2,0.972,2510,81,7,99,6,366,1088,true
STATIC_768,dev-27,HIGH,90,95,HIGH,Kyber-768,2,0.972,2510,78,5,97,5,329,1088,true
STATIC_768,dev-27,HIGH,90,95,HIGH,Kyber-768,2,0.972,2510,91,8,131,959,269,1088,true
STATIC_768,dev-27,HIGH,90,95,HIGH,Kyber-768,2,0.972,2510,123,23,109,6,184,1088,true
STATIC_768,dev-27,HIGH,90,95,HIGH,Kyber-768,2,0.972,2510,80,5,96,4,407,1088,true
STATIC_768,dev-27,HIGH,90,95,HIGH,Kyber-768,2,0.972,2510,78,5,95,3,285,1088,true
STATIC_768,dev-27,HIGH,90,95,HIGH,Kyber-768,2,0.972,2510,77,5,95,4,141,1088,true
STATIC_768,dev-27,HIGH,90,95,HIGH,Kyber-768,2,0.972,2510,78,5,99,6,195,1088,true
STATIC_768,dev-27,HIGH,90,95,HIGH,Kyber-768,2,0.972,2510,477,36,201,18,206,1088,true
STATIC_768,dev-27,HIGH,90,95,HIGH,Kyber-768,2,0.972,2510,92,18,119,18,219,1088,true
STATIC_768,dev-27,HIGH,90,95,HIGH,Kyber-768,2,0.972,2510,89,11,101,6,383,1088,true
STATIC_768,dev-27,HIGH,90,95,HIGH,Kyber-768,2,0.972,2510,79,6,100,6,269,1088,true
STATIC_768,dev-27,HIGH,90,95,HIGH,Kyber-768,2,0.972,2510,79,6,100,5,190,1088,true
STATIC_768,dev-27,HIGH,90,95,HIGH,Kyber-768,2,0.972,2510,77,5,102,6,218,1088,true
STATIC_1024,dev-27,HIGH,90,95,HIGH,Kyber-1024,3,0.972,3245,127,8,167,7,327,1568,true
STATIC_1024,dev-27,HIGH,90,95,HIGH,Kyber-1024,3,0.972,3245,118,7,144,6,294,1568,true
STATIC_1024,dev-27,HIGH,90,95,HIGH,Kyber-1024,3,0.972,3245,116,7,160,6,351,1568,true
STATIC_1024,dev-27,HIGH,90,95,HIGH,Kyber-1024,3,0.972,3245,114,5,138,4,155,1568,true
STATIC_1024,dev-27,HIGH,90,95,HIGH,Kyber-1024,3,0.972,3245,115,5,139,5,166,1568,true
STATIC_1024,dev-27,HIGH,90,95,HIGH,Kyber-1024,3,0.972,3245,115,6,138,4,278,1568,true
STATIC_1024,dev-27,HIGH,90,95,HIGH,Kyber-1024,3,0.972,3245,116,7,137,4,348,1568,true
STATIC_1024,dev-27,HIGH,90,95,HIGH,Kyber-1024,3,0.972,3245,115,7,138,8,388,1568,true
STATIC_1024,dev-27,HIGH,90,95,HIGH,Kyber-1024,3,0.972,3245,118,10,146,10,299,1568,true
STATIC_1024,dev-27,HIGH,90,95,HIGH,Kyber-1024,3,0.972,3245,116,7,137,4,300,1568,true
STATIC_1024,dev-27,HIGH,90,95,HIGH,Kyber-1024,3,0.972,3245,135,8,140,8,167,1568,true
STATIC_1024,dev-27,HIGH,90,95,HIGH,Kyber-1024,3,0.972,3245,117,7,139,6,422,1568,true
STATIC_1024,dev-27,HIGH,90,95,HIGH,Kyber-1024,3,0.972,3245,170,9,147,6,276,1568,true
STATIC_1024,dev-27,HIGH,90,95,HIGH,Kyber-1024,3,0.972,3245,121,6,130,4,363,1568,true
STATIC_1024,dev-27,HIGH,90,95,HIGH,Kyber-1024,3,0.972,3245,103,5,122,3,233,1568,true
STATIC_1024,dev-27,HIGH,90,95,HIGH,Kyber-1024,3,0.972,3245,101,4,121,4,183,1568,true
STATIC_1024,dev-27,HIGH,90,95,HIGH,Kyber-1024,3,0.972,3245,100,4,121,4,366,1568,true
STATIC_1024,dev-27,HIGH,90,95,HIGH,Kyber-1024,3,0.972,3245,101,5,136,4,329,1568,true
STATIC_1024,dev-27,HIGH,90,95,HIGH,Kyber-1024,3,0.972,3245,102,5,120,3,269,1568,true
STATIC_1024,dev-27,HIGH,90,95,HIGH,Kyber-1024,3,0.972,3245,99,4,130,4,184,1568,true
STATIC_1024,dev-27,HIGH,90,95,HIGH,Kyber-1024,3,0.972,3245,100,4,128,4,407,1568,true
STATIC_1024,dev-27,HIGH,90,95,HIGH,Kyber-1024,3,0.972,3245,114,8,141,8,285,1568,true
STATIC_1024,dev-27,HIGH,90,95,HIGH,Kyber-1024,3,0.972,3245,111,7,122,4,141,1568,true
STATIC_1024,dev-27,HIGH,90,95,HIGH,Kyber-1024,3,0.972,3245,101,4,122,4,195,1568,true
STATIC_1024,dev-27,HIGH,90,95,HIGH,Kyber-1024,3,0.972,3245,101,5,122,5,206,1568,true
STATIC_1024,dev-27,HIGH,90,95,HIGH,Kyber-1024,3,0.972,3245,102,5,138,6,219,1568,true
STATIC_1024,dev-27,HIGH,90,95,HIGH,Kyber-1024,3,0.972,3245,116,8,132,6,383,1568,true
STATIC_1024,dev-27,HIGH,90,95,HIGH,Kyber-1024,3,0.972,3245,110,6,124,5,269,1568,true
STATIC_1024,dev-27,HIGH,90,95,HIGH,Kyber-1024,3,0.972,3245,115,9,141,10,190,1568,true
STATIC_1024,dev-27,HIGH,90,95,HIGH,Kyber-1024,3,0.972,3245,112,9,146,6,218,1568,true
ADAPTIVE,dev-27,HIGH,90,95,HIGH,Kyber-1024,3,0.972,3245,116,8,136,9,327,1568,true
ADAPTIVE,dev-27,HIGH,90,95,HIGH,Kyber-1024,3,0.972,3245,116,6,155,6,294,1568,true
ADAPTIVE,dev-27,HIGH,90,95,HIGH,Kyber-1024,3,0.972,3245,118,5,127,4,351,1568,true
ADAPTIVE,dev-27,HIGH,90,95,HIGH,Kyber-1024,3,0.972,3245,117,6,123,5,155,1568,true
ADAPTIVE,dev-27,HIGH,90,95,HIGH,Kyber-1024,3,0.972,3245,101,5,124,5,166,1568,true
ADAPTIVE,dev-27,HIGH,90,95,HIGH,Kyber-1024,3,0.972,3245,115,6,137,8,278,1568,true
ADAPTIVE,dev-27,HIGH,90,95,HIGH,Kyber-1024,3,0.972,3245,113,7,139,9,348,1568,true
ADAPTIVE,dev-27,HIGH,90,95,HIGH,Kyber-1024,3,0.972,3245,148,28,161,13,388,1568,true
ADAPTIVE,dev-27,HIGH,90,95,HIGH,Kyber-1024,3,0.972,3245,122,10,157,16,299,1568,true
ADAPTIVE,dev-27,HIGH,90,95,HIGH,Kyber-1024,3,0.972,3245,154,11,171,11,300,1568,true
ADAPTIVE,dev-27,HIGH,90,95,HIGH,Kyber-1024,3,0.972,3245,137,9,137,4,167,1568,true
ADAPTIVE,dev-27,HIGH,90,95,HIGH,Kyber-1024,3,0.972,3245,130,6,181,5,422,1568,true
ADAPTIVE,dev-27,HIGH,90,95,HIGH,Kyber-1024,3,0.972,3245,156,8,164,10,276,1568,true
ADAPTIVE,dev-27,HIGH,90,95,HIGH,Kyber-1024,3,0.972,3245,140,9,182,5,363,1568,true
ADAPTIVE,dev-27,HIGH,90,95,HIGH,Kyber-1024,3,0.972,3245,179,12,197,5,233,1568,true
ADAPTIVE,dev-27,HIGH,90,95,HIGH,Kyber-1024,3,0.972,3245,147,5,187,5,183,1568,true
ADAPTIVE,dev-27,HIGH,90,95,HIGH,Kyber-1024,3,0.972,3245,140,7,164,5,366,1568,true
ADAPTIVE,dev-27,HIGH,90,95,HIGH,Kyber-1024,3,0.972,3245,132,6,127,17,329,1568,true
ADAPTIVE,dev-27,HIGH,90,95,HIGH,Kyber-1024,3,0.972,3245,69,5,78,10,269,1568,true
ADAPTIVE,dev-27,HIGH,90,95,HIGH,Kyber-1024,3,0.972,3245,61,2,75,2,184,1568,true
ADAPTIVE,dev-27,HIGH,90,95,HIGH,Kyber-1024,3,0.972,3245,108,18,179,8,407,1568,true
ADAPTIVE,dev-27,HIGH,90,95,HIGH,Kyber-1024,3,0.972,3245,130,14,104,9,285,1568,true
ADAPTIVE,dev-27,HIGH,90,95,HIGH,Kyber-1024,3,0.972,3245,85,7,81,3,141,1568,true
ADAPTIVE,dev-27,HIGH,90,95,HIGH,Kyber-1024,3,0.972,3245,61,3,76,2,195,1568,true
ADAPTIVE,dev-27,HIGH,90,95,HIGH,Kyber-1024,3,0.972,3245,59,2,71,2,206,1568,true
ADAPTIVE,dev-27,HIGH,90,95,HIGH,Kyber-1024,3,0.972,3245,59,3,73,2,219,1568,true
ADAPTIVE,dev-27,HIGH,90,95,HIGH,Kyber-1024,3,0.972,3245,60,3,72,1,383,1568,true
ADAPTIVE,dev-27,HIGH,90,95,HIGH,Kyber-1024,3,0.972,3245,59,2,71,1,269,1568,true
ADAPTIVE,dev-27,HIGH,90,95,HIGH,Kyber-1024,3,0.972,3245,59,2,87,2,190,1568,true
ADAPTIVE,dev-27,HIGH,90,95,HIGH,Kyber-1024,3,0.972,3245,61,2,74,2,218,1568,true
